3500 20000
186 163 203 216 246 391 457 607 645 670 777 980 998 1155 1418 1715 1804 1821 1893 1978 2049 2143 2209 2238 2300 2487 2564 2721 2731 2774 2777 2928 3162 3216 3257 3303 3576 3621 3697 3708 4106 4186 4200 4223 4444 4480 4521 4548 4891 4933 4979 5084 5153 5300 5468 5716 6069 6122 6277 6317 6432 6445 6489 6514 6531 6590 6675 6825 7019 7020 7164 7452 7593 7768 7795 7995 8186 8595 8690 8723 8755 8898 8922 9002 9003 9111 9184 9191 9407 9429 9459 9509 9676 9818 9879 9925 9963 9985 10019 10086 10113 10215 10258 10324 10341 10582 10707 10825 11199 11299 11604 11645 11771 11988 12006 12139 12196 12268 12276 12283 12286 12289 12619 12694 12754 12791 12878 12880 12888 12925 13003 13044 13333 13523 13585 13620 13655 13704 13796 13808 13814 13834 13853 14039 14042 14085 14110 14180 14196 14377 14578 14605 14823 14932 15189 15268 15517 15827 16176 16327 16513 16636 16642 16705 16725 16752 16791 16877 16949 17093 17308 17327 17408 17564 17993 18032 18215 18336 18408 18578 18670 18702 19081 19415 19519 19769 19808
186 19 192 500 555 607 702 749 752 948 1072 1218 1481 1528 1937 1954 1978 2006 2118 2325 2365 2643 2702 2792 3072 3198 3268 3288 3386 3469 3684 3692 3898 3974 4053 4526 4542 4553 4732 4907 4965 5106 5261 5268 5286 5287 5402 5409 5667 5886 5945 5997 6018 6180 6182 6188 6191 6322 6570 6573 6655 6657 6660 6764 6930 7033 7094 7241 7299 7330 7458 7546 7561 7587 7614 7640 7879 7883 8069 8071 8079 8144 8300 8711 8776 9051 9059 9096 9536 9604 9904 10019 10043 10088 10225 10446 10497 10507 10601 10725 10848 11049 11097 11241 11423 11480 11567 11586 11604 11652 11784 11908 12014 12044 12045 12078 12274 12332 12382 12385 12438 12481 12529 12591 12617 12830 12860 13073 13216 13525 13597 13604 13924 14089 14377 14414 14466 14644 14748 14941 15277 15555 15635 15638 15680 15771 15846 15892 16199 16202 16280 16287 16392 16513 16519 16971 17002 17080 17098 17163 17435 17478 17563 17699 17798 18175 18177 18205 18415 18437 18479 18579 18703 18918 18928 19043 19061 19065 19088 19093 19147 19167 19186 19314 19354 19568 19710
196 6 118 138 211 334 403 452 534 549 614 637 641 711 787 824 862 863 936 1065 1110 1295 1318 1390 1405 1625 1669 1711 1751 2013 2045 2165 2200 2396 2407 2838 2855 3296 3375 3391 3501 3953 4113 4266 4330 4486 4527 4550 4587 4748 4810 4856 5085 5092 5316 5634 5678 5746 5809 5911 6168 6377 6474 6500 6646 6716 6719 6824 6914 7192 7209 7314 7469 7561 7674 7777 7971 7988 7993 8050 8065 8091 8154 8386 8666 8807 8849 8949 8955 9033 9114 9142 9252 9598 9701 9727 9755 9907 9961 10379 10391 10465 10763 10834 11390 11504 11514 11520 11604 11791 11963 12279 12548 12679 12710 12848 12895 13134 13211 13234 13249 13274 13411 13533 13548 13570 13644 13759 14003 14033 14071 14249 14527 14624 14723 14951 15055 15068 15140 15191 15257 15360 15376 15392 15394 15470 15535 15620 15663 15729 15773 15900 16057 16117 16261 16309 16396 16425 16453 16508 16548 16629 16666 16810 16981 16996 17357 17380 17409 17464 17516 17609 17627 17661 17739 17792 17842 17902 17928 18011 18053 18240 18356 18458 18504 18583 18593 18658 18931 19022 19032 19034 19108 19605 19679 19729 19776
192 247 257 512 850 855 971 1033 1085 1136 1246 1382 1537 1599 1627 1642 1843 1919 1962 2001 2064 2438 2593 2887 2965 3048 3094 3268 3586 3626 3645 3671 3752 3984 4195 4354 4434 4467 4482 4511 4703 4743 4849 4944 4970 5134 5152 5317 5327 5432 5486 5510 5571 5695 5782 6110 6134 6265 6360 6377 6447 6513 6538 6651 6732 6754 6995 7324 7326 7412 7582 7644 7690 7767 7778 7841 7942 8010 8062 8210 8291 8383 8468 8745 9106 9180 9272 9306 9424 9450 10177 10208 10241 10331 10380 10416 10550 10571 10628 10744 10795 10956 10975 10976 11255 11324 11405 11444 11536 11553 11569 11609 11625 11639 11697 11744 11866 11947 12052 12230 12554 12679 13000 13049 13061 13542 13648 13690 13779 13794 13847 13904 14056 14230 14233 14393 14529 14558 14604 14717 14771 14861 14945 14975 15197 15275 15358 15449 15539 15668 15783 15955 16040 16111 16306 16370 16503 16569 16620 16635 16644 16656 16758 16827 16924 17400 17431 17600 17724 18090 18178 18220 18274 18321 18430 18502 18526 18729 18813 18963 19091 19116 19306 19605 19634 19723 19773 19804 19869 19885 19890 19940 19993
218 37 119 188 333 411 449 698 780 795 798 827 903 1012 1095 1128 1275 1316 1370 1699 1861 1946 2034 2119 2237 2302 2619 2658 2867 3221 3316 3355 3479 3643 3664 3732 3914 3931 3954 3956 4134 4194 4377 4410 4664 4693 4831 4979 5016 5066 5195 5242 5355 5443 5579 5718 5911 5970 6209 6251 6441 6531 6684 6727 6735 6749 6789 6884 6950 6959 7009 7026 7157 7226 7315 7432 7553 8052 8106 8149 8259 8549 8589 8820 9009 9164 9322 9427 9443 9449 9477 9517 9702 9746 9936 10077 10147 10159 10278 10364 10385 10400 10411 10595 10622 10627 10875 10958 10974 11061 11072 11168 11304 11309 11543 11582 11645 11732 11846 11967 11979 12098 12113 12186 12271 12353 12458 12625 12759 12899 13012 13075 13113 13230 13256 13563 13757 13774 13875 13883 13945 13954 14004 14129 14180 14226 14308 14601 14774 14880 15023 15074 15304 15324 15331 15335 15384 15444 15452 15493 15603 15799 15981 16048 16120 16161 16184 16204 16236 16465 16480 16489 16515 16634 16661 16849 16914 16960 17252 17282 17448 17472 17696 17715 17731 17845 17910 17953 18035 18111 18127 18194 18321 18454 18514 18546 18626 18656 18669 18927 18945 18968 19022 19103 19113 19241 19261 19299 19393 19573 19598 19664 19705 19743 19805 19878 19904 19909 19952
214 130 141 407 663 668 817 884 982 1061 1270 1289 1314 1391 1425 1477 1525 1819 1984 2238 2309 2385 2417 2506 2621 2637 2653 2779 2826 2949 3001 3123 3177 3193 3479 3565 3578 3795 3997 4012 4256 4433 4654 4704 4791 4815 4939 4999 5243 5383 5484 5497 5618 5662 5922 5978 6027 6032 6147 6201 6560 6564 6691 6762 6785 6977 7087 7116 7168 7291 7364 7425 7453 7481 7525 7595 7642 7756 7965 8288 8444 8451 8514 8865 9066 9160 9205 9413 9417 9751 10005 10041 10050 10178 10186 10272 10485 10690 10697 10712 10838 10977 11160 11345 11466 11745 11871 11935 12049 12151 12162 12176 12177 12180 12221 12276 12404 12435 12456 12713 12781 12838 12971 12994 13083 13093 13165 13279 13347 13390 13724 13974 13977 14044 14575 14705 14728 14730 14758 14822 14928 15061 15076 15218 15369 15590 15595 15721 15775 15870 16000 16015 16023 16109 16113 16174 16185 16232 16329 16346 16426 16456 16493 16537 16612 16628 16684 16826 16840 16962 16963 16975 17113 17128 17148 17217 17221 17296 17430 17434 17463 17469 17498 17504 17524 17530 17622 17737 17758 17768 17949 17963 18001 18158 18200 18238 18321 18377 18434 18539 18730 18773 18807 18944 19042 19093 19166 19217 19430 19432 19478 19627 19778 19917 19938
206 19 67 236 374 382 513 773 844 899 966 1029 1187 1210 1454 1589 1657 1689 1697 1709 1861 2029 2068 2136 2163 2186 2295 2296 2316 2447 2493 2599 2685 2843 2979 3145 3153 3389 3427 3467 3641 4081 4125 4157 4288 4365 4448 4485 4498 4759 4763 4917 5062 5082 5142 5416 5506 5593 5859 6015 6026 6257 6448 6481 6525 6719 6721 7054 7097 7184 7424 7563 7801 7805 7889 7940 8024 8066 8126 8127 8161 8176 8238 8442 8530 8658 8791 8824 8959 9260 9279 9365 9397 9507 9926 9968 10105 10182 10312 10594 10673 10709 10746 10797 10863 11085 11110 11148 11246 11316 11438 11659 11807 11838 11871 11933 11956 11973 11993 12020 12022 12023 12101 12176 12296 12518 12716 12821 12995 13009 13348 13356 13382 13394 13415 13542 13657 13735 13749 13777 13929 14056 14070 14091 14189 14398 14476 14575 14585 14599 14630 14636 14655 14754 14760 14784 14882 14996 15007 15017 15057 15069 15080 15100 15257 15365 15418 15501 15883 15899 15920 16019 16096 16197 16227 16404 16545 16596 16712 16726 16727 16765 16804 16832 17331 17459 17577 17925 18010 18076 18087 18088 18234 18264 18522 18568 18600 18891 19033 19050 19132 19191 19483 19492 19530 19657 19691
213 140 570 610 853 1200 1250 1499 1615 1646 1848 2057 2059 2074 2161 2449 2461 2631 2714 2775 2858 3003 3123 3259 3266 3355 3362 3381 3486 3503 3513 3718 3741 4020 4172 4173 4188 4206 4229 4348 4555 4660 4842 4944 5016 5057 5115 5233 5254 5267 5270 5435 5493 5603 5640 5772 5800 5875 5939 6033 6056 6321 6391 6444 6556 6581 6594 6667 6670 6699 6703 7127 7276 7457 7663 7720 7859 8441 8530 8584 8600 8689 8755 8841 9093 9130 9305 9322 9326 9858 9873 9951 9955 9973 9983 10138 10172 10177 10237 10280 10286 10319 10372 10405 10505 10736 10841 11149 11179 11335 11349 11403 11444 11811 11900 12058 12217 12220 12297 12302 12379 12448 12505 12553 12650 12822 12841 12884 13000 13105 13239 13405 13693 13805 13966 14037 14194 14281 14369 14468 14483 14508 14525 14776 14900 14932 15024 15055 15170 15212 15255 15355 15363 15617 15725 15915 15989 16001 16033 16059 16078 16188 16243 16251 16327 16333 16343 16548 16624 16676 16684 16711 16752 16775 17007 17171 17212 17214 17331 17351 17388 17500 17557 17600 17684 17707 17826 17867 17896 17930 17956 17958 18145 18339 18626 18705 18932 19182 19307 19339 19404 19455 19461 19487 19732 19741 19790 19822 19843 19889 19893 19928 19974 19984
198 10 164 328 335 339 412 645 769 853 899 964 969 1057 1071 1367 1452 1587 1667 1871 1896 1960 1976 1996 2003 2034 2167 2192 2292 2456 2468 2571 2630 2708 2935 2994 3007 3068 3320 3412 3486 3637 3682 3771 3891 3996 4090 4111 4208 4335 4381 4461 4546 4666 4712 4751 4817 4930 5107 5245 5261 5342 5481 5506 5517 5555 5568 5572 5919 5944 5974 6110 6152 6194 6204 6275 6314 6315 6343 6429 6552 6910 7009 7174 7190 7240 7269 7362 7672 7679 7755 7991 8258 8301 8411 8466 8817 8839 8889 8916 9090 9269 9304 9378 9402 9430 9650 9861 9924 9938 9977 10057 10146 10270 10843 11176 11187 11211 11229 11242 11293 11397 11418 11455 11466 11564 11609 11711 11740 11919 11983 12003 12186 12207 12498 12600 13666 13682 13711 13743 14011 14235 14410 14412 14413 14571 14747 14827 14841 14911 14995 15026 15146 15289 15319 15486 15609 15965 15985 16183 16424 16436 16477 16522 16597 16617 16767 16853 17009 17052 17166 17216 17268 17377 17575 17612 17626 17647 17653 17676 17944 18229 18235 18244 18297 18320 18406 18462 18478 18530 19167 19213 19263 19300 19637 19693 19772 19806 19909
180 398 707 833 1002 1151 1261 1446 1569 1589 1665 1676 1719 1731 1745 1764 1944 2071 2149 2192 2242 2622 2658 2705 3154 3208 3234 3279 3486 3672 3908 3921 4053 4081 4170 4433 4649 4947 5131 5147 5154 5199 5221 5337 5444 5542 5649 5828 5983 6176 6334 6368 6405 6492 6669 6682 6992 7055 7193 7542 7559 7603 7621 7876 7937 7949 8031 8092 8161 8175 8179 8192 8230 8247 8814 8984 9015 9080 9189 9198 9220 9364 9368 9417 9455 9473 9577 9710 9755 9791 9969 10101 10140 10181 10219 10357 10549 10728 10757 11069 11091 11116 11151 11237 11245 11297 11392 11721 11864 12161 12176 12244 12686 12687 12865 12878 13138 13244 13555 13648 13655 13853 13907 14013 14455 14488 14535 14718 14752 14880 14883 14905 14972 15003 15240 15289 15349 15377 15435 15453 15521 15542 15704 15706 15728 16062 16185 16201 16396 16458 16601 16710 16765 16766 16954 16993 17034 17188 17199 17284 17655 17683 17695 17770 17894 18135 18144 18154 18369 18578 18588 18650 18667 18713 18791 18807 19031 19210 19321 19768 19853
219 33 38 117 127 280 500 900 913 1015 1032 1072 1102 1171 1195 1198 1211 1284 1299 1309 1419 1577 1627 1646 1720 1822 1923 1979 1992 2063 2273 2354 2389 2621 2683 2701 2808 2999 3031 3149 3154 3323 3534 3623 3776 3958 4051 4102 4105 4115 4189 4195 4529 4611 4740 5028 5063 5102 5215 5288 5295 5347 5449 5500 5662 5839 5952 6009 6077 6102 6104 6112 6139 6144 6154 6195 6269 6308 6314 6378 6791 6915 6938 6964 7279 7340 7416 7519 7535 7901 7955 7957 8029 8066 8091 8228 8273 8347 8367 8436 8544 8609 8692 8698 9143 9257 9276 9331 9413 9423 9446 9624 9673 9700 9777 9783 9956 10066 10313 10332 10515 10583 10721 10856 10879 10962 11054 11099 11117 11182 11210 11307 11327 11336 11381 11507 11601 11612 11803 11821 11826 11878 11885 11918 12033 12095 12386 12413 12425 12545 12552 12571 12642 12665 12699 12758 12803 13226 13263 13466 13471 13511 13789 13923 13983 13996 14101 14237 14263 14336 14582 14644 14702 14730 14938 14971 15053 15195 15217 15227 15559 15861 15890 15894 16177 16200 16270 16319 16545 16580 16584 16613 16633 16680 16832 16972 16986 17241 17302 17342 17388 17512 17613 17632 18002 18074 18139 18395 18510 18558 18605 18696 18733 19050 19219 19342 19350 19434 19626 19685
195 159 649 664 679 725 735 753 777 792 801 936 978 983 988 1130 1287 1316 1459 1462 1535 1857 1862 1996 2142 2147 2153 2219 2410 2475 2497 2686 3130 3327 3332 3432 3696 3871 3903 4082 4143 4145 4327 4509 4540 4580 4591 4942 4958 5077 5158 5732 5773 6090 6107 6449 6501 6678 6753 6765 6798 6946 7217 7269 7323 7441 7446 7489 7493 7592 7595 7642 7717 7817 7828 7879 8094 8313 8522 8533 8596 8605 8773 8949 9077 9086 9112 9177 9383 9532 9556 9618 9670 10033 10132 10209 10210 10265 10287 10313 10322 10332 10417 10453 10519 10594 10632 10887 11029 11057 11125 11178 11269 11312 11363 11380 11424 11494 11585 11587 11737 11811 11886 12071 12172 12192 12286 12385 12479 12570 12592 12617 12730 12732 12750 12781 12814 12816 12868 13032 13091 13105 13153 13158 13318 13367 13376 13377 13512 13558 13572 13962 14065 14095 14308 14414 14416 14807 14822 14868 14943 14980 15067 15111 15174 15311 15335 15401 15779 16154 16709 16765 16897 17020 17039 17051 17327 17353 17576 17730 17749 17766 17828 17967 18047 18557 18699 18710 18757 18913 18931 19133 19529 19666 19674 19689
202 89 304 377 378 448 600 630 665 688 696 742 789 924 1027 1137 1530 1583 1721 1772 1923 2026 2034 2067 2332 2376 2377 2379 2420 2666 2738 2891 3209 3233 3375 3420 3450 3458 3468 3672 3829 3986 4043 4331 4358 4434 4468 4551 4654 4784 4890 5128 5142 5161 5358 5449 5599 5637 5663 5819 5852 6062 6114 6144 6306 6374 6519 6797 6844 6873 6876 6901 6944 6958 6987 7017 7161 7400 7536 7613 7731 7812 7849 7909 7917 8064 8144 8370 8653 8685 8899 8919 8926 9086 9119 9165 9217 9262 9530 9803 9806 9928 10037 10094 10129 10150 10384 10395 10642 10738 10837 11023 11036 11104 11110 11117 11123 11499 11536 11634 11719 11779 11831 11896 11974 11980 11995 12043 12076 12117 12419 12618 12622 12946 12954 13058 13066 13144 13298 13472 13620 13904 14050 14141 14414 14467 14487 14494 14517 14840 15010 15253 15263 15376 15655 15736 15796 15869 15989 16018 16201 16377 16416 16462 16629 16715 16756 16974 17094 17163 17175 17217 17365 17489 17522 17686 17950 17955 18046 18146 18296 18420 18524 18568 18687 18743 18786 18884 19236 19327 19338 19360 19521 19557 19579 19645 19700 19745 19781 19789 19806 19855 19938
228 6 258 486 506 523 627 654 668 814 867 900 955 1329 1433 1466 1479 1490 1617 1731 1791 1824 1831 1853 1914 1922 1924 2001 2187 2273 2280 2324 2434 2522 2546 2583 2612 2671 2707 2730 2745 2867 2921 3046 3068 3378 3420 3573 3780 3803 3851 3927 3965 4124 4380 4383 4454 4568 4787 5103 5145 5340 5482 5495 5601 5622 5859 5930 6082 6128 6152 6181 6231 6366 6403 6432 6441 6609 6622 6632 6732 6827 6930 6961 7027 7072 7203 7210 7265 7315 7523 7613 7775 7794 7874 7930 8110 8116 8141 8176 8354 8357 8400 8449 8717 8728 9118 9303 9316 9377 9443 9530 9790 9913 9975 10283 10328 10336 10337 10436 10496 10652 10675 10785 10844 10948 11079 11146 11158 11410 11430 11497 11604 11655 11667 11921 12001 12013 12042 12122 12124 12133 12297 12317 12384 12600 12651 12674 12705 13004 13046 13108 13155 13175 13181 13239 13351 13408 13524 13617 13637 13915 13964 14000 14075 14092 14394 14516 14569 14790 14808 15012 15080 15100 15457 15493 15523 15555 15746 15829 15841 15895 15904 16128 16142 16242 16639 16669 16830 16941 17152 17153 17222 17235 17310 17402 17405 17506 17535 17598 17618 17790 17816 17836 17862 17922 17957 18000 18011 18035 18064 18111 18439 18463 18473 18726 18728 18994 19042 19089 19150 19374 19491 19533 19535 19586 19673 19805 19937
226 14 90 233 406 580 771 772 884 917 1000 1059 1104 1169 1213 1230 1290 1312 1372 1466 1642 1651 1884 1898 1951 2006 2090 2394 2488 2509 2596 2719 2790 2802 2891 3310 3324 3487 3636 3861 3879 4043 4228 4294 4344 4394 4440 4456 4502 4506 4557 4740 4763 4894 5052 5079 5099 5184 5269 5305 5346 5393 5768 5789 5825 5864 5915 5965 6315 6421 6436 6482 6492 6511 6527 6586 6593 6623 6668 6698 6742 7028 7067 7081 7191 7287 7357 7363 7412 7460 7527 7561 7776 7931 8012 8173 8179 8323 8431 8483 8493 8508 8640 8697 8700 8900 8932 9102 9158 9225 9337 9386 9424 9524 9533 9654 9780 9853 9974 9985 10007 10009 10041 10069 10111 10211 10240 10343 10365 10372 10400 10616 10749 10837 10866 10875 10946 11053 11071 11091 11215 11263 11289 11336 11354 11355 11521 11527 12188 12370 12539 12860 12935 12945 13058 13064 13072 13163 13166 13285 13299 13451 13548 13734 13763 13817 13832 13873 13922 13960 14034 14343 14504 14524 15004 15128 15157 15175 15330 15336 15361 15379 15598 15904 15977 16102 16112 16297 16403 16435 16662 16718 16782 16874 17014 17162 17194 17312 17444 17519 17529 17635 17711 17758 17882 17949 17961 17970 18142 18144 18162 18206 18255 18327 18446 18483 18734 18782 18844 19017 19023 19212 19444 19606 19661 19755 19786
205 143 257 347 428 592 657 853 860 909 999 1007 1013 1106 1180 1233 1264 1410 1414 1557 1711 1795 1917 2109 2168 2264 2567 2574 2651 2767 2858 2938 3120 3121 3191 3224 3380 3502 3553 3557 3578 3593 3787 4024 4029 4299 4437 4526 4609 4638 4699 4747 4870 5374 5386 5388 5672 5716 5761 5784 5934 6029 6055 6356 6401 6417 6418 6529 6613 6810 6960 7037 7072 7104 7136 7164 7229 7294 7351 7381 7476 7490 7686 7693 7709 7881 7889 7990 8062 8075 8145 8346 8374 8707 8854 8910 8948 8969 9219 9298 9413 9614 10008 10057 10152 10328 10373 10553 10721 10728 10877 10953 11152 11280 11356 11512 11584 11594 11595 11601 11609 11816 11839 11891 11931 11973 12001 12049 12140 12264 12345 12352 12356 12367 12502 12521 12603 12644 12821 12831 12973 13001 13204 13224 13305 13383 13832 14164 14196 14321 14462 14487 14501 15043 15066 15149 15248 15277 15338 15589 15663 15812 16194 16233 16418 16493 16531 16547 16548 16554 16723 16817 16859 16937 16966 17067 17120 17126 17307 17676 17905 17956 18030 18084 18101 18169 18172 18173 18184 18283 18471 18521 18756 18864 19061 19078 19085 19093 19138 19490 19518 19535 19749 19810 19946 19949
187 156 241 309 613 661 1005 1046 1268 1297 1480 1549 1553 1622 1759 1830 1840 2117 2136 2213 2355 2397 2685 2833 2876 3227 3237 3241 3304 3330 3501 3534 3578 3639 3688 4037 4255 4364 4518 4545 4592 4676 4738 4783 4830 4905 5305 5454 5571 5572 5641 5752 5777 5865 5870 5978 6025 6086 6168 6219 6484 6782 6794 6814 6940 7011 7159 7219 7248 7306 7346 7477 7483 7670 7718 7835 8285 8297 8478 8490 8693 8836 9035 9087 9240 9405 9441 9466 9684 9718 9748 9823 10021 10417 10440 10459 10512 10563 10616 10678 10702 10796 11171 11179 11371 11622 11731 11750 11996 12046 12181 12399 12562 12569 12689 12755 12784 12819 12844 12984 13147 13213 13299 13310 13331 13434 13440 13457 13468 13522 13526 13572 13818 13864 14033 14047 14054 14108 14148 14207 14231 14404 14466 14617 14621 15061 15139 15168 15498 15649 15758 15789 15811 16042 16329 16396 16402 16473 16690 16922 16945 16952 17103 17584 17609 17687 17728 17772 17825 17888 17976 17990 18158 18233 18456 18559 18562 18797 18969 18983 19250 19492 19542 19579 19756 19768 19798 19873
222 166 277 287 335 370 431 651 796 914 978 992 1054 1081 1084 1092 1111 1214 1255 1265 1289 1304 1329 1434 1526 1581 1613 1671 1820 1834 1842 1922 2108 2126 2240 2317 2397 2692 3209 3235 3385 3402 3516 3519 3606 3611 3993 4005 4098 4151 4223 4315 4450 4475 4734 4743 4925 4965 5193 5334 5360 5378 5549 5581 5657 5754 5780 5852 5870 5875 6014 6253 6268 6500 6672 6695 6726 6744 6753 6873 7023 7032 7062 7125 7289 7319 7325 7377 7405 7555 7692 7745 7800 7913 8020 8082 8110 8151 8352 8401 8432 8657 8716 8849 8917 9054 9080 9159 9217 9436 9491 9532 9583 9661 9780 9812 9826 9896 9925 10211 10470 10567 10580 10652 10711 10752 10768 10814 10841 10967 10993 11074 11180 11206 11349 11435 11470 11673 11807 12042 12202 12265 12425 12451 12464 12572 12729 12752 12842 13085 13243 13363 13632 13637 13797 13809 14028 14057 14125 14129 14312 14370 14414 14416 14490 14631 14694 14735 15027 15039 15284 15348 15532 15560 15658 15699 15879 15932 15998 16007 16169 16315 16487 16584 16717 16808 17064 17144 17181 17238 17275 17328 17418 17427 17465 17466 17490 17628 17692 17700 17825 17849 17982 18027 18031 18344 18384 18435 18458 18720 18888 18946 19022 19026 19068 19080 19201 19265 19302 19615 19626 19832 19990
214 109 264 780 922 943 974 1094 1116 1154 1229 1421 1593 1615 1634 1680 1735 1818 1959 1976 2012 2041 2111 2141 2399 2478 2492 2573 2624 2708 2767 2845 2876 2921 3001 3054 3083 3101 3221 3447 3471 3501 3601 3627 3638 3738 3767 3771 3876 3936 4218 4252 4269 4305 4404 4507 4571 4594 4703 4709 4770 4840 4882 5006 5050 5099 5168 5280 5317 5563 5570 5904 5924 6007 6024 6084 6113 6514 6723 6780 6976 7080 7166 7194 7276 7495 7553 7865 7943 7950 8043 8359 8385 8587 8675 8746 8775 8897 8968 8982 9152 9532 9758 9930 10015 10219 10299 10316 10339 10375 10471 10477 10486 10533 10595 10652 10836 10903 11005 11141 11189 11213 11302 11307 11391 11845 11888 11938 11976 12104 12146 12322 12405 12461 12469 12506 12624 12887 12911 13025 13125 13147 13242 13252 13290 13296 13341 13398 13410 13431 13553 13723 13736 13775 13802 13805 13886 14020 14295 14443 14495 14659 14713 14750 14927 15024 15095 15294 15296 15484 15525 15609 15618 15675 15920 16172 16232 16250 16255 16525 16535 16892 16998 17024 17027 17044 17067 17113 17226 17352 17613 17616 17717 17844 17900 17978 17982 18019 18157 18321 18335 18551 18629 18759 19036 19059 19437 19464 19593 19634 19791 19840 19872 19876 19979
207 155 179 193 363 440 570 575 883 900 1067 1118 1216 1357 1368 1476 1536 1565 1570 1657 1665 1985 2109 2178 2266 2302 2309 2335 2407 2440 2451 3053 3131 3149 3248 3305 3418 3520 3590 3679 3721 3755 3799 4216 4342 4461 4913 4915 4979 5032 5154 5378 5463 5557 5591 5607 5659 5732 5756 5811 5853 5946 6069 6394 6547 6575 6616 6634 6687 6697 6771 6816 7032 7075 7116 7222 7499 7562 7616 7777 7899 7989 8023 8053 8061 8071 8203 8328 8543 8749 8828 9000 9022 9370 9463 9581 9619 9685 9717 9893 9895 9917 9998 10218 10403 10566 10648 10654 10701 10707 10973 10997 11119 11233 11255 11389 11425 11605 11608 11766 11925 11967 11990 12060 12110 12204 12285 12354 12364 12450 12531 12614 12806 12864 12900 12934 13272 13282 13381 13496 13569 13580 13599 13619 13625 14271 14349 14403 14475 14668 14701 14787 14906 14911 15348 15391 15521 15593 15645 15677 15732 15767 15892 15957 16033 16163 16317 16318 16590 16714 16875 17018 17103 17107 17221 17234 17296 17327 17490 17538 17686 17896 18078 18138 18267 18277 18303 18318 18552 18650 18840 18868 18933 19027 19031 19106 19111 19543 19568 19673 19722 19730 19731 19809 19832 19842 19931 19964
229 176 268 435 442 452 512 519 681 693 728 778 1009 1041 1070 1192 1273 1327 1384 1389 1432 1531 1544 1656 1752 1785 1857 1891 2292 2359 2646 2676 2728 3204 3279 3548 3781 4037 4128 4152 4197 4277 4418 4502 4597 4608 4719 4870 4956 4964 5093 5109 5133 5135 5611 5652 5691 5720 5761 5829 5862 5982 6020 6166 6258 6592 6711 6748 6823 6841 6906 6910 6975 7036 7129 7173 7279 7640 7786 7806 7822 7860 7907 8011 8039 8117 8128 8142 8154 8405 8552 8586 8603 8808 8822 8959 9073 9109 9171 9181 9246 9273 9303 9366 9395 9413 9530 9552 9638 9725 9764 9786 9857 10044 10094 10118 10145 10582 10602 10928 10964 11120 11163 11186 11299 11302 11340 11395 11492 11513 11601 11612 11638 11673 11909 11948 12147 12172 12288 12446 12535 12635 12649 12733 12779 12843 12861 12938 13057 13077 13131 13242 13285 13369 13408 13466 13494 13694 13927 14000 14107 14135 14152 14172 14200 14240 14408 14416 14483 14598 14607 14875 14877 14987 15073 15287 15529 15543 15642 15663 15731 15783 15805 15860 15880 15894 15976 16194 16201 16438 16653 16673 16681 16694 16819 16902 16979 17056 17162 17253 17339 17395 17398 17422 17467 17503 17510 17662 17784 17811 17816 17867 17941 17961 18173 18273 18360 18399 18422 18539 18613 18655 19242 19744 19750 19768 19915 19916 19922 19985
212 66 84 102 191 307 325 340 399 463 662 934 981 1059 1354 1819 1955 2142 2189 2199 2218 2354 2395 2601 2857 2966 2985 3042 3096 3143 3285 3321 3591 3641 3652 3753 3782 3894 3910 3985 4039 4082 4216 4238 4241 4296 4390 4438 4464 4471 4475 4530 4764 4767 4875 4978 5221 5256 5281 5325 5405 5449 5644 5777 5979 6036 6154 6160 6300 6322 6363 6496 6641 6652 6698 6790 6841 6858 6891 6952 7019 7058 7089 7109 7198 7612 7654 7872 7899 8003 8023 8113 8189 8266 8295 8339 8356 8545 8713 8747 8763 8824 8948 8965 8992 9720 9931 10130 10211 10215 10246 10510 10511 10538 10625 10632 10645 10862 11082 11121 11172 11274 11411 11830 12013 12047 12098 12335 12450 12490 12603 12700 12724 12733 12746 12819 12841 12855 12894 12958 13502 13818 13940 13954 14055 14176 14204 14238 14254 14356 14425 14464 14526 14596 14687 14874 14912 14934 14937 14988 15024 15082 15306 15355 15376 15637 15815 15837 15946 15991 16145 16416 16439 16562 16580 16611 16627 16874 16996 17015 17023 17150 17205 17397 17477 17493 17516 17567 17631 17644 17818 17883 17908 18005 18159 18253 18488 18687 18689 18785 18813 18846 19035 19141 19220 19231 19304 19361 19417 19433 19559 19622 19882
188 21 189 495 498 502 719 739 853 965 1423 1780 1811 1812 1859 1895 2418 2550 2555 2585 2644 2684 2769 2772 2898 3219 3257 3462 3484 3486 3539 3593 3594 3735 3791 3824 3873 3990 4156 4218 4231 4239 4248 4289 4556 4676 4690 4841 5037 5281 5298 5609 5770 5821 5838 6052 6118 6123 6332 6409 6425 6848 6975 7149 7311 7454 7539 7587 7640 7685 7766 7931 8129 8189 8250 8455 8499 8584 8636 8663 8758 8790 8851 8927 8970 8979 9218 9226 9269 9337 9338 9362 9458 9470 9638 9666 9740 9807 10099 10199 10217 10646 10736 10826 10939 11041 11178 11181 11328 11429 11474 11761 11975 12042 12424 12526 12545 12839 12925 12996 13101 13210 13476 13523 13575 13735 13790 13889 13999 14029 14039 14141 14289 14293 14445 14551 14689 14711 14773 14911 15110 15127 15151 15186 15209 15212 15214 15370 15558 15560 15689 15860 15942 16008 16076 16122 16141 16249 16386 16421 16542 16702 16752 16821 16944 17016 17131 17384 17422 17433 17646 17695 17800 17812 18102 18153 18241 18259 18362 18818 18859 18877 19026 19028 19188 19435 19548 19669 19809
205 171 234 310 316 400 538 619 775 794 950 1008 1080 1484 1572 1628 1650 1708 1748 1804 1818 1830 1991 2012 2103 2181 2271 2341 2370 2396 2409 2422 2470 2511 2518 2555 2893 2907 3208 3287 3583 3811 3892 4001 4014 4125 4282 4423 4451 4507 4588 4595 4657 4740 4780 4791 5266 5444 5467 5653 5689 5692 5834 5912 6102 6185 6253 6656 6816 6912 6920 7109 7137 7207 7268 7423 7500 7690 7704 7864 7883 8016 8065 8145 8148 8242 8310 8346 8474 8554 8589 8677 8703 8772 8861 8892 8901 9071 9403 9520 9660 9680 9698 9882 10070 10099 10111 10141 10296 10326 10374 10509 10649 10660 10741 10846 11003 11031 11040 11061 11108 11338 11361 11426 11625 11658 11823 11965 12016 12069 12199 12448 12564 12594 12622 12691 12699 12886 12913 13092 13387 13470 13510 13549 13557 13662 13680 13699 13877 13967 14000 14079 14196 14318 14366 14472 14474 14672 14851 14920 14973 15171 15435 15445 15481 15596 15632 15659 15668 15720 15798 15865 16053 16129 16190 16267 16557 16756 16861 16879 17389 17444 17449 17453 17496 17513 17533 17606 17829 17875 17968 18002 18072 18422 18430 18523 18588 18754 18848 18854 19260 19500 19784 19856 19957 19991
208 23 175 368 399 580 929 963 970 988 996 1128 1271 1290 1399 1569 1608 1812 1900 1989 2269 2310 2481 2538 2803 2842 2897 2934 3146 3285 3442 3476 3680 3703 3717 3731 3805 3825 3903 3969 4147 4172 4173 4241 4245 4284 4818 4971 5033 5161 5452 5507 5772 5856 6117 6213 6305 6316 6666 6799 6886 6970 7116 7154 7182 7222 7376 7438 7441 7447 7449 7572 7675 7700 7742 7768 7861 7889 8188 8363 8398 8483 8864 9161 9191 9464 9551 9559 9561 9568 9600 9700 9747 10097 10149 10188 10480 10530 10629 10746 10913 10917 10953 10955 10974 11021 11024 11262 11326 11327 11771 11798 11902 12133 12189 12433 12570 12653 12659 12677 12698 12789 12790 13133 13135 13147 13218 13285 13402 13462 13465 13486 13607 13653 13687 13829 13858 13881 13884 13914 13967 14125 14253 14296 14351 14445 14633 14890 14914 14924 14946 15252 15326 15480 15500 15520 15643 15682 15684 15789 15920 16023 16060 16301 16326 16396 16423 16518 16585 16589 16674 16712 16905 16942 17019 17378 17711 17795 17857 17914 17924 17925 18153 18179 18271 18286 18319 18323 18395 18398 18531 18663 18711 18723 18828 18896 18941 18942 19025 19103 19321 19552 19669 19724 19822 19833 19896 19903 19924
191 54 237 593 718 759 779 795 821 857 867 893 1336 1456 1491 1540 1647 1859 2064 2132 2137 2187 2441 2493 2509 2623 2749 2797 2840 2906 2921 3092 3154 3257 3523 3810 3941 3949 4255 4383 4407 4533 4895 4942 5159 5271 5320 5407 5414 5425 5618 5665 5862 5902 6024 6408 6409 6732 6873 6996 7062 7189 7192 7361 7551 7653 7666 7683 7843 8075 8240 8431 8524 8532 8576 8640 8689 8712 8981 8996 9102 9197 9215 9253 9304 9551 9766 9836 9934 9999 10015 10022 10052 10084 10230 10428 10462 10532 10535 10598 10626 10729 10794 10976 11045 11096 11267 11392 11458 11608 11610 11667 11682 11738 11880 12034 12139 12283 12355 12483 12605 12782 13025 13060 13101 13124 13221 13337 13578 13772 13792 13873 13895 13898 13935 13948 13985 14050 14111 14143 14264 14290 14429 14621 14634 14789 14831 14886 14979 15061 15238 15266 15276 15343 15765 15902 15943 15955 15996 16160 16199 16446 16536 16574 16628 17076 17101 17131 17236 17329 17360 17363 17603 17618 17678 17859 17970 18181 18203 18220 18627 18699 18848 19012 19024 19191 19268 19278 19525 19592 19782 19939
191 2 97 130 216 234 262 322 374 456 535 543 670 698 720 794 938 1093 1133 1225 1259 1284 1414 1462 1523 1771 1841 1877 2049 2187 2252 2300 2741 2759 2845 2948 2989 2998 3011 3039 3208 3209 3215 3297 3330 3341 3378 3409 3431 3524 3606 3751 3809 3872 4122 4144 4175 4181 5025 5044 5139 5290 5328 5402 5525 5887 5971 6110 6177 6326 6384 6438 6455 6565 6759 6784 7055 7177 7214 7215 7315 7322 7530 7593 7643 7651 7652 7811 7845 7903 7912 8009 8150 8303 8649 8675 8800 8963 9130 9373 9437 9474 9646 9657 9828 9861 9896 9927 10052 10092 10162 10171 10350 10372 10430 10463 10528 10653 10773 10880 10949 11199 11301 11492 11539 11625 11629 11853 11895 11953 11990 12010 12093 12149 12197 12323 12327 12357 12378 12438 12504 12926 12938 12954 13172 13192 13679 13795 13931 14015 14071 14119 14179 14271 14337 14344 14378 14418 14738 14856 14865 14948 14981 15069 15142 15278 15302 15500 15771 15907 16030 16225 16698 16780 16799 16819 17106 17415 17511 17680 17990 17997 18635 18853 18891 18944 18962 19083 19244 19460 19745 19938
210 86 98 104 195 279 348 484 568 716 979 1229 1281 1305 1406 1465 1542 1656 1732 1803 1872 1914 1925 2143 2258 2287 2353 2370 2659 2667 2814 2818 3023 3114 3197 3215 3596 3787 3791 4069 4157 4194 4249 4284 4338 4454 4461 4471 4503 4539 4609 4615 4989 5015 5033 5138 5263 5340 5399 5442 5470 5517 5735 6029 6043 6251 6383 6586 6601 6686 6691 6819 6868 6902 6909 6940 7049 7071 7097 7213 7263 7268 7308 7351 7360 7676 7764 7977 8051 8138 8320 8473 8611 8663 8765 8847 8908 9076 9143 9218 9471 9586 9605 9703 9831 9838 9867 10234 10312 10338 10776 10780 10843 10845 10855 10938 11017 11101 11127 11230 11568 11925 11941 11971 12069 12075 12079 12180 12381 12429 12718 12828 12964 12978 13014 13070 13139 13173 13208 13251 13368 13529 13541 13606 13610 13727 13738 13823 14089 14098 14144 14203 14514 14607 14633 14685 14735 14748 14772 14852 15061 15136 15408 15455 15770 15788 15902 16049 16057 16117 16165 16282 16329 16332 16413 16451 16457 16720 16831 17029 17063 17065 17206 17330 17351 17398 17532 17559 17586 17730 17853 17946 17997 18005 18027 18161 18193 18200 18312 18408 18488 18631 18830 18856 19167 19174 19450 19592 19702 19921 19928
203 399 516 593 827 908 919 987 995 1008 1019 1232 1293 1296 1360 1377 1396 1483 1490 1537 1542 1576 1578 1896 1914 1971 1978 2146 2273 2325 2532 2533 2650 2731 2914 2945 2964 3094 3123 3124 3181 3292 3380 3533 3567 3611 3690 3878 3901 3928 3943 4019 4077 4317 4343 4346 4362 4389 4464 4646 4728 4745 4872 4990 5186 5302 5305 5314 5431 5660 6019 6051 6190 6221 6238 6275 6709 6815 6955 7167 7397 7602 7663 7908 8103 8181 8341 8399 8498 8527 8622 8726 8736 8781 8901 8912 8949 8993 9199 9229 9356 9372 9378 9411 9818 9828 10134 10252 10272 10463 10526 10801 10939 11078 11079 11232 11240 11273 11384 11389 11413 11489 11691 11705 11927 11956 12007 12012 12159 12265 12369 12485 12516 12602 12717 13084 13159 13232 13261 13319 13405 13458 13532 13643 13689 13708 13778 13882 13944 14032 14127 14186 14366 14458 14463 14499 14562 14585 14672 14813 14857 15020 15106 15510 15520 15596 15651 15726 15753 15938 16046 16118 16217 16269 16302 16526 16701 16714 17111 17172 17495 17982 18015 18093 18142 18194 18226 18237 18240 18255 18531 18542 18564 18593 18709 19311 19414 19441 19512 19599 19790 19895 19901 19916
201 8 189 203 338 376 397 546 605 721 881 888 940 1148 1204 1273 1336 1382 1409 1421 1424 1431 1719 1741 1746 1891 1936 1973 2218 2270 2317 2381 2412 2436 2496 2537 2963 2970 3116 3156 3332 3381 3390 3411 3477 3529 3743 3838 3901 3934 4144 4193 4210 4410 4532 4670 4850 4873 4936 5016 5209 5343 5406 5473 5611 5612 5756 5900 6078 6135 6168 6211 6301 6430 6475 6646 6774 6823 6866 6946 6961 7009 7129 7301 7340 7431 7578 7655 7698 7759 7784 7909 7927 7949 8051 8132 8342 8411 8413 8515 8524 8711 8741 8924 8936 8956 8959 9006 9197 9295 9446 9808 10154 10195 10350 10463 10619 10706 11100 11114 11190 11470 11566 11653 11742 11822 11825 11837 11862 11884 11944 11992 12023 12249 12253 12494 12769 12824 12881 12989 13061 13064 13129 13292 13539 13586 13810 13842 14025 14110 14155 14238 14572 14658 14700 14814 14879 14926 15027 15037 15121 15138 15191 15196 15219 15250 15350 15438 15547 15705 15891 15904 15989 16086 16091 16109 16331 16394 16439 16464 16494 16520 16674 16801 17026 17164 17690 17796 17920 17922 18060 18073 18311 18391 18766 18880 19057 19117 19327 19406 19575 19854
208 151 174 249 358 605 649 657 945 1007 1557 1639 1752 1887 1909 2053 2075 2256 2261 2297 2324 2394 2492 2514 2556 2716 2770 2774 3067 3159 3172 3323 3609 3738 3825 3837 3843 3957 4146 4223 4515 4611 4709 4741 4908 4921 4969 5022 5209 5457 5513 5555 5610 5970 6165 6276 6333 6350 6452 6456 6491 6541 6574 6589 6639 6730 6861 7036 7082 7488 7654 7657 7658 7724 7807 7948 7956 8075 8140 8192 8380 8465 8494 8596 8672 8780 9211 9455 9672 9715 9836 9870 10005 10168 10264 10345 10384 10461 10482 10507 10514 10531 10634 10676 10763 10822 11027 11099 11340 11375 11596 11759 11866 12092 12146 12377 12440 12450 12490 12610 12635 12676 12719 12807 12865 13252 13283 13290 13330 13352 13590 13682 13773 13853 13888 13907 14008 14012 14052 14067 14321 14332 14349 14506 14533 14685 14763 14817 14845 14879 14921 15036 15088 15134 15293 15443 15446 15547 15597 15668 15693 15729 16055 16071 16316 16320 16354 16438 16555 16677 16746 16808 16960 16984 17003 17011 17146 17213 17252 17290 17353 17543 17791 17809 17836 17921 18164 18261 18362 18506 18606 18623 18735 18813 18834 18852 19140 19148 19318 19325 19348 19460 19571 19600 19715 19797 19809 19842 19855
212 56 431 481 672 714 734 755 1060 1062 1070 1094 1295 1364 1394 1442 1458 1572 1578 1747 2218 2239 2307 2319 2512 2607 2654 2730 2745 2966 3009 3180 3349 3614 3659 3673 3735 3836 3967 3986 4172 4187 4189 4382 4639 4742 4845 5214 5390 5490 5574 5617 5765 5809 5821 5931 6124 6177 6328 6424 6510 6827 6898 6904 6945 7075 7079 7114 7227 7240 7249 7294 7354 7404 7692 7766 7793 7901 7935 7959 8003 8039 8147 8194 8343 8468 8603 8713 8792 8818 8882 9112 9262 9292 9574 9617 9727 9728 9817 9831 9845 9897 9920 10167 10243 10254 10262 10286 10338 10413 10447 10457 10531 10713 10751 10890 10972 10982 11120 11141 11167 11383 11463 11582 11630 11844 12019 12048 12360 12371 12537 12591 12595 12612 12671 12775 12906 12917 12930 13063 13367 13416 13512 13633 13639 13697 13746 13776 13880 13889 14081 14158 14247 14355 14594 14612 14655 14823 14849 14871 15242 15250 15264 15275 15313 15377 15404 15613 15733 15768 15819 15881 16029 16304 16576 16599 16923 16976 17015 17111 17277 17359 17430 17600 17847 17880 18048 18085 18095 18157 18293 18342 18471 18533 18566 18572 18646 18760 19027 19133 19266 19303 19312 19427 19444 19481 19570 19585 19642 19673 19685 19848 19885
214 13 129 302 318 324 401 423 485 509 792 810 829 831 866 932 989 1058 1094 1186 1191 1404 1446 1697 1801 1829 1879 2200 2220 2295 2347 2371 2389 2487 2505 2526 2583 2863 2877 2993 3086 3125 3232 3301 3304 3332 3421 3455 3491 3571 3599 3707 3726 3746 3752 3912 3963 4093 4122 4142 4162 4193 4199 4417 4505 4614 4641 4681 4899 4952 4997 5147 5394 5445 5488 5703 5783 5867 5933 6140 6332 6528 6732 6793 6995 7248 7294 7314 7472 7825 7913 7942 7985 8163 8181 8363 8475 8801 8894 8902 8913 9012 9038 9080 9198 9227 9299 9362 9445 9735 10086 10168 10403 10408 10447 10680 10866 10994 11064 11082 11203 11301 11375 11410 11522 11543 11548 11568 11618 11667 11825 11915 12008 12103 12127 12255 12356 12453 12539 12700 12742 12928 12966 13075 13147 13201 13216 13521 13928 13967 14023 14478 14608 14841 14950 15036 15048 15055 15304 15379 15483 15582 15739 15865 15872 16014 16030 16114 16115 16288 16312 16367 16586 16655 16719 16749 16807 16914 16927 17304 17357 17420 17500 17573 17590 17648 17758 17846 18203 18210 18254 18260 18356 18496 18552 18832 18931 18961 19032 19104 19140 19197 19255 19282 19421 19481 19510 19669 19679 19807 19829 19901 19915 19947 19974
185 43 79 120 247 345 721 884 1034 1117 1148 1153 1192 1347 1405 1474 1677 1808 1934 1976 1977 2058 2082 2426 2816 2850 2891 3031 3126 3154 3264 3442 3485 3775 3883 4004 4155 4176 4340 4464 4549 4664 4667 4669 4766 4844 5023 5189 5210 5221 5275 5805 5928 6077 6119 6240 6267 6268 6450 6511 6523 6686 6901 6908 6977 7137 7166 7272 7337 7482 7606 7656 7829 8100 8150 8191 8294 8296 8717 8764 8793 8873 8920 8950 9216 9266 9400 9417 9447 9864 9920 9953 10032 10037 10195 10310 10437 10732 10771 10915 10952 10959 11056 11458 11607 11700 11843 11955 12111 12200 12217 12334 12556 12655 12881 13104 13266 13331 13369 13384 13390 13539 13688 13875 14154 14185 14223 14235 14294 14334 14564 14701 14785 14992 15074 15077 15232 15314 15334 15495 15632 15651 15899 16023 16163 16231 16267 16366 16429 16482 16509 16678 16956 17021 17150 17162 17187 17220 17301 17396 17479 17581 17660 17712 17772 17933 18127 18434 18543 18655 18720 18725 18956 19029 19156 19216 19266 19359 19362 19389 19605 19723 19744 19772 19775 19998
202 121 150 196 203 224 255 336 355 419 451 543 644 687 795 806 849 904 989 1107 1129 1326 1504 1543 1615 1634 1673 1775 1834 2072 2182 2202 2206 2301 2359 2510 2689 2753 2919 2963 3094 3167 3246 3327 3356 3362 3443 3476 3513 3529 3611 3782 3892 4404 4514 4715 4750 4853 5006 5398 5485 5494 5617 5720 5760 5804 5835 5927 6035 6042 6128 6152 6314 6334 6368 6407 6503 6532 6859 6923 7087 7110 7121 7226 7268 7418 7551 7918 8086 8277 8364 8372 8418 8420 8573 8802 8916 8946 8994 9331 9360 9500 9675 9683 9731 9929 9948 9967 10176 10475 10524 10687 10776 10950 10954 10979 11015 11196 11328 11410 11628 11642 12030 12051 12162 12185 12255 12299 12391 12402 12438 12534 12577 12706 12711 12844 12945 13100 13112 13279 13323 13553 13621 13974 13995 14310 14311 14343 14353 14656 14785 15032 15058 15090 15101 15385 15555 15677 15816 15998 16034 16096 16150 16233 16282 16415 16561 16666 16743 16746 16928 16949 16958 17017 17120 17139 17397 17430 17485 17650 17682 17735 17757 17891 17908 18146 18378 18514 18609 18667 18751 18867 18885 18952 19110 19158 19170 19255 19510 19641 19841 19868 19878
189 585 635 731 947 1085 1095 1145 1172 1297 1326 1517 1562 1711 1835 2030 2158 2187 2288 2424 2446 2450 2530 2589 3127 3243 3285 3291 3361 3472 3648 3777 3877 3880 3937 4117 4148 4180 4183 4226 4277 4360 4617 4625 4642 4644 4733 4927 5170 5226 5229 5356 5547 5664 5670 5842 5899 5912 6115 6282 6297 6393 6445 6452 6482 6509 6526 6553 6576 6742 6950 7049 7435 7576 7640 7749 8044 8163 8225 8295 8357 8431 8436 8456 8750 9151 9198 9310 9326 9359 9413 9489 9496 9508 9631 9663 9696 9760 9841 9889 10043 10120 10158 10211 10232 10310 10480 10831 10900 10993 11232 11235 11278 11408 11910 11979 11996 12021 12047 12079 12090 12185 12292 12298 12560 12683 12903 13091 13238 13536 13761 13830 13873 14145 14204 14380 14523 14624 14635 14766 14802 14958 14964 14972 15028 15098 15130 15202 15256 15435 15595 15785 15915 15955 15996 16061 16118 16568 16665 16698 16704 16801 16995 17173 17254 17297 17385 17397 17421 17466 17493 17777 17831 17979 18110 18169 18184 18253 18265 18342 18419 18636 18695 18709 18916 19075 19211 19260 19793 20000
196 150 208 399 406 622 859 901 930 970 1099 1132 1353 1360 1430 1549 1589 1732 2811 2816 2963 3015 3026 3049 3067 3090 3099 3238 3326 3698 3714 3749 3937 3960 4024 4137 4162 4365 4552 4572 4632 4689 4894 4922 5094 5116 5135 5226 5285 5312 5313 5332 5345 5409 5533 5809 5897 5974 6094 6164 6197 6227 6246 6460 6624 6664 6712 6775 6949 7116 7121 7173 7295 7344 7380 7625 7679 7689 7748 7928 8400 8526 8613 8741 8854 9028 9151 9158 9187 9263 9265 9370 9378 9387 9390 9444 9461 9463 9579 9655 9726 9792 9923 10117 10337 10483 10491 10589 10847 10863 11034 11037 11278 11310 11354 11493 11738 11785 12107 12167 12276 12303 12316 12362 12534 12543 12637 12745 12750 12850 12969 13076 13221 13254 13320 13389 13541 13550 13557 13768 13825 13892 14025 14145 14229 14233 14289 14480 14537 14606 14687 15067 15070 15114 15133 15226 15394 15447 15562 15570 15595 15679 15734 15750 15932 15936 16046 16078 16170 16441 16533 16609 17155 17255 17263 17287 17389 17412 17752 18200 18251 18622 18828 18894 18990 18992 19237 19252 19349 19437 19499 19519 19524 19588 19716 19787 19904
208 84 97 203 383 386 459 497 547 649 758 998 1067 1131 1184 1246 1289 1506 1637 1643 1669 1699 1939 2018 2339 2416 2495 2573 2597 2896 2930 3016 3219 3304 3376 3402 3483 3556 3568 3630 3699 3757 3809 3839 3874 3979 4017 4056 4147 4222 4429 4577 4607 4868 5092 5114 5135 5149 5176 5181 5191 5246 5316 5335 5360 5390 5426 5569 5615 5726 5929 5945 6241 6282 6293 6380 6513 6716 6752 6843 6933 6990 7028 7128 7187 7319 7474 7581 7800 7894 7974 8126 8202 8230 8287 8615 8634 8668 9361 9375 9484 9497 9602 9667 9860 9981 10011 10015 10021 10078 10294 10310 10364 10431 10509 10526 10804 10931 10938 11053 11128 11210 11413 11436 11483 11605 11776 11974 12131 12156 12193 12265 12266 12642 12748 12867 13047 13050 13097 13133 13204 13475 13486 13593 13681 13773 13807 13893 14004 14043 14111 14139 14159 14203 14389 14415 14466 14864 14900 14987 15025 15102 15113 15122 15287 15859 16033 16145 16347 16355 16365 16421 16454 16516 16656 16732 16782 16849 16866 17105 17198 17212 17310 17537 17540 17573 17663 17683 17697 17706 17952 18030 18232 18248 18259 18364 18422 18591 18736 18841 19137 19201 19227 19432 19838 19902 19977 19995 20000
211 12 43 99 120 158 337 376 395 410 837 916 1140 1216 1236 1608 1706 2020 2205 2514 2637 2706 2733 2801 2854 2944 2973 3017 3058 3069 3209 3286 3344 3359 3368 3456 3715 3756 3889 4220 4230 4296 4353 4358 4558 4561 4626 4716 4771 4933 5287 5364 5413 5455 5785 5900 5949 6135 6156 6434 6825 6832 6971 7090 7314 7324 7426 7438 7445 7456 7525 7607 7608 7728 7772 7851 8110 8142 8188 8189 8384 8403 8442 8647 8732 8793 8885 8913 9041 9412 9503 9508 9521 9689 9696 9712 9776 9778 9817 10002 10037 10072 10108 10148 10207 10265 10337 10391 10394 10400 10516 10586 10597 10674 10676 10733 10823 10859 10919 10976 11083 11187 11191 11313 11342 11509 11807 12080 12142 12183 12211 12397 12609 12683 12709 12834 12840 13019 13226 13501 13578 13584 13612 13668 13704 13762 13902 14189 14193 14334 14378 14533 14598 14607 14636 14693 14764 14995 15062 15080 15226 15323 15412 15434 15471 15543 15705 15964 16052 16107 16125 16132 16175 16191 16192 16194 16209 16393 16442 16548 16595 16692 16870 16934 17049 17193 17283 17372 17558 17635 17657 17713 17749 17793 17867 17964 18014 18018 18128 18339 18410 18430 19141 19145 19183 19580 19648 19670 19710 19718 19719 19800
213 14 113 130 160 194 198 335 356 438 449 534 591 785 789 872 897 898 922 1261 1346 1370 1574 1756 1779 1798 1861 1889 1923 2035 2099 2324 2461 2490 2548 2787 2832 2867 2932 2971 2979 3009 3023 3024 3034 3046 3269 3301 3584 3591 3701 3723 3792 3796 3880 3885 4091 4442 4450 4485 4545 4590 4693 4785 4818 4851 4941 5099 5159 5180 5323 5344 5353 5393 5411 5462 5531 5543 5618 5987 6127 6262 6291 6348 6470 6533 6561 6584 6648 7033 7162 7188 7196 7320 7409 7447 7785 7896 7900 7916 7934 8155 8160 8253 8351 8369 8486 8595 8667 8770 8940 9064 9077 9197 9228 9404 9405 9443 9721 9753 9786 9954 9968 9970 10026 10027 10100 10106 10127 10162 10301 10315 10440 10448 10594 10603 10675 10831 10855 11038 11045 11071 11089 11121 11361 11454 11570 11748 11846 12123 12214 12335 12452 12699 12748 13003 13010 13026 13101 13370 13621 13734 13810 14058 14301 14316 14557 14603 14658 14798 14903 14922 14943 15002 15131 15245 15411 15771 15831 15918 16111 16133 16351 16411 16438 16471 16477 16623 16731 17509 17629 17634 17682 17732 18112 18145 18268 18389 18456 18486 18542 18564 18634 18719 18781 18836 18852 19003 19137 19155 19158 19294 19311 19457
167 323 348 394 427 497 629 838 861 891 943 974 1225 1431 1493 1656 1709 1791 1913 2158 2211 2462 2624 2625 2694 2725 2904 3114 3153 3196 3241 3268 3345 4022 4191 4272 4357 4522 4544 4600 4617 4778 4933 4939 4943 5126 5311 6068 6305 6468 6598 6602 6922 6969 6981 7112 7380 7553 7633 7876 7927 8033 8112 8127 8255 8317 8376 8441 8769 8826 8903 9130 9168 9177 9214 9492 9624 9642 9664 9675 9695 9702 9752 9880 9911 10155 10277 10313 10410 10447 10594 10596 10717 10877 10903 10948 11020 11165 11525 11630 11658 11776 11839 11900 11940 12178 12643 12787 12919 12994 13289 13296 13300 13490 13573 13587 13774 14013 14138 14176 14230 14567 14634 14728 14884 14951 15038 15194 15269 15451 15843 15845 15891 16188 16313 16376 16408 16439 16620 16678 17100 17215 17275 17737 17742 17855 18114 18163 18282 18297 18396 18407 18488 18953 19074 19162 19189 19235 19317 19380 19451 19487 19655 19706 19707 19715 19728 19794
196 29 435 467 575 799 832 922 936 1340 1373 1449 1486 1619 1727 1741 1847 1873 1897 1978 2001 2134 2309 2324 2378 2445 2580 2603 2949 3219 3223 3410 3433 3449 3709 3834 3924 4162 4224 4456 4541 4574 4679 4730 4799 4852 4981 5031 5090 5378 5515 5596 5664 5688 5868 5885 5975 5979 6356 6363 6369 6374 6400 6477 6618 6831 6963 7017 7078 7119 7196 7259 7398 7434 7798 7801 7935 7937 7959 7961 7979 8002 8079 8144 8246 8309 8324 8734 8808 8836 8847 8869 8877 8938 9342 9384 9400 9446 9509 9530 9591 9615 9681 9717 9897 9985 10095 10211 10395 10533 10599 10784 10808 10860 10949 10957 11011 11082 11097 11208 11355 11368 11448 11662 12054 12092 12180 12241 12291 12357 12404 12545 12558 12570 12783 13303 13377 13384 13600 13628 13681 13711 13714 13768 13836 14120 14165 14273 14510 14578 14677 15094 15121 15271 15334 15435 15665 15694 15811 15866 15927 15933 15995 16080 16095 16126 16262 16266 16315 16417 16464 16577 16832 16833 16858 16963 17106 17474 17586 17823 17874 17906 17934 17964 18193 18255 18268 18270 18438 18608 18652 18815 18836 18990 19577 19621 19753
214 285 306 408 441 506 576 618 845 880 928 951 992 1050 1128 1176 1214 1220 1231 1384 1938 2084 2251 2430 2597 2678 2721 2773 2900 3048 3071 3074 3149 3154 3194 3340 3348 3420 3506 3790 3817 3898 4075 4214 4388 4419 4425 4599 4620 4679 4727 4733 4829 4881 4910 4934 5238 5494 5502 5512 5607 5675 5721 5772 5825 5873 6120 6360 6378 6410 6455 6465 6497 6633 6796 6842 6923 6928 6971 6996 7057 7107 7204 7334 7532 7564 7678 7692 7842 7845 7943 8002 8104 8107 8236 8262 8367 8487 8674 8779 8785 8827 8875 8947 9007 9008 9123 9425 9780 9832 9842 9909 9960 10118 10200 10239 10289 10371 10438 10452 10876 10945 11070 11116 11144 11219 11287 11367 11452 11796 11925 12214 12231 12430 12608 12624 12706 12720 13003 13016 13035 13174 13482 13544 13866 14113 14160 14283 14389 14456 14708 14765 14790 14832 14846 14946 14953 14996 15081 15232 15244 15270 15322 15439 15441 15473 15478 15625 15972 16006 16016 16096 16114 16183 16217 16259 16273 16288 16322 16654 16667 16684 16854 16963 16989 17000 17027 17272 17327 17349 17503 17620 17629 17687 17781 17805 17884 17970 18025 18079 18107 18272 18330 18350 18364 18467 18519 18790 18815 19461 19899 19905 19914 19980 19986
217 107 181 192 203 255 343 360 396 589 615 687 702 787 838 1211 1239 1287 1314 1340 1430 1463 1709 1811 1813 2098 2238 2258 2365 2506 2539 2606 2841 2861 3085 3422 3454 3513 3528 3560 3685 3688 3770 3846 3868 3942 4012 4117 4118 4156 4244 4374 4587 4643 4704 4770 4809 4880 4995 5033 5061 5154 5166 5229 5370 5408 5492 5601 5815 5889 6032 6128 6597 7086 7268 7355 7442 7630 7705 7945 8015 8019 8026 8075 8179 8262 8310 8391 8432 8508 8566 8804 8841 8864 8909 9005 9095 9112 9155 9188 9286 9297 9380 9556 9612 9688 9839 9891 9894 10044 10261 10464 10595 10637 10734 10737 10846 10900 10923 10926 10928 11316 11542 11718 11723 11822 11836 12003 12069 12203 12279 12423 12426 12487 12516 12580 12611 12614 12723 12799 12839 12883 12979 13226 13279 13383 13417 13531 13565 13627 13659 13837 13926 14151 14198 14226 14264 14612 14624 14732 14856 14917 15100 15286 15292 15330 15345 15389 15475 15476 15590 15695 15749 15754 15895 16026 16073 16076 16096 16226 16346 16439 16527 16537 16553 16593 16633 16696 16722 16860 17033 17211 17349 17351 17420 17519 17559 17574 17596 17723 17924 18321 18451 18531 18551 18776 18909 19129 19217 19237 19287 19364 19540 19563 19630 19854 19870 19963
209 250 416 418 438 557 601 933 954 970 989 1213 1457 1498 1574 1579 1924 2116 2151 2193 2228 2304 2368 2380 2432 2478 2663 2665 2731 2750 3015 3029 3039 3044 3083 3139 3239 3335 3449 3738 4016 4248 4256 4430 4435 4454 4506 4744 4749 5033 5153 5273 5506 5522 5602 5663 5828 5835 5989 6035 6088 6148 6314 6350 6355 6405 6562 6893 6974 7038 7125 7358 7456 7473 7529 7795 7808 7906 8036 8091 8285 8369 8530 8541 8635 8677 8712 8716 8839 8901 8967 8971 9631 9720 9863 9867 9880 10098 10334 10341 10346 10531 10533 10631 10680 10681 10704 10964 11172 11180 11361 11474 11583 11695 11732 11757 11851 12006 12054 12120 12170 12249 12401 12555 12796 12825 12874 12912 12953 13072 13482 13613 13631 13657 13694 13734 13806 13848 13854 13856 14066 14109 14144 14227 14299 14339 14353 14411 14414 14605 14622 14652 14797 15044 15048 15181 15405 15484 15497 15506 15631 15730 15810 15838 15866 15949 16064 16068 16169 16193 16200 16247 16327 16519 16592 16606 16792 16806 16941 17015 17053 17223 17241 17253 17275 17410 17430 17504 17563 17690 17833 17870 18033 18124 18189 18218 18307 18323 18341 18381 18714 18727 18771 18877 19058 19073 19232 19451 19679 19862
212 176 357 361 458 607 622 639 770 792 957 973 1109 1147 1180 1205 1377 1415 1449 1673 1716 1778 2051 2251 2277 2404 2555 2573 2637 2858 2874 3076 3151 3177 3230 3233 3354 3366 3385 3471 3561 3693 3743 3888 4008 4077 4106 4163 4239 4243 4273 4410 4498 4518 4637 4707 5019 5431 5456 5500 5537 5553 5560 5629 5709 5748 5752 5761 5824 5900 6043 6085 6260 6272 6273 6334 6509 6678 6721 6740 6775 6836 6878 7231 7254 7441 7609 7616 7680 7727 7791 7886 8069 8130 8196 8228 8326 8329 8415 8422 8490 8519 8529 8796 8804 8825 8914 8961 9187 9338 9396 9443 9453 9692 10034 10156 10369 10400 10459 10529 10580 10692 10750 10801 11376 11403 11404 11770 11839 11857 12161 12279 12314 12407 12553 12651 12659 12715 12774 12776 12840 13132 13231 13269 13395 13437 13526 13655 13695 13802 13871 13929 14321 14438 14497 14506 14545 14655 14672 14869 14939 14944 15075 15110 15166 15210 15269 15387 15453 15635 15704 15799 15889 15961 15969 16205 16456 16627 16634 16693 16812 17204 17275 17305 17392 17400 17465 17646 17873 18060 18072 18145 18285 18306 18323 18406 18461 18531 18538 18559 18639 18664 18715 18734 18768 18810 18950 19082 19683 19692 19721 19806 19935
184 86 126 237 878 948 976 983 1047 1210 1221 1350 1394 1659 1832 1955 2238 2248 2442 2450 2556 2573 2822 2982 3036 3099 3121 3165 3202 3289 3337 3383 3459 3478 3602 3679 3786 3881 4003 4265 4363 4637 4693 4769 4840 4914 4957 5063 5079 5129 5188 5212 5311 5588 5769 5912 6072 6265 6336 6493 6507 6672 6867 6926 6953 7090 7157 7198 7243 7422 7637 7675 7758 8191 8252 8272 8289 8561 8615 8778 8841 8899 8946 9319 9557 9585 9637 9803 10313 10390 10432 10464 10586 10778 10847 11003 11070 11119 11150 11156 11196 11276 11290 11422 11498 11509 11826 11844 11850 11982 12123 12422 12489 12712 12718 12745 12776 13015 13246 13360 13441 13511 13882 13883 14053 14087 14156 14316 14408 14446 14738 14933 14943 14944 14952 15026 15235 15262 15449 15557 15609 15737 15805 16076 16164 16171 16209 16225 16470 16480 16533 16555 16602 16860 16893 16934 17108 17296 17367 17648 17793 17862 17867 17918 17947 18033 18102 18216 18253 18288 18380 18426 18501 18727 18840 18914 18921 18947 19013 19277 19503 19567 19806 19815 19881
195 5 162 248 388 433 515 551 669 676 745 749 907 1237 1381 1392 1400 1430 1491 1512 1748 1872 1894 2026 2331 2536 2638 2741 2757 2770 3071 3178 3194 3311 3789 3844 3999 4134 4160 4236 4546 4666 4742 4786 4869 4942 4947 5091 5134 5221 5276 5460 5531 5540 5547 5687 6036 6087 6118 6225 6267 6543 6557 6578 6895 6973 6977 7059 7074 7086 7186 7465 7495 7731 8170 8233 8285 8318 8324 8446 8472 8617 8897 9013 9043 9105 9155 9313 9378 9584 9867 10118 10177 10369 10418 10440 10578 10881 10960 11136 11272 11316 11318 11387 11428 11442 11586 11694 11764 11973 12029 12061 12098 12429 12522 12697 12788 12858 12877 12946 13088 13163 13454 13461 13610 13934 13953 14075 14259 14299 14531 14714 14811 14975 15017 15028 15218 15395 15550 15566 15715 15737 15744 15761 15780 15785 15799 15921 15964 16251 16290 16298 16325 16385 16589 16619 16661 16663 16792 16813 16969 17025 17114 17119 17149 17323 17349 17458 17640 17683 17727 17795 17850 18122 18133 18239 18365 18395 18438 18636 18650 18735 18760 18797 18856 19012 19237 19253 19343 19443 19610 19623 19781 19827 19837 19997
200 98 134 196 253 255 355 410 765 844 879 1084 1215 1282 1320 1525 1530 1576 1677 1722 1757 1766 1770 2176 2477 2651 2759 2772 2954 2974 3008 3115 3117 3126 3259 3362 3434 3461 3553 3610 3775 3922 4313 4430 4787 4861 5010 5081 5459 5470 5625 5708 5879 5936 6033 6076 6144 6296 6397 6401 6455 6518 6540 6574 6623 6708 6738 6761 6831 6903 6927 7076 7128 7179 7181 7295 7623 7730 7754 7822 7911 7978 7987 8099 8275 8308 8409 8615 8745 8887 9328 9372 9393 9449 9680 9691 10225 10390 10431 10466 10538 10561 10621 10625 10631 10638 10713 10733 10784 10793 10921 11270 11417 11677 11800 11808 11882 11889 12075 12308 12423 12453 12645 12647 12665 12669 12683 12685 12706 12819 12839 12847 12903 12998 13009 13112 13227 13341 13427 13531 13532 13575 13864 13883 13885 14430 14438 14525 14568 14623 14649 15030 15170 15181 15323 15586 15606 15655 15849 15937 16056 16077 16194 16221 16411 16436 16594 16638 16658 16699 17081 17125 17172 17176 17210 17363 17540 17767 18024 18170 18262 18431 18477 18494 18508 18541 18547 18585 18656 18940 18971 18983 19007 19127 19250 19439 19474 19757 19795 19810 19999
200 123 278 365 530 594 622 641 789 891 902 955 992 1011 1088 1249 1256 1268 1364 1499 1553 1615 1672 1709 1881 1950 2574 2698 2725 2984 3013 3093 3177 3209 3249 3308 3310 3312 3356 3450 3456 3554 3596 3818 3876 4031 4034 4062 4153 4387 4576 4677 5138 5379 5418 5454 5495 5525 5579 5761 5799 5885 6086 6139 6210 6218 6233 6273 6413 6424 6430 6432 6632 6785 6946 7443 7510 7602 7608 7739 7876 8092 8152 8192 8287 8511 8560 8582 8709 8979 8987 9122 9305 9315 9368 9464 9550 9774 9928 10297 10303 10351 10354 10371 10449 10620 10698 10947 11140 11144 11255 11262 11292 11360 11434 11478 11644 11839 11874 11933 11972 12247 12475 12545 12635 12747 12805 12844 12851 12880 12909 13073 13183 13393 13595 13891 13900 13904 14100 14259 14380 14702 14711 14889 14906 14952 14980 15281 15633 15842 15855 15942 16001 16167 16275 16297 16343 16564 16617 16838 16890 16909 16923 17059 17099 17337 17500 17586 17609 17650 17705 17790 17931 18091 18127 18170 18195 18201 18206 18330 18352 18409 18474 18495 18795 18818 18836 18958 19154 19235 19305 19307 19422 19600 19678 19740 19866 19899 19920 19928 19995
193 31 102 127 146 162 233 268 373 472 515 565 607 891 951 974 984 1037 1465 1482 1486 1714 1738 1753 1867 1877 2223 2288 2515 2931 3021 3080 3147 3219 3257 3322 3361 3435 3573 3950 4002 4030 4122 4195 4221 4345 4583 4602 4657 4697 4731 4822 4850 4865 4886 4911 4984 4991 5012 5211 5383 5399 5531 5551 5662 5687 5780 5790 6336 6393 6598 6704 6760 6776 6914 6970 7186 7217 7333 7659 7662 7781 7784 7850 7875 7924 8066 8161 8296 8387 8524 8592 8637 8707 9126 9129 9182 9237 9244 9286 9288 9449 9593 9628 9659 9890 10017 10215 10259 10479 10646 10658 10801 11215 11245 11311 11385 11531 11576 11676 11834 11848 12020 12074 12289 12311 12374 12579 12913 12984 13015 13443 13481 13630 13676 13813 13913 14349 14506 14582 14597 14975 15074 15150 15223 15434 15649 15667 15870 16011 16159 16218 16373 16408 16435 16738 16814 16858 16932 16944 17069 17093 17160 17195 17370 17616 17619 17698 17716 17905 18057 18132 18158 18355 18642 18674 18859 18936 18946 19132 19158 19213 19234 19245 19281 19542 19569 19741 19746 19767 19866 19898 19926 19962
209 27 126 207 415 520 570 764 887 983 1132 1253 1378 1414 1562 1574 1610 1863 1883 1962 2144 2154 2168 2315 2352 2399 2556 2609 2613 2664 2801 2828 2837 2898 2944 2982 3010 3175 3221 3222 3525 3608 3721 3767 3783 3919 3926 4036 4068 4103 4390 4489 4490 4589 4879 4896 4951 5085 5133 5236 5248 5387 5411 5434 5499 5562 5695 5790 5828 5906 5939 5953 6142 6195 6563 6640 6741 6769 6923 6995 6999 7021 7200 7294 7410 7423 7576 7600 7687 7739 7834 7942 7947 7979 7985 8053 8355 8367 8488 8530 8548 8588 8922 9242 9290 9870 9912 9953 10092 10131 10137 10190 10269 10305 10373 10551 10627 10638 10758 10771 10785 10879 10977 11041 11170 11234 11379 11395 11511 11645 11757 11759 11793 11888 11922 11927 11952 12040 12126 12547 12818 12840 12981 13035 13070 13212 13232 13327 13334 13614 13691 13877 14044 14180 14417 14426 14490 14505 14513 14647 14663 15111 15247 15403 15404 15409 15450 15564 15627 15708 15721 16043 16103 16154 16155 16163 16173 16211 16252 16340 16655 16706 16780 16797 16812 16963 16971 16977 17114 17198 17440 17777 17808 17824 17934 18047 18075 18306 18430 18437 18511 18604 18780 19037 19127 19129 19174 19727 19763 19940
207 159 168 283 289 370 448 559 863 947 979 1073 1103 1182 1237 1287 1364 1419 1617 1635 1900 1906 2031 2468 2553 2793 2803 2841 2891 2989 3026 3041 3096 3119 3243 3275 3588 3712 3979 4161 4269 4297 4348 4367 4412 4435 4580 4644 4707 4791 4967 5040 5098 5334 5487 5507 5714 5763 6047 6106 6144 6266 6316 6386 6397 6453 6546 6933 7055 7089 7103 7132 7249 7386 7414 7493 7710 7808 7879 7956 7986 8079 8105 8210 8270 8414 8462 8547 8715 8876 8894 8908 8965 9071 9103 9271 9365 9443 9513 9559 9702 9726 9868 10043 10088 10482 10684 10875 10946 10959 11346 11503 11591 11878 11890 11918 12345 12398 12523 12532 12775 12824 12954 12976 13074 13171 13173 13205 13318 13330 13377 13638 13692 13966 14025 14082 14113 14127 14338 14526 14654 14680 14785 14792 15037 15075 15136 15157 15166 15297 15540 15715 15794 15887 15891 15936 16006 16061 16081 16261 16264 16306 16315 16317 16369 16557 16632 16922 16928 16936 16942 17010 17122 17263 17343 17532 17580 17620 17676 17704 17709 17717 17822 17828 18093 18132 18260 18272 18275 18349 18478 18519 18563 18588 18719 18763 18811 19058 19090 19129 19153 19264 19364 19523 19534 19553 19699 19854
221 170 212 443 502 597 688 736 773 790 1011 1027 1060 1142 1312 1418 1629 1635 1822 1953 1961 2040 2254 2261 2432 2479 2488 2729 2769 2785 2889 2895 3001 3023 3062 3093 3268 3275 3337 3354 3419 3538 3661 4085 4264 4398 4408 4411 4622 4743 4808 4850 4930 4969 4975 5138 5338 5403 5472 5478 5506 5654 5762 5783 5821 5835 5846 6036 6130 6321 6381 6419 6485 6676 6881 6912 6943 7143 7221 7233 7282 7652 7656 7709 7759 7764 7790 7802 7809 7863 7927 7979 8039 8097 8106 8164 8181 8491 8528 8646 8650 8807 8856 8953 8956 8984 9093 9585 9610 9682 9818 9925 10127 10217 10313 10321 10440 10494 10499 10520 10522 10773 10848 10868 11033 11039 11098 11143 11161 11381 11832 11855 11952 12157 12242 12294 12322 12340 12443 12505 12662 12789 12880 12940 13031 13045 13109 13231 13285 13300 13485 13650 13730 13740 13794 13803 13935 14036 14091 14093 14157 14249 14357 14368 14491 14499 14667 14690 14822 14860 14879 14900 14943 15032 15050 15190 15197 15269 15408 15798 15873 15893 15948 16084 16139 16432 16468 16542 16661 16716 16762 16800 16845 16898 17109 17118 17243 17260 17335 17421 17598 17660 17746 17777 17870 18201 18320 18337 18428 18582 18605 18691 18716 18756 18815 19033 19367 19406 19491 19681 19718 19944
192 316 366 416 609 915 1021 1098 1112 1231 1254 1399 1588 1631 1684 1733 1916 1977 1984 2254 2477 2698 2791 2909 3113 3117 3140 3170 3174 3175 3367 3380 3463 3479 3747 3821 3905 4002 4089 4133 4245 4338 4412 4689 4738 4791 4896 4989 5013 5079 5113 5122 5147 5207 5249 5330 5496 5604 5610 5688 5794 5935 6055 6179 6264 6425 6475 6580 6629 6665 6831 6852 6932 6979 7010 7101 7202 7271 7410 7414 7423 7429 7491 7558 7599 7731 7769 7884 8057 8146 8375 8426 8456 8636 8789 8833 8910 8930 8939 9066 9076 9249 9699 9747 9825 9974 10059 10171 10185 10372 10450 10688 10692 10709 10844 10947 10991 10993 11255 11264 11331 11336 11356 11695 11828 11951 12405 12429 12433 12456 12804 12831 12990 13010 13032 13081 13112 13178 13184 13252 13590 14016 14214 14544 14831 14844 14886 14930 15114 15265 15313 15344 15505 15513 15577 15584 15694 15780 16073 16154 16217 16454 16506 16508 16794 16980 17060 17154 17383 17709 17836 17910 18191 18266 18281 18316 18509 18528 18716 18784 18857 18871 18930 18982 19042 19056 19127 19353 19423 19590 19650 19885 19986
190 401 403 410 450 490 496 591 760 811 821 948 988 1113 1300 1352 1745 1780 1823 1838 1978 2066 2075 2103 2359 2400 2678 2795 2802 2852 3008 3277 3493 3639 3668 3718 4092 4153 4221 4279 4325 4556 4615 4667 4761 4909 5010 5382 5403 5467 5551 5633 5641 5724 5979 5986 6205 6577 6649 6674 6693 6711 6899 6943 7174 7273 7376 7445 7489 7495 7669 7677 7731 8063 8075 8315 8337 8390 8395 8416 8419 8629 8641 8704 8714 8766 8777 9543 9671 9707 9708 9884 10021 10023 10096 10181 10451 10479 10706 10746 10851 10925 10931 11036 11071 11104 11307 11339 11638 11706 11793 11948 12178 12290 12372 12460 12539 12692 12723 12726 12991 13017 13288 13418 13423 13516 13536 13561 13580 13619 13690 13717 13810 13903 14038 14589 14690 15057 15120 15252 15285 15336 15376 15570 15718 15734 15739 15790 16099 16424 16612 16724 16755 16758 16827 16908 16942 16957 17028 17246 17281 17311 17898 17914 17920 18059 18139 18190 18233 18256 18270 18273 18379 18443 18506 18571 18591 18813 18958 18960 19005 19047 19253 19260 19399 19498 19551 19637 19693 19870 19961
189 37 124 223 317 397 664 666 932 1002 1065 1370 1413 1508 1530 1591 1723 1728 1757 1812 1832 1912 1942 2050 2324 2438 2441 2450 2535 2577 2640 2710 3048 3104 3242 3308 3310 3405 3436 3471 3500 3503 3564 3590 3593 4062 4127 4233 4328 4467 4626 4679 4922 4929 4979 5138 5517 5669 5709 5835 5870 5965 5994 6284 6301 6675 6692 6862 6877 6973 7364 7366 7418 7635 7947 7968 8139 8159 8394 8461 8496 8716 8882 8990 9058 9147 9153 9185 9358 9430 9529 9575 9612 9901 9930 9985 10472 10539 10635 10946 10970 11162 11227 11240 11258 11439 11492 11509 11562 11582 11587 11719 11814 11928 12170 12525 12664 12763 12789 12879 12931 13019 13107 13285 13408 13490 13544 13816 14098 14100 14113 14414 14462 14907 15016 15026 15029 15113 15127 15227 15260 15319 15564 15600 15767 15970 16049 16056 16156 16186 16290 16404 16659 16691 16739 16779 17062 17109 17208 17236 17278 17586 17629 17690 17693 17834 17859 17889 17921 18105 18109 18264 18265 18362 18444 18576 18803 18865 18919 19105 19127 19158 19226 19288 19308 19341 19443 19481 19665 19768
223 30 46 85 155 287 305 498 595 704 794 818 886 890 1034 1123 1312 1611 1629 1648 1697 1837 1876 1976 2012 2069 2102 2137 2202 2311 2340 2416 2583 2635 2739 2784 2908 2939 3027 3120 3151 3182 3330 3425 3499 3672 3678 3893 3961 4054 4356 4406 4437 4461 4482 4488 4499 4654 4759 4771 4780 4786 4830 4850 5037 5176 5278 5340 5394 5465 5610 5819 5976 6053 6092 6120 6179 6237 6309 6438 6500 6650 6782 6812 6839 7000 7079 7112 7199 7313 7386 7393 7533 7663 7704 7906 7916 7933 8084 8095 8141 8231 8254 8353 8527 8557 8831 9166 9237 9374 9523 9531 9673 9679 9710 10033 10039 10093 10118 10309 10360 10586 10596 10675 11148 11236 11263 11311 11390 11396 11397 11402 11572 11759 11783 11911 11920 11962 11979 12159 12423 12424 12481 12594 12654 12827 12905 13321 13359 13371 13701 13745 14051 14125 14183 14331 14376 14442 14549 14564 14567 14586 14777 14788 14870 14896 15228 15234 15368 15445 15550 15725 15742 15957 16071 16074 16109 16124 16269 16286 16348 16384 16430 16511 16641 16705 16894 16917 16927 16967 17203 17253 17379 17381 17413 17497 17537 17594 17743 17815 17834 17856 17951 18199 18200 18225 18432 18660 18684 18910 18966 18987 19011 19073 19132 19206 19235 19236 19365 19637 19848 19869 19872 19896
192 252 260 428 429 505 531 551 578 608 653 756 876 1003 1012 1303 1332 1541 1559 1605 1631 1645 1677 1916 1977 1987 2032 2071 2119 2184 2193 2292 2542 2757 2888 2948 3115 3124 3259 3424 3425 3515 3557 3602 3796 3912 3940 4035 4170 4256 4442 4471 4629 4712 4811 4924 5115 5239 5356 5617 5770 5828 6004 6168 6189 6192 6413 6417 6457 6518 6547 6603 6689 6771 6971 7043 7078 7242 7330 7447 7518 7589 7706 7718 7759 7764 7874 8078 8117 8168 8218 8224 8263 8324 8367 8444 8583 8635 8756 8846 8886 9021 9116 9138 9140 9239 9592 9837 9841 9867 9929 10043 10179 10261 10359 10426 10497 10603 10691 10764 10781 10816 11079 11194 11203 11237 11788 12122 12313 12609 12679 12765 12864 13052 13189 13217 13309 13388 13504 13539 13540 13586 13668 13693 13715 13980 13996 14059 14092 14286 14468 14717 14897 14956 15008 15112 15407 15617 15741 16175 16183 16297 16539 16551 16714 16766 16883 16994 17164 17199 17405 17448 17486 17636 17736 17795 17982 17985 18246 18431 18540 18612 18744 18751 18791 19111 19214 19291 19424 19608 19616 19841 19881
201 267 363 863 899 1147 1283 1386 1535 1551 1552 1776 1815 1940 2287 2301 2352 2438 2672 2704 2705 2813 3017 3160 3167 3238 3366 3380 3542 3592 3668 3687 3865 4076 4093 4156 4576 4775 4862 4899 4909 4919 5033 5332 5356 5388 5403 5482 5494 5530 5565 5717 5813 6101 6117 6127 6136 6290 6436 6518 6648 6747 6810 6967 7037 7077 7079 7134 7178 7318 7393 7407 7458 7546 7551 7564 7816 7937 7943 7950 7978 7997 8067 8375 8468 8560 8666 8782 8853 8926 8953 8959 8961 8998 9187 9509 9711 9735 9886 10019 10065 10197 10235 10245 10294 10352 10407 10458 10480 10722 11153 11166 11276 11337 11358 11499 11566 11745 11804 11839 12030 12290 12497 12588 12689 12705 12834 12856 12960 13090 13105 13216 13244 13396 13402 13531 13604 13741 13968 14022 14044 14125 14147 14261 14283 14375 14418 14543 14544 14622 15024 15202 15262 15283 15305 15350 15445 15460 15545 15617 15712 16005 16089 16215 16305 16342 16745 16814 16954 16975 17136 17146 17330 17387 17451 17613 17767 17828 17897 17974 17993 18081 18255 18347 18577 18596 18718 18824 18857 18954 19204 19246 19348 19388 19416 19449 19503 19542 19679 19742 19763 19864
199 9 49 206 492 707 743 775 780 919 941 951 962 1035 1065 1257 1736 1844 1882 2113 2156 2314 2465 2512 2596 2618 2712 2859 2891 2996 3117 3204 3427 3541 3662 3676 3771 3782 3792 3966 4124 4147 4223 4274 4355 4564 4711 4851 4855 4927 5043 5085 5161 5196 5356 5397 5432 5625 5764 5800 5997 6000 6241 6467 6513 6543 6595 6709 6717 6724 6761 6766 6838 6840 7049 7112 7160 7274 7517 7578 7655 7797 7934 8038 8161 8222 8384 8389 8574 8586 8803 8921 8942 9096 9176 9367 9592 9619 9628 9681 9697 9707 9714 9748 9754 10209 10210 10230 10300 10352 10367 10444 10596 10617 10648 10746 10748 10804 10944 11004 11012 11327 11412 11518 11564 11828 11977 12394 12419 12817 12957 13023 13053 13263 13328 13435 13613 13750 14090 14189 14227 14289 14533 14548 14649 14692 14791 14963 14994 15068 15072 15136 15282 15301 15345 15424 15445 15477 15547 15602 15724 15747 15887 15915 15936 16118 16122 16454 16455 16463 16533 16541 16582 16613 16859 17017 17098 17317 17479 17554 17746 17815 17978 18230 18337 18338 18350 18402 18478 18653 18789 18907 19086 19245 19436 19559 19588 19882 19904 19969
195 208 229 365 421 467 549 697 759 769 773 824 910 919 1068 1277 1437 1594 1906 1947 1949 2004 2024 2202 2268 2304 2373 2377 2479 2543 2684 2722 2809 2981 3127 3177 3265 3360 3376 3378 3386 3604 3709 3887 3983 4049 4160 4288 4465 4672 4929 5058 5110 5150 5289 5374 5460 5524 5624 5726 5930 5954 5981 6073 6081 6192 6312 6407 6497 6802 7031 7082 7142 7184 7224 7356 7405 7410 7414 7427 7723 7862 7947 7986 8015 8025 8066 8089 8107 8143 8219 8246 8309 8313 8509 8790 8942 9143 9185 9229 9404 9492 9512 9918 10054 10129 10155 10199 10310 10364 10529 10576 10829 10896 10913 10942 10970 11026 11515 11635 11684 11732 11886 11932 12342 12368 12417 12460 12541 12731 12881 12903 13025 13228 13229 13238 13337 13619 13642 13893 14092 14178 14290 14295 14414 14512 14662 14833 14879 15055 15218 15483 15721 15780 15804 15938 16065 16132 16173 16187 16248 16302 16444 16535 16604 16646 16894 16986 17071 17086 17137 17220 17291 17675 17689 17962 17985 18008 18047 18085 18099 18211 18249 18779 18882 18902 18994 19018 19219 19272 19441 19479 19836 19857 19891 19941
181 39 94 192 241 471 793 1411 1624 1649 1684 1772 1899 1923 2079 2296 2370 2421 3173 3305 3476 3490 3566 3760 3829 3923 3950 3977 4008 4467 4633 4711 4728 4763 4823 4956 5009 5118 5162 5186 5195 5269 5521 5562 5583 5614 5709 5861 6250 6309 6347 6475 6479 6509 6524 6577 6600 6782 7026 7321 7412 7443 7458 7474 7615 7658 7736 7818 8233 8236 8484 8570 8782 8802 8861 8988 9029 9439 9730 9742 9765 9808 9830 9914 10001 10145 10396 10551 10797 10970 11218 11263 11275 11430 11444 11461 11519 11556 11584 11599 11684 11882 12054 12059 12265 12656 12746 12799 12812 12982 13223 13319 13349 13393 13456 13723 13777 13807 13817 13944 13979 14132 14366 14567 14584 14716 14718 14812 15024 15047 15074 15174 15185 15409 15455 15518 15584 15718 15934 16134 16160 16168 16307 16415 16574 16694 16883 16955 16995 17118 17133 17204 17258 17279 17302 17337 17386 17494 17532 17590 17620 17766 17840 17896 18127 18170 18253 18559 18563 18652 18711 18719 18843 18872 18945 19068 19217 19451 19492 19530 19563 19977
201 431 452 480 574 707 766 774 894 923 969 1212 1272 1363 1407 1507 1772 1788 1804 1903 1974 1987 2001 2020 2081 2257 2271 2356 2357 2398 2596 2623 2678 2767 2989 3203 3268 3342 3357 3416 3463 3674 3705 3942 4369 4564 4565 4984 5112 5300 5329 5438 5484 5572 5818 5858 5865 5882 5903 6013 6016 6389 6521 6922 6995 7403 7429 7485 7503 7580 7644 7706 7737 7860 7875 7884 7929 8116 8179 8206 8509 8532 8577 8626 8722 8733 8772 8837 8971 9136 9407 9461 9476 9843 9860 9985 10135 10232 10306 10384 10567 10604 10817 10947 11233 11319 11465 11511 11523 11633 11638 11796 11936 11977 12329 12353 12526 12532 12623 12624 12657 12699 12708 12859 12905 12994 13055 13118 13227 13285 13425 13532 13694 13788 13993 14082 14098 14201 14273 14279 14321 14368 14464 14467 14490 14501 14655 14838 14866 15361 15396 15452 15600 15668 15674 15731 15766 15805 15850 15959 16098 16248 16250 16289 16377 16468 16558 16702 16791 16809 16908 17061 17107 17150 17178 17271 17316 17396 17508 17632 17706 18013 18075 18187 18203 18232 18370 18642 18729 19025 19027 19100 19126 19171 19181 19266 19658 19756 19787 19791 19861 19934
211 50 91 98 100 248 262 408 547 694 714 1113 1126 1168 1193 1280 1383 1477 1507 1576 1692 1718 1736 1896 2079 2103 2317 2375 2598 2863 3045 3057 3233 3629 3647 3698 3939 3963 4254 4388 4404 4614 4772 4834 4848 5062 5074 5115 5306 5321 5437 5450 5543 5933 5972 6034 6122 6221 6319 6392 6527 6590 6750 6790 7017 7023 7068 7086 7101 7210 7242 7285 7326 7527 7643 7710 7778 7826 7888 7922 8028 8035 8122 8131 8144 8394 8468 8527 8652 8687 8762 9095 9152 9179 9518 9529 9581 9882 9930 10005 10103 10190 10318 10391 10412 10425 10710 10852 10864 10872 10969 10983 11092 11108 11141 11228 11638 11665 11685 11764 11875 12026 12172 12326 12357 12358 12419 12429 12438 12669 12706 12795 13110 13383 13661 13837 13869 14156 14180 14336 14353 14394 14567 14638 14746 14837 14879 14912 14926 14940 15086 15180 15206 15609 15652 15677 15750 15752 15861 15886 15920 15962 16003 16078 16237 16316 16637 16708 16722 16775 16957 16985 17058 17114 17202 17319 17337 17349 17394 17408 17449 17452 17492 17630 17675 17896 17910 17911 17980 18009 18104 18273 18316 18440 18569 18585 18622 18698 18729 18766 18932 19041 19119 19135 19188 19433 19485 19619 19967 19970 19978 19991
166 269 317 335 363 563 588 638 715 903 927 955 992 1097 1181 1239 1401 1523 1582 1603 1712 1868 2040 2325 2546 2566 2586 2666 2740 3060 3132 3404 3572 3729 3782 3910 3956 4310 4423 4426 4771 4826 4827 4893 4936 5294 5354 5461 5510 5577 6359 6451 6461 6532 6675 6795 7114 7142 7221 7234 7482 7662 7882 8147 8487 8505 8544 8652 8802 8928 8975 9061 9487 9790 9902 10071 10166 10201 10252 10377 10458 10542 10764 10852 11054 11066 11229 11329 11337 11438 11592 11628 11637 11940 12067 12068 12350 12424 12435 12653 12724 13169 13179 13308 13384 13484 13718 13782 13822 13864 14054 14074 14188 14494 14496 14514 14566 14610 14677 14766 14888 14938 14971 15309 15336 15475 15493 15570 15929 15985 16120 16415 16487 16683 16705 16770 16857 16873 16963 17144 17168 17323 17433 17564 17624 17682 17864 17951 17990 18059 18150 18189 18211 18255 18321 18384 18472 18744 18752 18793 18806 18950 19252 19323 19705 19774 19986
197 68 95 118 216 314 429 440 474 541 546 652 709 769 837 959 971 991 1005 1030 1054 1151 1252 1564 1774 1830 2019 2186 2450 2508 2698 2720 2783 2871 2908 3054 3060 3065 3120 3141 3212 3257 3308 3548 3805 4074 4187 4193 4222 4318 4517 4910 4931 5145 5228 5286 5357 5480 5708 5962 6032 6061 6066 6276 6307 6332 6379 6397 6410 6485 6487 6524 6559 6581 6733 6919 7147 7233 7264 7651 7706 7729 7768 7777 7894 7949 8030 8193 8360 8576 8613 9154 9175 9225 9228 9265 9307 9434 9586 9612 9700 9758 9955 9982 10187 10212 10371 10438 10840 10909 10918 11048 11311 11412 11580 11657 11671 11733 11798 11822 11891 11973 12004 12175 12309 12326 12354 12408 12525 12672 12675 12743 12810 12898 13011 13015 13040 13084 13149 13187 13352 13611 13717 13985 14104 14232 14241 14260 14378 14392 14534 14649 14751 14979 15270 15280 15328 15554 15568 15589 15602 15648 15655 15706 15830 15870 15969 16444 16587 16588 17073 17158 17471 17541 17709 17846 17878 17943 17989 18121 18253 18360 18455 18541 18569 18620 18721 18801 18858 19075 19159 19581 19672 19783 19800 19855 19908 19918
191 67 187 259 445 595 638 669 840 988 1154 1378 1476 1565 1624 1644 1704 1723 1946 2148 2250 2301 2363 2465 2607 2632 2684 2768 2807 2847 2887 2912 3026 3067 3116 3172 3194 3244 3289 3302 3357 3543 3558 3803 3880 3947 3964 3991 4122 4137 4198 4324 4562 4620 4766 4818 4890 4896 4915 4943 5145 5217 5297 5338 5343 5457 5496 5628 5691 5692 5712 5763 5886 5906 5948 6100 6247 6260 6745 6750 6761 6817 6962 6965 7078 7095 7127 7171 7405 7623 7679 7882 8053 8205 8326 8517 8538 8542 8768 8879 9202 9446 9902 9918 10291 10415 10474 10566 10668 10675 10762 10989 11002 11038 11142 11195 11397 11503 11810 11841 11882 11941 12017 12071 12729 12730 12843 12892 13284 13442 13636 13643 13783 13815 13817 14046 14178 14448 14615 14693 14886 15130 15171 15321 15344 15440 15473 15479 15599 15676 15723 15733 15848 15925 16173 16316 16577 16625 16753 16930 17117 17187 17256 17302 17482 17484 17609 17671 17776 17793 17951 18140 18404 18461 18667 18727 18792 18805 19093 19114 19136 19149 19218 19236 19272 19298 19420 19438 19487 19614 19761 19928
182 80 98 124 378 504 554 662 700 858 969 975 1112 1157 1169 1171 1185 1335 1406 1459 1633 1724 1926 2043 2133 2148 2192 2491 2658 2898 3321 3407 3587 3638 3648 3814 4064 4290 4650 4787 4997 5010 5175 5186 5204 5265 5432 5486 5526 5565 5674 5843 6014 6067 6236 6294 6327 6333 6474 6535 6640 6641 6886 7097 7267 7277 7423 7599 7612 7652 7672 7675 7741 8095 8213 8299 8349 8372 8430 8459 8832 8847 8952 9011 9021 9054 9488 9496 9638 9749 9827 9991 10022 10152 10166 10312 10346 10444 10509 10720 10830 10845 10916 10989 10995 11148 11257 11297 11324 11330 11396 11549 11563 11608 11711 11718 12010 12212 12639 12720 12898 12945 13231 13244 13780 14074 14094 14143 14223 14255 14459 14466 14804 15015 15022 15093 15209 15210 15275 15302 15313 15401 15487 15774 15866 16064 16186 16366 16424 16472 16489 16503 16635 16901 17256 17421 17440 17500 17505 17847 17855 17932 18178 18337 18364 18450 18560 18689 18709 18820 18826 18849 18953 19021 19100 19204 19208 19215 19240 19286 19352 19626 19960
211 175 602 680 732 734 772 820 823 874 894 924 1009 1018 1265 1342 1356 1439 1614 1744 1888 1946 1965 1998 2064 2131 2156 2419 2613 2644 2700 2773 2801 2813 2840 2951 3029 3161 3266 3336 3478 3561 3714 3720 3737 3746 4010 4088 4320 4326 4351 4437 4827 4918 4947 5188 5296 5498 5651 5653 5657 5692 5702 5720 5860 5974 6016 6155 6354 6355 6400 6620 6681 6732 6738 6955 7072 7109 7124 7125 7316 7390 7488 7781 7886 8102 8134 8202 8563 8589 8623 8629 8729 8895 8897 9168 9269 9416 9711 9767 9779 10013 10108 10138 10209 10337 10392 10436 10505 10511 10705 10742 10844 10880 10966 11000 11009 11187 11416 11504 11553 11822 11907 11945 11976 12106 12177 12190 12200 12273 12296 12513 12579 12636 12735 12742 12818 12964 13071 13077 13120 13259 13376 13494 13611 13678 13736 13795 14168 14232 14251 14402 14437 14516 14550 14553 14580 14693 14725 14891 14906 15018 15070 15080 15211 15342 15469 15509 15561 15630 15658 15798 15860 15952 15993 16129 16145 16272 16324 16400 16458 16460 16464 16491 16575 16631 16907 17095 17204 17353 17378 17435 17469 17623 17735 18093 18112 18115 18425 18534 18540 18858 18883 18962 19121 19215 19369 19405 19481 19651 19702 19918
162 29 98 414 472 493 635 657 666 731 830 851 863 1062 1394 1594 1717 2162 2284 2359 2386 2387 2410 2654 2693 2746 2747 2810 2884 2920 2944 3029 3058 3166 3422 3507 3680 3696 3879 4028 4125 4147 4250 4546 4930 4970 5015 5220 5234 5296 5635 5727 6062 6096 6109 6120 6197 6278 6317 6333 6531 6660 6751 6823 7034 7199 7489 7528 7757 7946 8214 8259 8392 8538 8641 8658 8732 8768 9081 9085 9122 9390 9856 9909 10027 10315 10733 10736 10792 10857 10992 11247 11613 11681 11741 11777 11907 12243 12257 12346 12373 12376 12453 12513 12951 12971 13167 13257 13557 13625 13659 13893 13900 14085 14114 14153 14472 14532 14568 14955 15067 15091 15215 15351 15388 15412 15503 15514 15845 16022 16115 16340 16381 16491 16620 16637 16722 17148 17175 17342 17428 17494 17517 17613 17675 18016 18194 18321 18401 18493 18506 18734 18891 18939 18959 18975 19043 19189 19264 19326 19684 19855 19925
193 284 449 517 580 629 696 727 738 846 904 1012 1097 1102 1169 1245 1307 1605 1626 1906 2068 2273 2359 2366 2518 2595 2788 2847 3259 3334 3397 3454 3465 3512 3754 3771 3816 4004 4046 4065 4174 4196 4503 4636 4784 4965 4991 5085 5092 5482 5492 5575 5876 5956 6104 6116 6154 6355 6573 7030 7054 7204 7288 7367 7548 7578 7748 7897 7960 7970 7975 8154 8174 8195 8201 8338 8618 9070 9103 9144 9189 9261 9440 9638 9701 9759 9827 9927 10059 10085 10137 10149 10277 10453 10554 10584 10703 10766 10892 10912 10948 11063 11168 11247 11341 11361 11387 11501 11606 11724 11743 11753 11899 11922 11926 12104 12273 12431 12454 12549 12557 12631 12855 12944 12968 12972 13176 13190 13260 13318 13401 13432 13615 13812 13843 13887 13919 13984 13991 14025 14068 14191 14691 14794 14952 15171 15351 15360 15430 15529 15608 15659 15724 15743 15748 15788 15799 15936 16002 16081 16156 16332 16349 16384 16599 16827 16832 16982 17018 17062 17153 17289 17444 17472 17617 17787 17824 17836 17840 17894 18024 18131 18264 18416 18538 18628 18709 18842 18844 18873 18963 19508 19532 19885
204 163 292 366 402 598 1199 1250 1254 1647 1686 1728 1740 1868 1895 2042 2230 2298 2322 2411 2494 2565 2665 2841 2903 2965 3106 3112 3143 3262 3376 3702 3720 3848 3949 4000 4170 4217 4294 4438 4615 4632 4657 4702 4711 5012 5242 5247 5353 5543 5714 5854 6116 6125 6212 6256 6281 6327 6346 6485 6607 6780 7158 7269 7270 7368 7514 7521 7625 7650 7736 7903 7927 8000 8145 8183 8194 8267 8401 8608 8829 8851 8944 8964 8993 9043 9092 9328 9393 9509 9546 9736 9881 9896 9930 10033 10036 10039 10107 10314 10588 10656 10665 10685 10746 10796 10895 11029 11042 11241 11247 11290 11376 11395 11610 11749 11943 12023 12276 12303 12580 12690 12769 12863 12913 13021 13210 13238 13447 13501 13563 13628 13773 13799 13899 14031 14076 14230 14523 14624 14625 14641 14819 14882 14925 14983 14997 15031 15066 15127 15144 15314 15435 15473 15480 15570 15595 15643 15725 15825 16031 16086 16094 16121 16137 16227 16248 16322 16546 16679 16703 16807 16926 17023 17274 17349 17596 17806 17940 18053 18137 18233 18253 18361 18426 18431 18500 18504 18524 18556 18854 18983 19022 19075 19098 19100 19111 19166 19333 19405 19437 19493 19573 19586 19900
220 156 316 361 440 651 693 777 905 946 1112 1230 1316 1414 1689 1741 1800 1854 1890 2066 2240 2322 2370 2415 2439 2450 2548 2741 2753 2785 2833 2834 2876 2888 3166 3294 3337 3521 3847 3854 3873 3932 3970 4008 4058 4072 4115 4203 4209 4222 4464 4545 4634 4653 4724 4838 4959 5033 5459 5528 5598 5687 5895 5942 5981 6080 6195 6198 6392 6401 6469 6749 6865 6979 7073 7116 7195 7384 7414 7489 7527 7569 7613 7834 7890 8203 8204 8236 8407 8432 8484 8570 8589 8692 8763 8799 8826 8832 8884 8944 8993 8994 8996 9047 9101 9214 9646 9665 9730 9845 9897 10206 10404 10456 10457 10502 10509 10547 10609 10661 10688 10785 11072 11251 11299 11339 11450 11497 11657 11673 11999 12139 12455 12466 12472 12522 12616 12651 12762 12773 12863 12882 12921 12924 12928 12962 12971 13079 13119 13122 13210 13229 13316 13405 13435 13518 13590 13709 13747 13963 14296 14370 14412 14444 14445 14495 14497 14604 14664 14668 14838 14858 14863 14877 14979 15092 15203 15218 15307 15370 15407 15536 15566 15637 15747 15794 15824 16019 16182 16390 16540 16596 16753 16798 16990 17107 17130 17208 17263 17486 17488 17519 17647 17759 17780 17863 18109 18135 18214 18257 18317 18510 18542 19479 19748 19808 19831 19848 19927 19996 20000
221 63 320 466 519 655 812 824 861 899 902 913 987 1200 1208 1290 1571 1658 1677 1727 1786 1789 1801 2002 2066 2260 2290 2338 2436 2460 2461 2550 2596 2680 2744 2912 2913 2950 3039 3134 3145 3153 3158 3217 3341 3392 3396 3610 3689 4103 4130 4139 4186 4216 4397 4438 4577 4658 4803 4833 4851 5114 5459 5468 5706 5775 5899 5993 6139 6216 6413 6533 6596 6597 6709 6787 7020 7095 7122 7161 7178 7267 7343 7359 7418 7457 7484 7489 7503 7553 7597 7674 7682 7740 8037 8068 8076 8197 8233 8330 8368 8696 8714 8725 8782 8954 9009 9182 9207 9283 9371 9610 9706 9721 9741 9819 9881 10039 10108 10350 10391 10419 10457 10600 10722 10742 10776 10814 10860 11008 11016 11017 11476 11503 11565 11636 11659 11801 11883 11994 12006 12016 12133 12192 12411 12555 12657 12676 12690 12900 12971 13096 13244 13304 13373 13429 13455 13575 13628 13712 13837 13844 13901 13986 14401 14512 14811 14842 14848 14913 14917 14951 15111 15115 15159 15231 15427 15511 15581 15606 15701 15813 15865 16009 16059 16183 16281 16299 16746 16928 16994 17025 17142 17158 17601 17634 17745 17762 17925 17956 18005 18037 18076 18100 18186 18187 18233 18409 18430 18434 18495 18635 18795 18861 19070 19077 19542 19549 19567 19678 19731 19855
181 223 225 844 983 1001 1252 1286 1294 1419 1528 1615 1745 1759 1795 1867 1899 1945 1981 2036 2063 2371 2436 2526 2573 2593 2620 2625 2643 2762 2922 3347 3375 3402 3615 3865 3946 4033 4061 4246 4504 5634 5685 5793 5842 6036 6068 6147 6152 6254 6368 6429 6435 6448 6640 6701 7140 7243 7248 7313 7335 7514 7548 7671 7809 7863 7981 8015 8103 8126 8143 8189 8319 8529 8626 8769 8774 8937 9012 9083 9586 9620 9627 9755 9805 9914 10273 10451 10655 10711 10723 10761 10951 11057 11073 11116 11138 11460 11865 11958 12171 12222 12377 12423 12603 12651 12713 12716 12845 12941 13030 13175 13294 13325 13425 13465 13539 13582 13989 14104 14185 14265 14268 14273 14352 14458 14687 14817 14842 14884 15015 15216 15247 15511 15606 15846 15895 15943 15972 16088 16108 16361 16528 16547 16553 16559 16591 16765 17077 17135 17165 17367 17398 17475 17574 17575 17616 17700 17924 18089 18123 18301 18321 18335 18351 18357 18439 18835 18935 18995 19027 19053 19148 19177 19198 19292 19377 19457 19475 19663 19769 19898
211 57 180 186 211 238 257 297 330 332 519 835 949 970 1157 1197 1236 1293 1488 1497 1810 1890 1906 1937 1939 2036 2633 2691 2710 2758 2832 2891 3316 3388 3494 3500 3617 3737 4022 4068 4117 4192 4439 4521 4525 4605 4620 4634 4797 4802 4827 5012 5150 5591 5641 5660 5702 5719 5784 5899 5915 5948 6032 6065 6512 6526 6577 6592 6720 6857 6904 6992 7081 7085 7260 7287 7341 7423 7437 7537 7727 7933 8035 8320 8352 8916 9003 9028 9047 9071 9126 9161 9310 9441 9582 9660 9706 9787 10089 10125 10192 10209 10215 10224 10302 10566 10609 10620 10645 10758 10789 10800 10866 10944 11026 11060 11073 11123 11194 11207 11271 11299 11420 11523 11529 11538 11642 11896 12095 12133 12294 12347 12370 12459 12557 12708 12889 13105 13125 13164 13176 13192 13536 13843 13964 13972 14020 14029 14064 14247 14314 14325 14349 14449 14604 14683 14687 14789 14860 14904 14976 15102 15181 15293 15405 15427 15495 15499 15547 15555 15821 15969 15972 16002 16173 16179 16322 16355 16360 16953 16991 17163 17173 17467 17546 17584 17631 17659 17700 17759 17794 17841 17860 17874 17928 17947 17986 18059 18178 18211 18310 18411 18468 18843 18917 19011 19095 19133 19248 19304 19677 19704
213 66 81 284 319 330 470 543 740 925 1012 1038 1159 1289 1416 1456 1568 1780 1860 1877 1912 2361 2362 2437 2639 2678 2782 2810 2913 2942 3014 3028 3166 3222 3295 3409 3517 3792 3847 3913 3933 3975 4007 4008 4075 4157 4200 4483 4485 4506 4678 4718 4862 4921 5092 5505 5927 5967 5989 5990 6012 6107 6119 6163 6244 6513 6609 6673 6718 6768 6782 6809 6896 7010 7249 7325 7529 7545 7756 7788 7800 7986 8103 8254 8338 8447 8837 8935 8938 8958 8973 9025 9113 9177 9301 9350 9421 9451 9468 9494 9676 9683 9701 9829 9869 9904 9949 9961 10004 10065 10096 10111 10172 10254 10330 10357 10533 10586 10786 10808 10938 10947 11077 11160 11311 11374 11463 11475 11477 11543 11606 11869 11897 12287 12443 12541 12588 12729 12732 12894 12957 12997 13181 13294 13320 13373 13374 13433 13450 13582 13713 13804 13850 13900 13916 13934 13948 14180 14197 14237 14322 14684 14718 14755 14917 15060 15231 15234 15301 15426 15450 15585 15698 15813 16017 16196 16246 16300 16383 16451 16844 17049 17057 17111 17212 17302 17355 17451 17490 17550 17648 17937 17955 17975 18162 18212 18479 18530 18624 18660 18776 18876 18923 18984 19092 19144 19234 19413 19538 19553 19628 19735 19761 19800
197 156 224 260 589 604 786 963 968 1038 1046 1241 1362 1653 1780 2026 2215 2240 2295 2333 2385 2535 2608 2674 3091 3247 3349 3387 3618 3641 3701 3788 3834 4093 4196 4282 4321 4453 4490 4572 4596 4603 4651 4676 4679 4686 4978 5006 5087 5211 5221 5365 5486 5608 5742 5773 5900 5906 5928 6026 6220 6433 6481 6482 6485 6583 6589 6657 6999 7111 7157 7216 7231 7234 7367 7590 7597 7606 7739 7828 8224 8294 8367 8465 8495 8559 8750 8895 8934 8950 9134 9376 9514 9565 9571 9699 10212 10339 10387 10390 10399 10425 10870 10962 11001 11034 11180 11238 11477 11821 11884 11898 12374 12518 12539 12604 12946 12994 13027 13101 13349 13397 13402 13432 13547 13626 13637 13725 13833 13881 14061 14086 14140 14154 14313 14399 14409 14436 14689 14721 14747 14965 14991 15122 15145 15153 15320 15463 15572 15619 15741 16071 16072 16128 16135 16212 16282 16310 16343 16368 16427 16491 16621 16730 16756 16798 16980 17001 17203 17297 17416 17484 17648 17705 17748 18087 18166 18184 18219 18231 18247 18259 18265 18501 18528 18546 18701 18775 18932 19035 19138 19194 19257 19260 19324 19477 19575 19589
185 6 25 136 205 538 599 701 864 932 1202 1229 1234 1286 1312 1369 1878 1894 2037 2106 2151 2172 2413 2468 2480 2513 3003 3033 3048 3241 3260 3331 3348 3564 3584 3685 3705 3829 3852 3901 3926 3993 4034 4219 4292 4628 4735 4774 4815 4842 5042 5351 5515 5820 5864 5942 6029 6051 6189 6390 6424 6439 6541 6598 6737 6751 6766 6830 6840 6877 6929 7410 7560 7620 7647 7654 7732 7852 7917 8146 8513 8559 8570 8752 8872 8985 9134 9364 9400 9582 9587 9702 9748 9811 9882 9918 9935 9947 10184 10209 10455 10516 10684 10794 10812 10834 11054 11122 11161 11339 11655 11788 11847 12013 12137 12233 12374 12413 12416 12589 12722 12980 12984 13245 13292 13353 13373 13387 13446 13923 14015 14486 14526 14546 14598 14649 14677 14799 14818 14914 14972 15040 15146 15185 15243 15268 15306 15406 15425 15432 15480 15509 15592 15626 15709 15797 15832 15950 16073 16697 16756 16869 16904 16973 17011 17229 17381 17910 18087 18156 18211 18301 18596 18673 18833 18944 19052 19223 19231 19346 19472 19536 19657 19722 19776 19898
201 23 157 294 317 389 668 725 741 772 888 953 1195 1218 1242 1316 1537 1707 1816 2019 2041 2124 2190 2385 2487 2489 2498 2499 2860 2986 3025 3085 3144 3382 3425 3479 3490 3577 3747 3814 3883 3941 4195 4434 4672 4738 4763 4878 4928 4944 5021 5246 5289 5352 5510 5664 5888 5899 5908 5911 6036 6046 6327 6384 6407 6533 6544 6699 7080 7161 7183 7190 7365 7367 7431 7443 7948 7969 8027 8099 8103 8345 8375 8554 8569 8673 8739 8972 8990 9047 9286 9288 9296 9303 9332 9354 9409 9479 9520 9571 9672 9736 9829 9998 10072 10259 10295 10332 10371 10408 10428 11067 11458 11626 11642 11676 11915 11935 11954 11997 12048 12148 12407 12444 12728 12775 12819 12827 13051 13103 13107 13183 13215 13363 13546 13569 13878 13882 14074 14249 14317 14319 14375 14409 14496 14681 14788 14827 14846 14864 14976 14986 15016 15051 15120 15154 15236 15239 15287 15465 15540 15564 15587 15688 15746 15752 15812 15815 15871 15936 16020 16060 16206 16312 16336 16568 16633 16638 16929 17017 17080 17235 17346 17379 17452 17509 17987 18090 18109 18181 18216 18269 18355 18625 18635 18772 19162 19468 19491 19626 19639 19823
202 138 199 337 370 489 581 587 852 879 920 1010 1113 1156 1239 1293 1466 1545 1675 1785 1941 1994 2023 2029 2030 2235 2357 2509 2541 2593 2721 2734 2803 3003 3024 3123 3286 3337 3387 3756 3776 3927 4053 4300 4342 4373 4482 4553 4581 4617 4688 4729 4848 4863 4922 5049 5162 5212 5224 5317 5456 5718 5955 6058 6082 6164 6220 6268 6519 6572 6610 6703 6704 6752 6781 6854 6905 6928 6967 7123 7129 7236 7270 7503 7639 7688 7695 7744 7951 8078 8108 8221 8279 8338 8447 8681 8816 8960 9005 9110 9302 9304 9433 9436 9815 9817 10287 10335 10408 10444 10524 10883 11009 11012 11574 11657 11673 11688 11936 12013 12074 12350 12353 12519 12573 12584 12752 12759 12794 12857 12948 13081 13087 13101 13256 13284 13377 13554 13563 13896 13911 14035 14095 14102 14119 14165 14245 14424 14721 14843 15055 15064 15068 15190 15314 15407 15457 15501 15638 15753 15898 15910 15971 16017 16120 16765 16811 16813 16886 17011 17099 17139 17245 17618 17668 17896 18010 18109 18120 18305 18313 18404 18517 18624 18684 18758 18836 18875 18948 19249 19442 19459 19495 19518 19693 19726 19730 19781 19805 19868 19943 19944 19955
179 142 147 150 490 492 506 674 1068 1123 1398 1661 1668 1715 1801 1849 1878 2054 2270 2284 2556 2601 2760 2993 3223 3247 3303 3436 3791 3898 3926 4016 4172 4464 4523 4716 4730 4746 4809 4861 5069 5154 5325 5353 5400 5598 5615 5705 5803 5904 6198 6283 6291 6445 6666 6683 6695 6742 6779 6853 6923 6974 7142 7217 7662 7801 7901 8033 8138 8361 8362 8440 8482 8524 8659 8935 8964 9052 9070 9130 9155 9158 9317 9796 9856 9880 9931 10015 10118 10141 10159 10183 10268 10303 10308 10338 10438 10725 10935 10995 11056 11315 11353 11580 11591 11649 11656 11665 11719 11740 11844 11983 11994 12277 12390 12461 12752 12971 13241 13521 13545 13698 13854 13883 13998 14025 14154 14296 14351 14403 14544 14682 15016 15060 15145 15374 15389 15455 15786 15804 15810 15833 15846 15863 15898 15922 16170 16171 16280 16482 16492 16704 17025 17102 17340 17447 17522 17682 17783 17890 17948 17966 18258 18461 18613 18755 18811 18932 18933 18956 18976 19170 19311 19370 19582 19670 19819 19886 19923 19997
200 25 68 294 570 632 667 957 1066 1139 1212 1487 1644 1654 1696 1845 1856 2182 2448 2597 2647 2722 2822 2877 2922 2925 3005 3009 3016 3114 3172 3190 3216 3244 3275 3410 3593 3738 3781 3919 3934 3937 3986 4112 4242 4290 4347 4445 4680 4976 4987 5173 5583 5709 5940 6017 6022 6177 6233 6293 6372 6585 6644 6797 6923 6926 7036 7066 7295 7455 7483 7495 7634 7765 7835 8087 8169 8362 8390 8439 8493 8502 8616 8844 8912 8917 8936 8999 9107 9278 9398 9443 9553 9601 9605 9709 9780 9789 9807 9911 9955 10001 10186 10331 10495 10776 10864 11046 11139 11279 11280 11413 11423 11435 11441 11456 11775 11822 12346 12395 12443 12475 12693 12700 12729 12781 12858 12941 12984 13016 13106 13148 13149 13241 13257 13396 13486 13505 13704 13806 13903 13927 13975 14022 14109 14138 14343 14403 14423 14572 14679 14706 14726 14772 14872 14961 14986 15000 15428 15473 15612 15618 15656 15667 15920 15931 16070 16198 16468 16505 16536 16576 16624 16919 16963 17128 17253 17424 17443 17573 17678 17827 18113 18212 18350 18474 18573 18687 18903 18957 18965 19119 19165 19226 19332 19562 19589 19651 19657 19780 19841
175 35 305 311 410 450 621 631 653 682 792 879 899 985 1498 1518 1958 1962 1969 1984 2029 2187 2229 2351 2410 2566 2660 2661 3028 3035 3275 3344 3362 3370 3482 3658 3666 3720 3837 3858 4002 4232 4335 4340 4399 4498 4525 4553 4723 4956 5292 5298 5400 5515 5520 5586 5641 5716 5790 5946 6138 6193 6235 6274 6422 6480 6521 7095 7147 7229 7307 7336 7639 7819 8281 8328 8633 8819 8832 8865 8929 8981 9002 9063 9480 9734 9800 9865 10059 10228 10493 10638 11005 11038 11042 11277 11311 11341 11607 11736 11926 12101 12163 12173 12315 12365 12422 12645 12789 12963 13046 13059 13062 13215 13225 13517 13629 13643 13683 13726 13746 13788 13841 14029 14103 14143 14222 14330 14338 14345 14427 14591 14607 14730 14890 15023 15093 15132 15258 15308 15369 15436 15680 15935 15968 15997 16060 16156 16387 16648 16686 16696 16767 16897 17023 17213 17308 17462 17509 17676 18034 18205 18255 18276 18312 18589 18619 18765 18971 19040 19303 19408 19671 19784 19799 19956
208 57 319 349 449 565 582 845 853 1065 1102 1153 1276 1441 1456 1499 1731 1897 1925 1953 2151 2171 2230 2259 2301 2316 2350 2426 2451 2523 2622 2786 2854 2892 3046 3164 3217 3383 3432 3448 3801 3949 3958 4006 4064 4251 4267 4378 4561 4573 4590 4595 4610 4625 4699 5002 5025 5073 5192 5205 5296 5303 5322 5397 5411 5430 5469 5526 5614 5708 5808 5835 5849 5897 5917 5988 6146 6189 6192 6292 6326 6343 6502 6512 6514 6698 6916 7157 7401 7418 7483 7533 7535 7648 7656 7706 7756 7943 7989 8041 8084 8344 8447 8482 8525 8635 8679 9104 9120 9155 9158 9179 9267 9369 9466 9574 9622 9719 9782 9783 9822 9932 10014 10174 10249 10343 10454 10550 10842 10912 10947 10972 11056 11074 11153 11200 11317 11554 11711 11782 11867 12152 12292 12360 12494 12570 12589 12864 12984 13184 13308 13380 13401 13527 13575 13590 13658 13855 13914 14026 14170 14220 14276 14391 14577 14729 14868 15032 15314 15387 15658 15864 15913 15976 15978 16073 16175 16225 16744 17181 17544 17643 17703 17715 18019 18079 18207 18258 18407 18563 18626 18671 18676 18696 18720 18903 18977 19028 19099 19158 19227 19228 19243 19352 19386 19477 19549 19729 19778
204 8 302 366 401 409 411 489 984 1230 1342 1370 1426 1661 1794 1809 1862 1871 1909 2021 2309 2450 2556 2557 2753 2854 3059 3163 3176 3295 3410 3457 3823 3981 4069 4259 4388 4490 4516 4905 4964 4971 5009 5201 5303 5556 5640 5696 5808 5990 5993 6221 6261 6319 6328 6454 6540 6674 6832 6972 7034 7066 7383 7388 7525 7561 7587 7736 7811 7877 7944 7964 8073 8723 8745 8758 8915 8916 9086 9193 9253 9267 9321 9354 9438 9514 9657 9717 9744 10017 10019 10143 10178 10198 10253 10431 10433 10474 10494 10517 10538 10785 11009 11040 11074 11135 11162 11431 11437 11635 11737 11909 11979 12039 12042 12069 12089 12100 12151 12219 12329 12335 12368 12512 12746 12770 12789 13142 13237 13327 13349 13433 13516 13554 13587 13621 13662 13699 13729 13782 13853 13887 13960 13964 14111 14149 14259 14641 14711 14785 14877 14911 14955 14961 15025 15051 15088 15153 15413 15420 15449 15519 15587 15752 15954 15981 15983 16067 16071 16097 16124 16129 16288 16388 16529 16554 17125 17381 17391 17471 17760 17766 17777 17787 17794 17810 17832 17992 18128 18377 18394 18398 18431 18434 18593 18653 18716 18742 18856 18918 18980 19029 19119 19256 19853
213 48 210 273 440 466 469 543 585 670 690 695 844 885 950 1098 1244 1266 1361 1433 1465 1489 1545 1633 1670 1722 1760 1896 1926 1958 1984 2205 2247 2317 2397 2402 2415 2487 2509 2530 2580 2615 2741 2891 2958 3015 3053 3058 3156 3250 3478 3519 3803 3939 4155 4306 4337 4365 4535 4611 4820 4979 5242 5431 5439 5474 5493 5593 5832 6043 6082 6120 6337 6666 6852 6900 6942 7061 7063 7091 7179 7227 7330 7362 7393 7417 7621 7671 7703 7708 7855 7904 8011 8132 8170 8286 8373 8391 8648 8917 9104 9128 9149 9187 9292 9296 9386 9421 9544 9753 9881 9926 9960 9999 10044 10072 10419 10655 10698 10934 10946 10959 11050 11052 11168 11239 11269 11334 11448 11697 11833 12060 12165 12335 12345 12567 12654 12823 12880 12977 13029 13114 13385 13386 13486 13509 13629 13729 13808 14012 14376 14495 14604 14673 14761 14850 14874 15154 15213 15277 15330 15429 15430 15467 15603 15754 15758 15800 15832 15859 15872 15939 15981 16023 16059 16101 16442 16575 16591 16651 16940 16954 17067 17095 17111 17158 17217 17368 17412 17441 17587 17805 17853 18136 18400 18427 18526 18553 18642 18687 18742 18758 18878 18955 19014 19075 19106 19236 19412 19713 19745 19876 19894 19944
200 217 225 349 385 458 596 860 884 936 998 1071 1076 1079 1153 1242 1427 1453 1506 1511 1738 1749 1782 1794 2010 2529 2687 2749 2778 2810 2845 2865 2949 2995 2998 3253 3275 3293 3357 3380 3478 3502 3668 3677 3766 3837 3960 4046 4160 4205 4294 4318 4346 4491 4550 4676 4694 4708 4761 4827 4842 4961 5093 5121 5172 5295 5296 5299 5302 5347 5361 5521 5639 5658 5720 5784 5909 5943 5958 6157 6392 6635 6786 6788 6807 6892 7075 7242 7319 7387 7457 7483 7520 7529 7557 7618 7659 7661 7947 8009 8104 8223 8346 8369 9040 9081 9123 9167 9338 9548 9608 9719 9815 9900 9957 10034 10188 10273 10514 10653 10796 10949 10983 10997 11049 11155 11168 11202 11216 11226 11329 11533 11594 11674 11680 11814 11866 11878 11974 12077 12093 12204 12223 12224 12285 12301 12986 13079 13169 13187 13423 13679 13712 13736 13936 14346 14876 14926 15025 15119 15182 15188 15323 15413 15532 15646 15721 15784 15786 15818 15824 15902 15969 16215 16244 16823 16845 16879 17048 17174 17201 17395 17575 17700 17731 17763 17975 18109 18133 18179 18300 18501 18533 18592 18734 19056 19073 19237 19522 19537 19745
185 43 134 138 156 317 405 435 510 540 632 752 838 960 1081 1137 1159 1601 1665 1847 2273 2287 2329 2334 2335 2501 2542 2682 2782 2845 2908 2915 3049 3119 3263 3485 3524 3576 3623 3694 3723 3755 3859 3949 3969 4372 4377 4408 4487 4556 4664 4770 4898 5059 5083 5169 5187 5195 5314 5465 5481 5548 5573 5666 5686 5773 5992 6075 6085 6090 6138 6243 6470 6498 6606 6699 6729 7107 7492 7654 7853 8102 8142 8214 8489 8544 8693 8710 8858 9098 9312 9326 9397 9657 9995 10003 10050 10084 10167 10333 10343 10480 10866 10900 10909 10919 10946 11044 11070 11165 11209 11291 11306 11784 11827 12312 12482 12502 12611 12631 12674 12784 12799 12956 12989 13058 13066 13095 13237 13723 13897 13999 14222 14312 14335 14344 14367 14373 14375 14396 14474 14546 14571 14813 14952 15006 15123 15470 15529 15537 15555 15670 16033 16048 16054 16284 16410 16526 16566 16691 16738 16904 16928 16976 17013 17171 17194 17214 17296 17345 17591 17599 17618 17794 17929 17984 18279 18495 18556 18787 18858 18931 19318 19347 19542 19688
174 205 274 567 750 810 1346 1359 1434 1458 1518 1679 1824 1929 1984 2043 2102 2365 2391 2493 2668 2679 2725 2840 2939 3024 3041 3147 3164 3198 3234 3241 3242 3346 3387 3467 3635 4401 4510 4572 4628 4775 4944 5082 5124 5445 5666 5905 6109 6306 6355 6393 6446 6529 6963 7003 7044 7078 7106 7110 7151 7288 7419 7462 7484 7528 7565 7599 7776 7799 7885 8027 8159 8245 8334 8367 8442 8454 8541 8544 8583 8741 8821 8845 9044 9125 9256 9301 9350 9441 9699 9743 9761 9805 9940 10005 10059 10284 10582 10659 10811 10866 10956 11391 11502 12044 12256 12303 12332 12450 12482 12520 12618 12938 13007 13015 13017 13143 13204 13633 13853 13893 13967 14162 14264 14361 14635 14643 14662 14766 14989 15020 15038 15162 15265 15581 15704 15780 15905 15939 15962 15966 16325 16347 16400 16507 16631 16644 16830 16944 17418 17505 17593 18031 18036 18303 18505 18528 18628 18869 18954 19086 19194 19202 19352 19446 19495 19518 19654 19735 19868 19877 19898 19951 19989
173 185 294 518 608 642 734 745 775 958 1154 1195 1205 1601 1843 2004 2071 2366 2382 2426 2868 2950 3036 3162 3253 3267 3491 3978 4032 4138 4319 4367 4428 4543 4603 4903 5123 5361 5451 5825 5924 5953 6160 6296 6527 6550 6592 6636 6660 6813 6955 7074 7117 7198 7223 7386 7441 7567 7659 7695 7772 7865 7880 7907 8001 8055 8143 8318 8605 8766 8940 9029 9098 9158 9313 9345 9436 9493 9565 9658 9666 9691 9786 9820 9847 10008 10098 10221 10255 10299 10408 10423 10816 11211 11218 11297 11351 11497 11707 11720 11873 12150 12157 12262 12313 12373 12392 12424 12497 12549 12724 13023 13050 13072 13246 13249 13268 13322 13705 13818 13884 14058 14178 14408 14568 14584 14879 15268 15301 15336 15464 15466 15784 15847 16043 16136 16137 16243 16290 16295 16361 16463 16499 16520 16568 16704 16821 17114 17137 17313 17410 17559 17736 17741 17978 17979 18082 18196 18275 18316 18570 18663 18976 18980 19167 19174 19243 19574 19637 19688 19747 19800 19807 19941
198 108 241 273 278 464 609 683 859 878 895 1058 1064 1163 1223 1280 1285 1338 1682 1778 1780 1782 1984 2042 2074 2078 2124 2201 2510 2614 2634 2716 2769 2951 2988 3056 3150 3161 3273 3410 4099 4122 4167 4206 4226 4282 4285 4441 4581 4588 4787 4831 4961 4996 5080 5086 5143 5152 5295 5451 5452 5595 5630 5908 6020 6054 6096 6117 6188 6504 6602 6648 6665 6783 6882 6937 7000 7030 7156 7222 7269 7464 7629 7647 7791 7936 8027 8036 8231 8372 8588 8655 8682 8694 8733 8738 8786 8942 8990 9145 9344 9374 9384 9704 9708 9880 9934 9941 10038 10422 10440 10442 10578 10707 10721 10741 10876 10978 11052 11088 11421 11489 11540 11575 11728 11806 11945 12080 12090 12175 12208 12379 12527 12556 12663 12749 12981 13067 13216 13275 13409 13530 13696 13761 13907 13971 14044 14103 14124 14220 14620 14742 14932 14971 15153 15314 15382 15439 15485 15798 15939 15953 16155 16168 16238 16328 16339 16365 16745 16780 16810 16844 16894 17050 17128 17492 17592 17667 17670 17774 17790 17855 18003 18065 18139 18262 18265 18277 18450 18696 18796 18824 18959 18993 19100 19312 19323 19393 19729
192 90 223 425 524 659 701 706 728 731 802 1018 1085 1101 1177 1351 1352 1380 1427 1605 1792 2043 2074 2178 2398 2412 2437 2459 2758 2998 3036 3158 3417 3858 3907 3979 3997 4106 4180 4513 4637 4652 4775 4888 4903 4923 4981 5039 5064 5162 5169 5322 5409 5501 5619 5708 5852 5881 5908 5917 6099 6135 6239 6343 6362 6515 6569 6570 6583 6667 6674 6704 6795 6812 6939 7099 7153 7161 7214 7278 7567 7603 7612 7734 7787 7996 7997 8212 8459 8464 8732 8980 8990 9037 9042 9253 9501 9532 9724 9803 9836 9842 9866 9934 9967 10238 10279 10385 10525 10582 10825 10921 10938 11420 11513 11574 11684 11687 11779 11869 12001 12078 12107 12299 12443 12500 12712 12755 12783 12967 13233 13343 13429 13662 13820 13864 13904 13980 14126 14174 14196 14260 14598 14742 14804 14861 15001 15250 15460 15543 15598 15775 15847 15887 16067 16083 16129 16255 16263 16277 16426 16539 16594 16615 16882 16883 17130 17142 17265 17688 17851 17890 17944 18055 18071 18253 18351 18410 18542 18573 18708 18709 19195 19204 19230 19409 19415 19524 19560 19577 19623 19803 19832
203 78 200 305 339 388 434 436 541 590 629 631 695 828 887 900 901 1045 1113 1119 1132 1181 1184 1507 1576 1725 1836 1945 1973 2085 2125 2139 2499 2552 2578 2680 2691 2709 2840 2922 3022 3066 3068 3229 3246 3366 3396 3429 3445 3499 3503 3615 3622 3678 3720 3752 3808 3948 4015 4055 4230 4683 4690 4730 4845 4891 4935 5030 5066 5474 5812 6035 6108 6155 6161 6324 6356 6375 6381 6544 6559 6868 6884 7014 7024 7191 7195 7262 7345 7349 7629 7974 8078 8184 8347 8353 8464 8540 8578 8673 8798 8883 8945 9020 9192 9223 9227 9366 9425 9466 9690 9830 10007 10035 10043 10239 10327 10402 10606 10636 10725 11142 11207 11615 11678 11737 12064 12187 12190 12274 12326 12357 12406 12590 12702 12754 12938 13069 13135 13345 13482 13566 13703 13770 13789 13865 13955 13979 13988 14163 14352 14598 14633 14760 14829 14878 14934 15222 15325 15355 15486 15536 15809 15942 15988 16516 16669 16676 16796 16935 16950 17185 17447 17482 17652 17786 17792 17811 17824 17832 17868 17878 18025 18078 18083 18186 18343 18350 18438 18618 18972 19018 19068 19298 19375 19473 19484 19515 19541 19567 19583 19684 19718 19786
221 325 331 356 492 775 913 936 989 1016 1182 1307 1386 1595 1696 1833 1863 1870 1878 2032 2215 2272 2308 2333 2407 2468 2483 2495 2655 2749 2790 2805 2849 2853 2856 2948 3041 3131 3205 3222 3256 3327 3337 3496 3512 3656 3791 3938 4126 4165 4302 4722 4880 4881 5174 5185 5308 5423 5425 5456 5512 5524 5561 5604 5760 5826 5976 6033 6042 6130 6202 6260 6308 6351 6455 6602 6642 6799 6801 6871 7214 7362 7364 7630 7631 7643 7692 7718 7819 7868 8095 8227 8379 8521 8579 8715 8746 8757 8784 8814 8870 8872 8968 9083 9104 9156 9193 9228 9399 9568 9631 9831 9855 9884 10205 10214 10709 10776 10787 10789 11120 11191 11211 11274 11279 11422 11562 11620 11664 11746 11853 12017 12024 12349 12524 12561 12787 12800 12913 13101 13234 13574 13804 13848 13853 13916 13965 14059 14182 14267 14313 14325 14342 14417 14556 14631 14737 14742 14761 14852 14875 14920 14971 15009 15065 15071 15121 15195 15269 15320 15353 15363 15663 15797 16032 16260 16263 16280 16306 16380 16594 16706 16782 16783 16872 16876 16949 17017 17033 17185 17399 17462 17641 17694 17925 18057 18076 18107 18123 18237 18334 18345 18411 18415 18425 18439 18452 18536 18861 18887 19159 19238 19315 19365 19407 19449 19500 19567 19672 19801 19836 19991
214 17 517 538 588 605 614 620 826 897 906 922 1268 1418 1423 1521 1669 1820 1839 1939 1960 2015 2044 2080 2090 2102 2134 2222 2308 2384 2504 2544 2626 2716 2885 2970 3040 3096 3404 3427 3467 3468 3482 3938 3981 4019 4077 4152 4281 4412 4459 4468 4522 4616 4804 4999 5040 5337 5400 5474 5649 5878 6084 6176 6190 6220 6388 6491 6717 6818 6995 7013 7050 7063 7105 7141 7160 7267 7317 7330 7409 7512 7584 7623 7753 7845 7992 8129 8197 8221 8306 8321 8327 8335 8359 8454 8595 8649 8678 8778 8902 8962 9051 9099 9138 9188 9345 9354 9878 9921 9944 10041 10058 10098 10131 10158 10380 10406 10540 10850 10902 10984 11076 11093 11206 11237 11314 11359 11406 11478 11678 11746 11768 11780 11804 11825 11979 12103 12155 12243 12354 12564 12584 12626 12632 12841 12869 12912 12962 13131 13278 13322 13346 13363 13380 13728 13818 13825 13873 13941 14060 14250 14421 14430 14532 14624 14635 14874 15021 15125 15140 15364 15377 15420 15539 15574 15591 15627 15733 15737 15856 15957 16006 16027 16049 16072 16400 16570 16715 17233 17388 17416 17472 17552 18032 18050 18312 18362 18420 18662 18664 18997 19020 19046 19140 19179 19238 19274 19391 19403 19461 19586 19909 19913 19922
194 130 174 255 367 419 527 573 584 607 638 787 1062 1117 1253 1273 1307 1497 1541 1578 1623 1648 2070 2434 2470 2561 2827 2877 3053 3123 3169 3193 3226 3366 3576 3724 3924 4058 4124 4317 4493 4504 4640 4886 5123 5151 5171 5228 5276 5448 5512 5554 5596 5987 6098 6234 6258 6294 6379 6550 6557 6558 6640 6695 6810 6822 6994 7423 7457 7501 7522 7669 7680 7754 7802 7821 7983 8217 8223 8315 8365 8401 8443 8470 8533 8582 8717 9188 9308 9357 9493 9556 9789 9848 9852 9909 9943 9968 9985 10054 10141 10372 10398 10402 10429 10550 10576 10621 10624 10630 10796 10832 10929 11203 11330 11522 11602 11917 11982 12135 12192 12221 12240 12411 12597 12777 12817 12849 12853 12887 12968 12994 13102 13201 13218 13265 13540 13952 14055 14219 14335 14482 14551 14577 14723 14822 15115 15161 15620 15824 15837 15838 15853 15893 15989 16113 16136 16178 16208 16211 16236 16315 16368 16455 16560 16586 16718 16760 16803 16818 16876 16915 16999 17178 17264 17304 17316 17606 17614 17709 17978 18194 18207 18243 18476 18592 18621 18761 19013 19257 19285 19592 19700 19856 19880
176 236 331 411 480 561 621 640 728 895 960 983 1026 1075 1085 1102 1247 1341 1355 1432 1467 1531 1553 1565 1649 1719 1777 1779 2333 2532 2542 2569 2687 3034 3119 3326 3525 3535 3584 3688 3787 3831 3945 4422 4491 4550 4622 4663 4847 5005 5075 5094 5290 5379 5416 5464 5492 5542 5703 5764 5959 6172 6466 6621 6628 6751 6926 7031 7149 7258 7304 7435 7446 7648 7822 7860 7907 7947 8015 8060 8431 8436 8515 8664 8734 8765 8818 8967 9011 9161 9451 9677 9963 10345 10347 10370 10558 10604 10639 10706 10999 11091 11111 11227 11294 11339 11370 11446 11598 11738 11847 11861 12064 12133 12176 12194 12393 12440 12832 13000 13250 13330 13469 13512 13513 13661 13788 13887 14042 14153 14386 14390 14459 14863 14877 15165 15322 15702 15832 16027 16098 16102 16188 16227 16338 16400 16498 16529 16535 16655 17039 17245 17366 17431 17691 17727 17742 17790 17924 18000 18131 18145 18158 18796 18971 18974 18994 19065 19106 19127 19160 19179 19207 19347 19384 19849 19947
198 222 269 463 491 604 610 632 676 722 1082 1125 1279 1518 1778 1822 1830 1835 1889 1956 1969 2113 2681 3032 3045 3113 3198 3288 3316 3327 3361 3418 3528 3692 3746 3799 3808 3936 3990 4288 4359 4391 4436 4598 4599 4628 4664 4683 4720 4934 4936 5028 5084 5135 5361 5401 5579 5623 5713 5746 5752 5982 6108 6109 6148 6165 6175 6234 6721 6755 6795 7093 7098 7145 7190 7417 7448 7666 7725 7963 8239 8470 8502 8814 8892 8956 9010 9013 9047 9075 9105 9124 9190 9203 9276 9557 9605 9612 9908 9928 10055 10323 10343 10382 10389 10462 10463 10627 10665 10960 11071 11173 11358 11436 11502 11514 11636 11664 11759 11947 12002 12019 12087 12173 12237 12244 12309 12384 12521 12591 12658 12666 12914 12935 12977 13042 13171 13306 13392 13445 13666 13698 14128 14131 14196 14374 14416 14495 14527 14687 14693 14757 14787 15089 15127 15139 15154 15412 15465 15715 15759 15822 16000 16376 16462 16528 16569 16585 16721 16756 16939 16954 17006 17386 17437 17512 17565 17634 17691 17830 17932 18057 18066 18185 18342 18352 18403 18480 18719 18720 18819 18901 18983 19276 19311 19610 19777 19912 19975
210 21 108 457 595 814 1006 1109 1111 1259 1272 1279 1444 1460 1641 1824 1879 1907 1984 1988 2035 2052 2135 2168 2172 2174 2305 2386 2542 2623 2641 2655 2668 2877 3000 3195 3260 3262 3283 3395 3436 3458 3538 3614 3777 3834 4053 4087 4153 4199 4315 4562 4748 4918 5122 5238 5264 5338 5391 5411 5470 5490 5513 5561 5626 5690 5762 5771 6003 6031 6175 6190 6292 6311 6388 6486 6751 6762 6805 6856 6878 6890 6979 7060 7124 7354 7375 7376 7386 7417 7577 7791 7818 7833 7859 8122 8140 8372 8494 8580 8692 8782 8826 8870 8877 9053 9086 9480 9777 9904 10005 10038 10062 10199 10229 10389 10399 10403 10459 10469 10501 10510 10516 10520 10529 10702 10946 11033 11066 11211 11250 11372 11525 11590 11591 11616 11738 11752 11798 11916 11973 11990 12077 12230 12389 12417 12500 12513 12553 12559 12913 13057 13116 13289 13346 13371 13793 13833 14115 14141 14251 14528 14590 14880 15073 15675 15736 15742 15815 16152 16201 16234 16272 16351 16370 16664 16800 16814 16847 16990 17137 17324 17426 17726 17742 17753 17993 18030 18067 18188 18192 18322 18337 18414 18500 18662 18920 18959 18982 19025 19037 19146 19196 19293 19299 19333 19368 19379 19485 19639 19969
179 16 174 277 329 475 494 640 755 795 1023 1105 1114 1220 1309 1375 1538 1899 1959 2162 2255 2297 2440 2489 2577 2694 2739 2998 3037 3251 3292 3338 3355 3399 3421 3427 3439 3456 3676 3884 4042 4433 4475 4617 4700 4724 4849 4972 5018 5043 5120 5146 5148 5235 5279 5291 5676 5762 5981 6003 6035 6068 6115 6171 6613 6614 6694 6713 6759 6823 6983 7138 7186 7252 7442 7516 7526 8012 8105 8171 8273 8508 8741 8833 8915 8917 8943 9049 9064 9228 9575 10087 10222 10247 10305 10502 10576 10728 10935 11189 11278 11499 11620 11631 11656 11828 11880 12294 12559 12742 12754 12827 13008 13093 13227 13289 13309 13353 13400 13401 13531 13707 13717 13821 13844 13888 13926 14001 14086 14384 14436 14442 14585 14599 14709 14938 15058 15126 15277 15376 15468 15620 15742 16002 16190 16418 16432 16437 16507 16626 16706 16789 16900 17217 17324 17559 17576 17669 17748 18058 18142 18255 18266 18348 18413 18440 18547 18603 18766 18841 18985 19068 19240 19374 19452 19577 19734 19812 19823 19932
184 1 46 231 240 276 740 893 1051 1064 1110 1163 1213 1574 1674 1851 1948 1955 2066 2244 2328 2446 2640 2688 2909 2924 3047 3086 3540 3581 3644 3653 3759 3837 3843 3855 3883 3979 3982 4140 4235 4619 4636 4736 4752 4865 4935 4986 5085 5120 5363 5656 5836 6069 6405 6548 6657 6722 6929 6932 7258 7284 7514 7617 7622 7630 7674 7688 7741 7902 8098 8241 8547 8645 8652 8718 8780 8798 8829 8997 9139 9220 9240 9319 9392 9451 9557 9665 9727 9788 9975 10237 10286 10360 10507 10521 10581 10610 10615 10645 10838 10879 10951 10969 11036 11152 11544 11616 11737 11766 11835 11844 12022 12043 12048 12052 12233 12296 12577 12698 12751 12792 12803 12867 12992 13001 13176 13948 14013 14291 14468 14489 14495 14562 14865 14928 15132 15305 15580 15597 15771 15794 15823 15839 15840 16073 16152 16200 16415 16471 16509 16545 16584 16827 16881 16958 17039 17085 17137 17237 17266 17306 17472 17851 17853 17968 17997 18049 18073 18186 18364 18376 18439 18918 18949 19198 19281 19285 19334 19398 19423 19511 19742 19980 19999
191 168 259 340 433 501 579 601 813 814 908 932 1135 1206 1268 1409 1412 1580 1678 1911 1920 2252 2479 2575 2655 2881 2958 2965 3002 3095 3357 3468 3621 3874 4098 4131 4266 4286 4303 4465 4593 4632 4648 4735 4801 4849 4877 4943 4993 5010 5075 5096 5388 5531 5622 5718 5797 5798 5857 6028 6029 6164 6241 6268 6317 6388 6438 6553 6826 7052 7239 7423 7440 8044 8135 8478 8530 8594 8655 8740 8929 9070 9184 9260 9365 9630 10075 10164 10190 10234 10253 10261 10313 10367 10430 10456 10576 10628 10675 10699 10872 11036 11105 11276 11374 11377 11384 11496 11664 11677 11729 11993 12060 12072 12143 12228 12691 12702 13114 13166 13188 13201 13272 13370 13387 13490 13519 13570 13667 13702 13708 13843 13910 14050 14054 14149 14158 14337 14351 14510 14742 14910 14975 15033 15093 15293 15354 15393 15422 15593 15612 15783 15912 16013 16201 16242 16271 16521 16629 16654 16680 16712 16963 16983 17048 17112 17363 17439 17627 17655 17778 17977 18249 18411 18587 18780 18851 18994 19003 19055 19069 19134 19170 19190 19292 19401 19582 19675 19692 19760 19860 19921
209 152 476 544 602 699 718 748 929 942 996 1048 1202 1299 1343 1485 1564 1594 1629 1649 1709 1957 2019 2106 2147 2225 2239 2277 2319 2411 2448 2607 2655 2775 2780 2858 3023 3111 3178 3215 3754 3911 3912 3967 4027 4236 4246 4261 4381 4530 4562 4565 4724 4948 5483 5515 5636 5766 5785 5953 6034 6153 6175 6659 6759 6842 6853 6869 6900 7007 7029 7111 7391 7671 7729 7815 7943 7952 8141 8200 8246 8280 8319 8469 8482 8537 8692 8736 8785 8907 9060 9200 9214 9226 9232 9318 9370 9433 9519 9609 9614 9657 9679 9711 9737 9777 9779 9948 9984 10138 10143 10167 10189 10492 10655 10667 10881 10993 11025 11044 11088 11148 11165 11303 11620 11662 11718 12072 12137 12188 12262 12302 12323 12361 12412 12448 12849 12868 12948 13199 13260 13332 13488 13534 13696 13738 13745 13751 13805 13875 13911 13921 13927 13992 13997 14065 14165 14279 14367 14581 14602 14723 14804 14871 14953 15190 15272 15391 15414 15528 15587 15683 15686 15966 16009 16171 16214 16276 16312 16394 16556 16588 16794 16869 16872 17214 17420 17595 17679 17810 17890 17914 17991 18096 18118 18605 18671 18679 18780 18947 19052 19130 19205 19239 19250 19264 19356 19514 19627 19860
191 26 35 49 143 377 433 484 548 678 713 733 745 981 1028 1311 1345 1434 1578 1588 1664 1708 1722 1885 1977 2024 2034 2085 2333 2387 2576 2581 2631 2765 2797 2801 2841 2968 3012 3131 3244 3348 3366 3477 3568 3652 3924 3928 3964 3981 4271 4497 4516 4546 4922 5109 5172 5394 5647 5736 5834 5955 6014 6021 6143 6258 6379 6423 6459 6690 6776 6841 6855 7162 7773 8033 8083 8218 8227 8247 8286 8287 8413 8529 8548 9059 9265 9425 9480 9525 10010 10281 10327 10336 10949 10956 10990 11000 11014 11036 11069 11124 11202 11238 11306 11316 11512 11566 11694 11707 11785 11944 12005 12017 12033 12458 12467 12547 12603 12806 12811 12876 13010 13029 13048 13131 13213 13218 13423 13478 13490 13804 13910 13978 14166 14191 14400 14407 14413 14512 14517 14557 14565 14854 14878 14889 14964 15130 15428 15596 15702 15845 16068 16075 16097 16150 16194 16238 16253 16272 16295 16384 16425 16447 16506 16557 16559 17039 17064 17215 17395 17450 17466 17478 17618 17760 17791 17944 18285 18488 18836 18929 19075 19238 19354 19409 19437 19449 19464 19585 19712 19726
212 72 136 228 310 343 393 471 529 1058 1214 1348 1352 1392 1466 1492 1762 1939 1959 2056 2057 2137 2473 2579 2662 2857 3028 3120 3200 3306 3378 3387 3492 3502 3594 3710 3727 3845 3890 3904 4320 4412 4428 4435 4486 4556 4712 4845 5023 5115 5158 5239 5277 5458 5865 5872 5955 5977 6165 6299 6325 6461 6504 6622 6722 6728 6945 6994 7079 7159 7206 7260 7265 7302 7346 7350 7368 7410 7479 7513 7527 7533 7604 7650 7747 7912 8088 8250 8357 8440 8818 8849 9239 9242 9311 9346 9368 9388 9626 9657 9685 10010 10052 10122 10153 10196 10370 10462 10509 10655 10695 10710 10741 10762 10945 10953 11002 11051 11075 11166 11261 11306 11710 11830 11979 12043 12372 12387 12451 12527 12587 12593 12618 12709 12790 13001 13038 13291 13292 13336 13380 13566 13733 13810 13999 14003 14319 14447 14520 14694 14771 14900 14922 14927 14929 14934 14974 15010 15094 15167 15211 15383 15435 15541 15682 15721 15765 15800 16154 16425 16545 16570 16646 16813 16817 16910 17053 17449 17512 17612 17621 17815 17955 17962 17974 17983 17993 18040 18185 18264 18269 18386 18423 18599 18639 18688 18699 18757 18948 18953 19038 19086 19154 19203 19264 19456 19545 19575 19589 19674 19726 19921 19936
214 53 73 102 201 228 415 431 466 543 564 659 679 710 743 1032 1044 1155 1496 1526 1653 1741 1788 1858 1870 1902 2001 2009 2014 2076 2081 2294 2317 2396 2514 2542 2574 2578 2607 2655 2660 2741 2813 2858 2893 2928 2940 3098 3180 3188 3290 3331 3596 3640 3741 3984 3991 4040 4115 4382 4583 4608 4619 4657 4681 4711 4718 4719 4820 5120 5129 5251 5290 5328 5393 5476 5488 5499 5532 5608 5782 5911 5962 6118 6131 6301 6495 6542 6610 6634 6707 6867 6914 6948 6995 7004 7067 7234 7248 7263 7583 7605 7630 7666 7748 7861 7866 8008 8115 8207 8378 8426 8560 8595 8753 8846 8916 8957 9051 9085 9190 9191 9373 9626 9659 9768 9893 9941 10174 10231 10285 10453 10523 10531 10840 10927 10940 10980 11152 11377 11472 11566 11650 11701 11735 11788 11800 11856 11880 11962 12004 12124 12166 12258 12497 12635 12687 12766 12789 13111 13239 13442 13459 13460 13534 13655 13767 13783 13875 13979 14019 14302 14417 14481 14662 14716 14899 14942 14949 15243 15377 15418 15577 15595 15619 15810 16493 16550 16621 16691 16771 16836 16868 16872 17191 17239 17270 17293 17447 17476 17574 17769 17877 17911 18255 18299 18384 18443 18460 18662 18863 19091 19281 19608 19906
174 1 454 687 815 943 1019 1069 1074 1269 1304 1353 1466 1575 1588 1711 1791 2030 2069 2205 2348 2389 2430 2467 2485 2711 2882 3123 3290 3681 3858 3974 4007 4096 4208 4290 4328 4389 4767 4861 5034 5059 5126 5154 5686 5852 5936 6035 6110 6179 6253 6260 6334 6374 6544 6549 6575 6603 6710 6791 6837 6877 6968 6969 7152 7170 7205 7309 7680 7692 7697 7773 7820 8040 8064 8124 8186 8197 8515 8830 9003 9330 9630 9661 9903 9971 10001 10025 10108 10209 10240 10323 10375 10689 10761 10878 10923 11003 11060 11107 11177 11192 11200 11273 11356 11556 11726 11735 11774 11917 11952 12019 12127 12420 12502 12563 12746 12815 12917 12926 13041 13119 13216 13259 13646 13649 14087 14149 14376 14500 15039 15044 15051 15108 15111 15310 15409 15466 15605 15875 16062 16065 16245 16272 16567 16611 16631 16989 17212 17512 17601 17607 17621 17877 18057 18083 18180 18245 18359 18438 18531 18578 18691 18722 18823 18868 18937 19069 19136 19420 19562 19683 19719 19785 19831
195 66 80 122 280 291 317 357 360 735 816 940 964 1215 1266 1324 1420 1438 1496 1528 1686 1849 1981 2088 2179 2354 2374 2603 2858 2899 3001 3273 3561 3576 3962 4090 4232 4330 4493 4717 4894 4963 5066 5117 5156 5172 5316 5366 5530 5675 5689 5747 5847 5953 6130 6165 6584 6918 7163 7259 7328 7449 7483 7516 7556 7599 7643 7806 7966 7978 7984 8253 8265 8322 8437 8450 8492 8778 8781 8807 8816 8892 8895 8958 9177 9375 9397 9622 9630 9756 9916 9918 9940 9948 10091 10214 10352 10437 10584 11151 11294 11308 11341 11363 11385 11440 11472 11481 11633 11769 11990 12327 12400 12411 12683 12703 12904 12922 13171 13179 13414 13458 13526 13963 13990 14163 14226 14244 14357 14373 14385 14495 14502 14513 14549 14640 14680 14715 14803 14837 14851 14858 14898 14899 15077 15141 15151 15487 15605 15819 15835 15972 16088 16278 16333 16376 16395 16509 16536 16774 16779 16921 16945 16961 17035 17041 17367 17520 17533 17544 17636 17783 17796 18040 18153 18163 18171 18317 18349 18374 18678 18710 18774 18822 18960 19041 19101 19136 19192 19227 19433 19465 19490 19546 19907 19916
184 24 105 293 513 670 733 847 958 1016 1031 1084 1128 1347 1424 1512 1536 1830 1947 2029 2159 2249 2260 2410 2445 2601 2603 2728 2744 2836 2906 3025 3029 3058 3203 3382 3454 3557 3974 4007 4130 4268 4499 4511 4634 4666 4739 4766 4878 5024 5212 5845 5912 5960 5969 6089 6094 6102 6198 6350 6421 6596 6761 6764 6855 7168 7258 7300 7433 7514 7600 7634 7695 7906 7907 7925 7945 7947 8031 8182 8550 8719 8873 9056 9058 9267 9590 9592 9634 9676 9910 9926 10150 10329 10490 10561 10562 10769 11230 11275 11337 11340 11403 11694 11759 11769 11770 11802 11831 11894 12010 12094 12267 12322 12637 12687 12799 13090 13119 13530 13563 13590 13685 13712 13740 13741 13839 13878 14083 14148 14224 14248 14269 14293 14332 14413 14503 14563 14660 14763 15012 15268 15324 15395 15434 15461 15576 15933 15955 16027 16356 16509 16536 16567 16669 16694 16713 16756 16772 16858 17169 17237 17319 17393 17396 17599 17612 17789 17912 18161 18165 18217 18302 18391 18589 18644 18812 18975 19052 19141 19374 19406 19570 19693 19789
190 24 251 331 544 676 691 926 992 1038 1137 1149 1264 1329 1359 1716 1818 1892 1938 2004 2061 2066 2093 2132 2136 2152 2619 2863 3232 3332 3409 3430 3443 3634 3638 3686 3820 3855 4030 4090 4186 4355 4356 4395 4488 4656 4663 5319 5332 5507 5522 5546 5687 5742 6083 6155 6527 6641 6832 6912 7134 7252 7376 7561 7676 7717 7869 8008 8071 8151 8221 8224 8249 8371 8384 8727 8741 8905 8974 9126 9153 9262 9395 9458 9583 9758 10120 10190 10221 10267 10321 10432 10601 10688 11329 11351 11353 11378 11399 11538 11543 11634 12188 12411 12423 12437 12515 12666 12854 12871 12971 13120 13277 13412 13694 13726 13740 13786 13795 13858 13871 13924 13927 14008 14126 14400 14518 14578 14689 14710 14802 14941 14952 15198 15289 15634 15731 15766 15936 16017 16093 16149 16170 16250 16265 16267 16275 16586 16719 16806 16830 16946 16971 16983 17017 17182 17219 17376 17400 17404 17541 17703 17742 17873 17962 18028 18134 18160 18327 18392 18400 18440 18522 18570 18607 18715 18765 18783 18860 18879 19059 19060 19077 19209 19233 19304 19323 19380 19563 19773 19776
206 149 194 304 471 484 567 744 832 918 1039 1049 1133 1163 1223 1226 1254 1289 1418 1528 1577 1773 1776 1796 2008 2094 2258 2505 2612 2621 2622 2647 2828 2918 2974 2987 3334 3447 3534 3557 3837 3982 4003 4088 4183 4191 4229 4516 4524 4670 4767 4774 4804 4869 5085 5141 5202 5373 5390 5513 5603 5620 5629 5774 5819 5863 5879 5933 5960 5984 6003 6055 6106 6163 6321 6362 6422 6534 6539 6572 6697 6715 6874 6932 7036 7076 7154 7539 7738 8128 8415 8431 8543 8572 8926 8934 8984 9004 9074 9272 9283 9422 9434 9536 9619 9637 9692 9781 9945 10036 10072 10191 10229 10303 10435 10470 10566 10744 10935 11153 11211 11288 11294 11449 11481 11514 11554 11604 11745 11752 11896 11902 12018 12166 12337 12630 12759 12769 12774 12886 12908 12955 12962 13118 13265 13352 13606 13613 13682 13759 13812 13938 13957 13998 14067 14230 14381 14565 14578 14633 14680 14696 15019 15269 15429 15432 15549 15611 15810 16012 16069 16312 16386 16420 16433 16546 16567 16773 16790 16860 16941 17236 17650 17779 17969 17978 18075 18127 18144 18327 18344 18413 18498 18775 18872 18951 18970 18994 19188 19407 19433 19554 19699 19749 19922 19928 19945
192 299 433 454 570 623 759 846 930 1232 1351 1512 1538 1560 1568 1569 1579 1654 1803 1894 1993 2080 2268 2396 2745 2822 2872 2947 2959 3346 3382 3395 3397 3487 3638 3741 3832 4077 4085 4122 4266 4308 4377 4390 4426 4652 4834 4975 5011 5111 5168 5203 5431 5491 5798 5841 5849 5854 5971 6024 6037 6260 6560 6775 6893 6951 7079 7129 7153 7214 7328 7518 7553 7661 7705 7811 7847 7996 8035 8067 8129 8177 8288 8460 8772 8865 8980 9076 9190 9193 9512 9526 9789 9838 9963 10029 10116 10131 10140 10198 10300 10700 10786 10872 10889 11154 11183 11349 11356 11428 11492 11529 11541 11856 12007 12150 12472 12495 12813 12860 12892 12894 12927 12997 13127 13201 13212 13215 13535 13547 13631 13867 13910 13971 14150 14257 14448 14936 15052 15262 15443 15467 15472 15610 15667 15790 15824 15827 15889 15908 16050 16122 16195 16371 16465 16627 16671 16792 16820 16927 16967 17282 17329 17402 17459 17540 17670 17812 17828 17941 17959 18007 18051 18124 18427 18460 18495 18515 18582 18775 19094 19105 19284 19380 19402 19449 19463 19580 19634 19658 19660 19726 19795
197 325 328 340 363 418 458 530 573 789 809 835 861 1018 1210 1465 1515 1609 1642 2008 2147 2185 2198 2391 2415 2454 2472 2678 2707 2722 2725 2800 2899 2903 2936 3149 3459 3650 3698 4143 4179 4226 4378 4581 4716 5000 5031 5080 5182 5315 5489 5506 5648 6074 6193 6258 6446 6729 6872 7084 7106 7161 7370 7399 7417 7440 7455 7614 7796 7935 8124 8140 8193 8207 8222 8356 8447 8458 8460 8519 8615 8675 8752 8853 8936 8949 8983 9120 9307 9435 9489 9565 9624 9745 9865 9889 10005 10048 10068 10218 10386 10463 10668 10699 10740 10899 11108 11294 11301 11416 11435 11844 11897 12107 12142 12184 12312 12325 12674 12742 12889 12982 13015 13049 13094 13246 13317 13357 13456 13525 13568 13569 13648 13686 13710 13820 14129 14319 14381 14465 14658 14690 14975 15318 15399 15460 15507 15523 15651 15711 15729 15783 15837 15845 16116 16197 16254 16517 16608 16692 16735 16802 16820 16956 17049 17126 17317 17438 17477 17565 17612 17720 17738 17810 17849 17922 17927 18100 18113 18120 18205 18210 18263 18741 18822 18875 18954 19002 19021 19042 19066 19179 19212 19223 19246 19360 19407 19764
206 66 137 293 372 618 726 752 825 882 890 1000 1137 1318 1330 1467 1720 1749 1851 1901 2113 2125 2323 2345 2370 2539 2543 2696 2754 2802 2820 2849 2948 2987 3152 3155 3340 3370 3401 3431 3445 3482 3990 4005 4020 4031 4106 4148 4150 4210 4240 4292 4386 4526 4675 4911 4923 5088 5499 5615 5624 5669 5741 5763 5767 5975 6222 6327 6725 6962 6985 7091 7124 7181 7321 7375 7560 7613 7724 7986 8136 8201 8242 8321 8326 8358 8657 8681 8697 8743 8854 8870 8965 9123 9139 9187 9236 9287 9423 9453 9612 9711 9756 10094 10147 10179 10203 10294 10330 10354 10355 10445 10450 10583 10594 10719 10760 10765 10893 11037 11188 11254 11278 11289 11322 11428 11604 11754 11770 12135 12255 12263 12272 12292 12415 12443 12456 12671 12680 12790 12793 13018 13215 13222 13298 13299 13532 13603 13856 13908 13972 14038 14219 14316 14340 14361 14412 14447 14526 14716 14974 15006 15133 15152 15215 15270 15389 15409 15425 15628 15672 15783 15829 15898 15963 16253 16260 16536 17104 17146 17440 17874 17878 17917 17945 17972 18053 18088 18162 18224 18248 18279 18363 18400 18528 18568 18601 18660 18957 19156 19163 19208 19374 19393 19524 19792 19823
168 75 280 511 548 561 1412 1511 1605 1714 2126 2169 2211 2274 2503 2524 2613 2736 2770 2927 2971 3503 3923 3956 3993 4058 4074 4135 4146 4165 4323 4602 4709 4825 4858 5178 5348 5351 5532 5545 5599 5687 5908 6089 6168 6194 6239 6276 6369 6414 6443 6446 6450 6537 6631 6921 7319 7372 7552 7604 7772 7773 7783 7944 8014 8095 8109 8218 8221 8263 8322 8446 8500 8605 8739 9016 9106 9295 9383 9543 9650 9805 9811 9854 9962 10004 10093 10220 10245 10480 10590 10625 10662 10833 10878 10975 11110 11255 11380 11385 11723 11926 12055 12089 12115 12212 12264 12369 12371 12496 13180 13358 13390 13465 13661 13819 13888 13985 14050 14407 14446 14671 14855 14915 15035 15125 15301 15336 15570 15637 15728 15886 16133 16145 16251 16288 16465 16516 16676 16707 16838 16855 16869 17010 17423 17425 17586 17773 17935 18070 18195 18206 18285 18545 18596 18649 18825 18970 19005 19105 19240 19286 19340 19451 19501 19506 19541 19912 19936
200 28 202 284 306 445 1028 1067 1108 1118 1123 1146 1182 1250 1360 1592 1925 1976 2250 2320 2368 2409 2577 2719 2815 2914 3181 3188 3302 3309 3310 3362 3481 3564 3650 3668 3692 3867 3968 4029 4044 4098 4143 4162 4241 4260 4411 4531 4541 4819 4882 4902 4921 5118 5226 5400 5464 5596 5812 5968 6015 6337 6358 6593 6707 6774 6847 6987 7034 7072 7364 7491 7503 7744 7774 7819 7854 8011 8217 8236 8403 8426 8453 8574 9073 9099 9102 9148 9229 9259 9454 9548 9635 9717 9749 9767 9998 10635 10649 10850 10877 10884 11063 11082 11215 11524 11549 11579 11627 11922 11957 12055 12280 12351 12379 12493 12616 12704 12984 13037 13349 13411 13550 13733 13879 13900 13903 14027 14065 14119 14306 14436 14442 14445 14490 14561 14863 14877 14882 14949 15062 15121 15135 15140 15226 15238 15243 15282 15289 15325 15326 15433 15474 15500 15597 15674 15699 15773 15784 15889 15929 16077 16085 16152 16349 16459 16585 16721 16766 16797 16857 17023 17282 17531 17721 17943 18094 18113 18131 18320 18435 18467 18615 18663 18664 18888 18923 19002 19025 19039 19093 19126 19253 19464 19586 19686 19712 19753 19797 19823 19985
213 23 37 41 53 148 161 242 310 332 488 503 524 601 606 839 874 989 1076 1166 1340 1341 1428 1581 1748 1752 1830 2067 2335 2462 2558 2600 2660 2816 2845 2957 2965 2995 3050 3081 3097 3123 3125 3135 3176 3246 3577 3603 3684 3717 3843 4085 4125 4129 4170 4200 4262 4265 4285 4342 4384 4387 4445 4643 4675 4684 4712 4997 5158 5269 5314 5441 5465 5532 5628 5686 5875 5894 5944 6109 6154 6310 6436 6495 6572 6645 6651 6690 6840 6910 6953 7002 7061 7070 7248 7419 7444 7629 7881 8081 8193 8225 8243 8329 8618 8704 8943 8975 9017 9027 9056 9102 9103 9308 9337 9414 9422 9529 9637 9704 9847 9860 10044 10131 10132 10403 10684 10687 11007 11054 11315 11464 11486 11530 11542 11593 11595 11626 11690 11794 11889 11932 12113 12230 12328 12371 12390 12403 12535 12538 12895 13035 13077 13101 13109 13181 13686 13695 13801 14058 14093 14102 14162 14164 14212 14559 14656 14908 14925 15063 15302 15526 15574 15578 15798 15936 15960 15968 15982 16198 16359 16623 16728 16849 16968 16998 17169 17173 17324 17811 17820 17860 17864 17917 17921 18056 18144 18393 18401 18460 18543 18775 18914 19086 19090 19113 19222 19478 19603 19606 19660 19836 19922 19956
194 109 237 266 286 299 441 723 756 803 1045 1062 1120 1277 1306 1336 1353 1416 1424 1508 1625 1812 1814 1955 1961 1973 2020 2259 2303 2335 2345 2439 2471 2541 2644 2685 2715 2724 2754 2912 2933 3021 3066 3111 3320 3329 3407 3485 3517 3519 3531 3835 4036 4217 4317 4390 4533 4643 4653 4899 4985 5042 5086 5178 5277 5423 5471 5591 5809 5853 5947 6088 6333 6527 6722 6737 7344 7457 7474 7599 7784 7873 7940 8183 8553 8573 8628 8632 8669 8933 9071 9352 9535 9554 9574 9817 9915 9917 10080 10112 10616 10675 10899 10931 11047 11290 11299 11579 11717 11761 11793 11880 11943 11973 11983 12173 12187 12370 12393 12569 12652 12699 12735 12776 12819 12956 13199 13214 13455 13547 13897 13948 13989 14008 14369 14460 14536 14842 15357 15379 15398 15416 15455 15478 15490 15575 15579 15656 15661 15834 15870 16036 16076 16137 16175 16225 16494 16519 16626 16845 16927 16968 17050 17078 17215 17244 17327 17333 17356 17379 17497 17498 17536 17566 17727 17776 17811 17910 18205 18335 18531 18604 18946 18997 19069 19221 19251 19424 19487 19502 19529 19639 19670 19765 19797
206 126 136 228 436 460 462 569 687 698 866 907 914 974 999 1111 1116 1362 1425 1433 1579 1671 1768 1885 1892 1919 1937 1949 2047 2233 2298 2413 2687 2707 2876 2914 3002 3020 3101 3262 3286 3308 3373 3395 3476 3574 3773 3808 3906 3991 4077 4243 4290 4418 4446 4546 4555 4636 4722 4859 4864 4967 5222 5313 5435 5518 5519 5605 5655 6035 6091 6146 6189 6245 6263 6293 6350 6519 6521 6702 6888 6958 6991 6994 7028 7196 7268 7415 7491 7628 7637 7747 7791 7864 7890 7977 8065 8075 8098 8175 8262 8384 8435 8750 8799 8996 9142 9382 9496 9635 9636 9660 9696 9753 9857 9974 10041 10095 10369 10530 10604 10625 10779 10893 11396 11421 11442 11494 11668 11779 12147 12348 12404 12531 12564 12630 12649 12651 12696 12891 13102 13176 13325 13442 13445 13485 13808 13837 13847 13915 13925 14028 14080 14423 14441 14499 14513 14541 14571 14572 14625 14780 14876 14885 14909 15067 15120 15131 15392 15484 15533 15727 15815 15914 16058 16137 16282 16371 16376 16580 16605 16627 16660 16741 16771 16792 16798 17032 17144 17277 17314 17509 17587 17628 17678 17693 17846 17922 17932 18559 18828 18977 19177 19422 19481 19795 19953
181 101 291 323 348 376 436 521 738 877 906 932 961 1029 1061 1303 1487 1656 1753 1831 1835 1987 2105 2149 2213 2471 2525 2577 2759 2780 2809 3070 3112 3146 3164 3168 3283 3289 3316 3378 3549 3621 3670 4200 4344 4375 4750 5124 5181 5306 5391 5433 5559 5674 5777 5835 6151 6256 6267 6538 6547 6643 6810 6851 6959 6960 7209 7224 7261 7343 7448 7631 7736 7738 7756 7824 7853 7974 8000 8027 8113 8155 8157 8376 8449 8622 8677 8791 8794 8862 8867 8961 8964 9379 9726 9776 9850 10213 10245 10365 10431 10552 10972 10989 10999 11029 11085 11088 11174 11259 11268 11298 11429 11691 11954 12003 12448 12468 12630 12729 12756 12771 12931 12963 13053 13223 13272 13300 13407 13414 13552 13566 13667 13767 13782 13796 13858 13903 14048 14158 14195 14348 14447 14501 14756 14874 14971 15304 15635 15646 15718 15876 16169 16231 16469 16541 16599 16712 16940 17137 17257 17289 17434 17477 17527 17596 17610 17955 18183 18451 18463 18624 18725 18894 19127 19153 19346 19407 19484 19547 19826 19974
213 1 348 438 465 548 609 656 676 696 711 812 891 902 1254 1380 1387 1400 1430 1440 1442 1447 1582 1618 1700 1802 1872 1891 1898 2017 2088 2096 2490 2497 2524 2752 2819 3131 3213 3463 3510 3705 3786 3890 3892 3963 4017 4023 4070 4106 4216 4269 4397 4620 4751 4947 4977 5185 5247 5379 5471 5523 5631 5667 5779 5814 5957 5983 6014 6053 6128 6151 6435 6520 6674 6798 7011 7108 7183 7191 7212 7369 7382 7744 7754 7792 8000 8060 8178 8395 8562 8632 8689 8692 8873 9033 9309 9574 9769 9859 9996 10051 10064 10211 10341 10363 10472 10491 10585 10605 10637 10849 10865 10998 11009 11010 11208 11266 11276 11385 11392 11405 11725 11749 11800 11900 11939 12057 12108 12338 12374 12526 12561 12606 12774 12793 12818 12889 12989 13090 13110 13290 13389 13440 13518 13569 13932 14159 14291 14315 14407 14543 14621 14768 14769 14976 14994 15182 15191 15214 15309 15344 15352 15692 15820 15849 15870 15901 15912 15967 16083 16211 16374 16393 16410 16625 16676 16783 16908 17011 17140 17162 17297 17334 17369 17413 17424 17503 17614 17694 17944 18048 18077 18080 18149 18327 18403 18423 18638 18771 18792 18835 18970 19013 19107 19202 19300 19455 19532 19573 19822 19936 19946 19990
184 244 355 415 769 929 963 968 1288 1331 1350 1379 1515 1608 1660 1673 1696 1932 1965 2016 2198 2606 2644 2659 2723 2735 2979 3017 3031 3035 3081 3223 3246 3268 3313 3465 3527 3560 3929 4206 4362 4390 4556 4572 4729 4745 4835 4843 5502 5905 5998 6034 6176 6314 6343 6404 6561 6599 6658 6676 6902 6917 7259 7351 7393 7449 7492 7550 7599 7610 8000 8094 8150 8182 8200 8337 8370 8372 8373 8489 8670 8675 8906 8971 9070 9192 9473 9497 9612 9845 9864 9998 10148 10190 10341 10345 10508 10509 10713 10783 10797 10906 10977 11098 11112 11450 11571 11724 11751 11758 11854 11874 11922 12004 12050 12167 12227 12297 12358 12548 12713 12865 13133 13362 13536 13612 13637 13747 13837 13985 14029 14332 14383 14390 14502 14535 14572 14617 14655 15130 15606 15607 15658 15761 15825 15927 16355 16414 16500 16626 16818 17005 17035 17149 17304 17305 17350 17409 17421 17570 17787 17965 18034 18060 18234 18245 18246 18255 18375 18385 18567 18581 18673 18721 19150 19244 19259 19341 19363 19418 19422 19474 19667 19677 19852
187 76 503 571 608 736 992 1011 1078 1179 1180 1437 1493 1522 1527 1649 1802 1917 1939 2201 2232 2245 2339 2356 2607 2927 3032 3043 3072 3388 3410 3421 3475 3513 3621 3828 3896 3969 4029 4047 4092 4103 4480 4555 4598 4696 4712 4790 5039 5102 5186 5216 5326 5333 5404 5433 5471 5576 5634 5732 5760 5780 5781 6035 6084 6092 6343 6344 6369 6480 6559 6676 6714 6753 6772 6899 6947 7079 7105 7238 7618 7652 7827 7971 8104 8284 8320 8381 8728 9005 9016 9057 9147 9201 9217 9222 9515 9600 9844 10211 10352 10453 10558 10585 10776 10837 10850 10961 11020 11041 11202 11219 11443 11534 11663 11678 11759 11915 12011 12059 12130 12196 12355 12404 12468 12514 12635 12692 12717 12780 12804 13081 13117 13385 13415 13439 13489 13573 13685 13723 13871 13958 13982 14123 14225 14291 14317 14351 14408 14490 14896 14912 15235 15407 15475 15484 15605 15789 15871 15973 16000 16041 16049 16055 16089 16365 16396 16533 16749 16921 17032 17048 17370 17838 17882 18417 18435 18442 18907 18942 19017 19074 19170 19314 19501 19538 19576 19689
207 54 149 644 696 712 745 764 774 1058 1099 1236 1283 1289 1354 1464 1484 1502 1625 1688 1753 1930 2203 2316 2532 2583 2586 2813 2912 3108 3117 3242 3377 3410 3456 3519 3553 3783 3795 3955 4295 4360 4398 4498 4787 4798 4834 4958 4966 5017 5103 5365 5468 5482 5493 5559 5606 5643 5661 5799 5984 6041 6205 6528 6547 6562 6617 6746 6813 6842 6928 6946 7007 7030 7404 7491 7551 7643 7764 7919 7998 8109 8170 8186 8301 8343 8410 8481 8689 8697 8799 8804 8966 9066 9110 9212 9266 9267 9454 9682 9685 9758 10090 10124 10179 10259 10284 10420 10511 10808 10873 10936 10938 11025 11042 11044 11051 11115 11162 11272 11338 11468 11489 11571 11741 11784 11788 11817 11857 11930 12138 12174 12246 12258 12296 12346 12715 12767 12946 13058 13091 13742 13810 13927 13938 13990 14015 14037 14053 14123 14219 14421 14686 14741 14777 14966 15222 15304 15385 15635 15776 16184 16262 16344 16490 16557 16635 16641 16672 16707 16745 16760 16924 16934 17040 17047 17122 17296 17319 17408 17514 17519 17573 17789 17927 18078 18083 18116 18320 18391 18395 18498 18570 18825 18865 18926 18953 18987 18992 19019 19122 19301 19390 19640 19676 19817 19958 19988
191 113 142 176 336 450 525 624 826 1148 1298 1352 1368 1399 1406 1537 1619 1745 1923 1936 2019 2064 2106 2318 2425 2668 2896 2934 3237 3263 3302 3320 3337 3547 3599 3668 3745 3764 3830 3836 4007 4135 4222 4269 4499 4522 4745 4836 4911 5267 5334 5487 5544 5579 5691 5903 5959 6023 6131 6380 6624 6745 6847 6904 7039 7066 7126 7309 7377 7390 7445 7501 7551 7704 7765 7795 7964 8071 8137 8157 8178 8347 8395 8435 8438 8542 8596 8667 8958 9221 9294 9382 9411 9469 9558 9592 9653 9654 9832 10062 10155 10388 10430 10489 10570 10585 10637 10798 10857 10998 11049 11088 11152 11161 11238 11319 11464 11665 11771 11958 12004 12095 12167 12205 12567 12833 13070 13168 13222 13351 13589 13745 13925 13969 13978 13991 14021 14174 14186 14311 14318 14344 14482 14609 14653 14844 14872 15029 15058 15123 15137 15157 15245 15283 15288 15560 15615 15875 16011 16423 16501 16545 16670 16678 16849 17000 17159 17196 17499 17675 17747 17841 17915 18158 18369 18388 18389 18403 18526 18575 18685 18777 18831 18923 19023 19059 19393 19491 19673 19779 19975 19996
196 25 50 71 133 180 239 247 476 607 615 616 864 891 967 1014 1202 1358 1392 1504 1518 1569 1579 1772 1792 1879 1884 2353 2438 2463 2551 2834 2861 2882 2910 3031 3114 3162 3221 3319 3333 3346 3399 3469 3518 3534 3598 3999 4012 4127 4135 4198 4244 4267 4350 4407 4412 4581 4700 4811 4826 4908 5003 5082 5090 5173 5306 5562 5787 6155 6221 6242 6254 6268 6311 6426 6508 6821 6945 7021 7079 7097 7166 7195 7222 7391 7435 7510 7647 7661 7695 7861 7934 8023 8194 8274 8522 8583 8816 8889 8892 8902 9050 9144 9211 9569 9640 9652 9864 10042 10195 10363 10747 10860 11114 11119 11129 11476 11610 11887 11943 11976 12346 12404 12633 12702 12717 12830 12934 13003 13026 13243 13342 13594 13653 13933 14025 14047 14121 14123 14184 14244 14292 14410 14423 14489 14677 14878 14892 14997 14998 15196 15342 15558 15632 15895 16065 16166 16232 16385 16583 16662 16941 17163 17194 17363 17438 17484 17537 17556 17733 17791 17795 17917 18145 18408 18461 18485 18566 18610 18738 18742 18883 19085 19147 19178 19229 19319 19353 19432 19549 19622 19770 19882 19913 19916 19943
206 8 212 425 435 470 509 589 648 671 762 789 861 919 967 1122 1253 1383 1506 1515 1539 1603 1661 1745 1840 1939 2099 2113 2174 2194 2206 2262 2717 2749 3162 3367 3485 3576 3680 3705 3948 4158 4190 4231 4340 4347 4375 4391 4429 4456 4537 4594 4630 4655 4657 4669 4740 4760 4822 4863 4942 5065 5458 5559 5704 5805 5962 6174 6196 6236 6319 6396 6457 6673 6769 6871 6915 7010 7108 7139 7303 7517 7599 7824 7989 8246 8419 8513 8544 8547 8821 8918 8940 8985 9111 9214 9278 9307 9383 9444 9470 9554 9643 9674 9675 9791 9953 10113 10153 10158 10236 10255 10421 10778 10937 10955 11238 11393 11626 11674 11747 11813 11880 11909 12146 12152 12158 12247 12377 12402 12553 12938 13252 13320 13417 13419 13440 13485 13564 13586 13692 13817 13878 13982 14219 14617 14669 14692 14754 14992 15004 15245 15336 15555 15582 15689 15694 15966 16023 16075 16151 16254 16323 16339 16495 16680 16770 16844 16888 16899 16914 17017 17024 17068 17145 17163 17198 17200 17357 17555 17618 17667 17738 17844 17857 17951 17958 18051 18132 18148 18265 18340 18395 18591 18640 18735 18800 18955 19072 19145 19153 19575 19633 19740 19802 19809 19887
206 81 89 99 206 239 292 400 616 752 905 953 1039 1117 1131 1258 1428 1475 1661 1828 1901 2068 2143 2194 2518 2619 2729 2739 2848 2850 2956 3127 3208 3260 3576 3609 3718 3861 3919 4043 4068 4295 4311 4319 4320 4536 4623 4671 4774 4813 4859 4883 5146 5148 5203 5740 5899 5908 5919 5929 5933 6006 6094 6095 6108 6164 6173 6202 6508 6806 6821 6883 6921 6944 7124 7238 7513 7526 7550 7639 7799 7906 7962 7966 8228 8313 8493 8529 8563 8741 8745 8925 8930 8956 9082 9092 9114 9169 9180 9227 9274 9306 9476 9560 9565 9675 9693 9763 9789 9807 9893 10227 10554 10668 10848 10890 11025 11064 11151 11193 11278 11353 11391 11441 11444 11548 11886 11944 12242 12380 12486 12600 12606 12738 12745 12828 12924 13165 13204 13217 13221 13260 13330 13346 13375 13381 13400 13544 13552 13647 13654 13760 13991 13992 14012 14139 14168 14230 14427 14515 14699 14704 14715 14770 14851 14870 14949 15050 15081 15114 15167 15173 15287 15350 15411 15442 15552 15744 15790 15995 16415 16461 16773 16852 16912 17258 17303 17333 17885 17977 18067 18102 18113 18135 18385 18392 18443 18531 18634 18678 18736 18769 18859 18867 18920 19127 19549
208 1 212 320 378 729 793 891 1061 1067 1117 1165 1341 1736 1952 2023 2168 2207 2233 2342 2378 2455 2468 2771 2820 3007 3114 3546 3656 3731 3808 4174 4185 4270 4301 4417 4489 4499 4701 4733 4892 4940 5001 5069 5121 5162 5217 5328 5348 5428 5463 5624 5657 5698 5742 5829 5858 5987 6017 6080 6166 6182 6239 6573 6635 6644 6702 6715 6770 6887 7046 7065 7105 7135 7176 7188 7331 7473 7570 7719 7772 7864 7928 7936 7945 8211 8407 8454 8498 8539 8606 8717 9028 9086 9087 9150 9167 9236 9330 9412 9458 9499 9533 9596 10082 10183 10519 10534 10701 10726 10746 11056 11173 11199 11201 11216 11273 11398 11529 11619 11671 11672 11745 11838 11936 12097 12098 12196 12306 12350 12454 12562 12811 12832 12855 12889 13165 13178 13328 13330 13439 13513 13516 13647 13707 13743 13796 14012 14047 14207 14257 14399 14424 14457 14571 14693 14699 15058 15098 15262 15309 15341 15345 15392 15423 15425 15678 15702 15731 15877 16058 16089 16172 16226 16312 16635 16813 16852 16990 17018 17065 17193 17270 17531 17540 17630 17643 17660 17795 17825 17879 18069 18135 18246 18302 18383 18401 18472 18851 18858 18895 18945 18968 19216 19514 19564 19576 19752 19930
213 4 91 267 356 357 416 453 542 646 740 788 1029 1145 1283 1389 1460 1585 1663 1672 1837 1847 1891 2220 2234 2347 2399 2439 2491 2506 2646 2735 2762 2768 2859 2885 2907 2922 3079 3323 3360 3392 3614 3682 3705 3746 3816 4014 4018 4166 4216 4299 4353 4357 4372 4379 4474 4499 4561 4583 4654 4697 4835 5324 5363 5486 5618 5713 5843 5879 6076 6110 6156 6248 6344 6394 6422 6864 6953 7068 7098 7117 7130 7293 7295 7588 7655 7836 7955 7964 8246 8281 8303 8335 8429 8484 8651 8711 8798 8806 9001 9025 9166 9222 9319 9388 9557 9631 9760 9767 9778 9914 9928 10031 10123 10234 10294 10677 10718 10807 10957 11055 11060 11091 11160 11191 11277 11474 11615 11685 11834 11838 12319 12612 12786 12870 13023 13158 13187 13226 13305 13382 13449 13586 13725 13751 13792 13908 14048 14084 14284 14298 14331 14359 14401 14504 14526 14529 14583 14590 14633 14845 14874 14998 15044 15133 15165 15313 15360 15368 15576 15689 15898 16017 16270 16362 16408 16534 16585 16593 16624 16896 17096 17112 17313 17460 17504 17539 17576 17733 17742 17781 17876 18007 18345 18354 18424 18426 18468 18757 18772 18832 18957 18958 18964 18973 19157 19186 19294 19495 19522 19592 19944 19981
196 72 114 140 169 229 234 418 465 521 526 734 915 932 987 1164 1170 1252 1286 1415 1591 1609 1630 1714 1866 1897 1924 1960 2286 2382 2933 3026 3089 3158 3171 3175 3407 3424 3468 3476 3642 3689 3693 4518 4576 4588 4745 4831 4993 5014 5122 5183 5241 5255 5326 5379 5425 5464 5474 5801 5896 5985 5996 6175 6236 6272 6295 6866 7142 7150 7215 7234 7291 7312 7374 7396 7413 7440 7652 7699 7785 7841 7860 7992 8006 8315 8549 8624 8649 8856 8974 9064 9185 9230 9454 9457 9472 9550 9646 9736 9746 9767 9771 9827 9926 9977 10116 10375 10406 10548 10578 10652 10946 11041 11052 11126 11250 11301 11347 11769 11844 11901 12226 12401 12514 12646 12686 12765 12865 12951 12991 13031 13083 13377 13523 13592 13642 13655 13817 13907 13942 14228 14291 14362 14615 14808 14846 15039 15164 15196 15225 15233 15251 15586 15619 15668 15683 15702 15759 15909 16061 16346 16378 16398 16447 16487 16489 16498 16507 16802 16949 16957 17180 17237 17309 17312 17368 17390 17414 17531 17613 17620 17734 17750 17819 17871 18002 18381 18872 18905 18922 19103 19230 19283 19400 19415 19557
205 33 113 196 270 327 430 431 476 645 658 722 835 897 934 937 955 1099 1123 1215 1222 1356 1424 1435 1629 1733 1760 1806 1975 2069 2115 2206 2598 2658 2663 2767 2869 2897 2961 3048 3052 3185 3294 3428 3491 3743 3832 3857 3948 3968 4019 4225 4242 4438 4638 4640 4677 4703 4743 4751 4783 4938 5127 5277 5329 5421 5613 5681 6102 6395 6407 6497 6528 6746 6811 6884 6942 7041 7210 7243 7276 7314 7335 7438 7452 7644 7834 7872 7876 7974 8026 8072 8162 8179 8217 8282 8325 8389 8438 8601 8610 8664 8720 8898 8953 9038 9077 9277 9462 9519 9547 9574 9603 9659 9668 9671 9912 9975 10045 10059 10154 10163 10559 10569 10798 10819 10965 11033 11075 11589 11640 11861 11979 12376 12655 12736 12748 12797 12823 13072 13104 13491 13514 13549 13874 13877 14029 14088 14334 14364 14369 14377 14396 14435 14506 14616 14759 14778 14964 14980 15110 15177 15270 15508 15512 15572 15672 15835 15967 16065 16114 16166 16377 16413 16519 16707 16708 16815 17044 17335 17369 17392 17622 17720 17787 17954 17971 18032 18272 18437 18526 18549 18679 18700 18740 18797 19217 19317 19343 19500 19575 19675 19703 19896 19910 19914
188 47 100 285 292 532 780 933 1021 1049 1396 1461 1564 1671 1887 1977 2078 2094 2098 2140 2495 2515 2552 2913 3468 3544 3596 3659 3925 3998 4176 4348 4352 4418 4456 4677 4792 4798 4845 4886 5008 5034 5266 5269 5335 5353 5481 5493 5719 5835 5836 5852 5994 6004 6310 6473 6525 6967 6989 7071 7106 7262 7275 7433 7490 7527 7586 7594 7619 7668 7705 7756 7773 7953 8194 8378 8526 8559 8589 8748 8754 8860 8888 8917 8937 8946 9377 9384 9410 9502 9854 9935 9996 10077 10199 10233 10401 10473 10533 10732 10899 10911 10952 10963 11008 11187 11217 11264 11577 11631 11791 12039 12190 12243 12246 12254 12291 12428 12537 12580 12592 12706 12869 12974 13142 13203 13327 13505 13823 13833 14044 14160 14193 14254 14403 14592 14667 14682 14722 14738 14761 14792 14914 15205 15377 15388 15389 15478 15715 15719 15798 15912 15957 16001 16241 16379 16418 16441 16469 16492 16552 16596 16910 17150 17242 17298 17359 17491 17614 17624 17676 17705 17848 17870 17889 18385 18874 18903 18973 19048 19218 19301 19363 19568 19610 19640 19826 19853 19942
228 148 252 676 765 828 969 976 1051 1070 1212 1225 1236 1308 1362 1418 1445 1462 1504 1513 1574 1740 2058 2093 2095 2098 2123 2124 2246 2625 2673 2700 2854 2894 2960 2984 3090 3195 3303 3380 3425 3594 3596 3648 3894 3974 4100 4127 4458 4581 4768 4985 4991 5343 5384 5396 5575 5742 5828 6245 6249 6268 6430 6469 6617 6732 6841 6883 6925 7033 7097 7212 7226 7358 7391 7467 7538 7555 7562 7591 7747 7781 7829 7907 7937 7976 8001 8098 8246 8253 8337 8375 8389 8391 8397 8422 8545 8578 8748 8804 8894 8942 9112 9139 9144 9185 9289 9440 9441 9593 9646 9695 9730 9776 9815 9965 9985 9992 10010 10106 10323 10434 10440 10836 10879 10901 10904 11097 11138 11168 11215 11423 11519 11777 11889 11940 11948 11975 12164 12210 12255 12351 12424 12500 12590 12619 12765 12777 12808 13027 13048 13103 13144 13535 13564 13737 13833 14016 14069 14238 14374 14566 14687 14765 14955 14963 15058 15129 15149 15151 15541 15566 15569 15600 15665 15668 15710 15823 15832 15872 15915 15973 15975 16019 16024 16033 16139 16227 16233 16253 16281 16307 16322 16328 16339 16354 16395 16592 16820 16945 17004 17189 17288 17344 17473 17557 17566 17772 17911 18018 18118 18269 18374 18386 18440 18494 18575 18733 18775 18808 18873 18925 19057 19256 19447 19510 19677 19819 19992
233 45 142 342 463 790 957 1038 1157 1202 1271 1302 1314 1384 1444 1635 1678 1719 1720 1769 1774 1779 1909 1996 2067 2093 2481 2547 2599 2718 2808 2892 3076 3226 3305 3313 3355 3441 3521 3746 3807 3922 4069 4139 4229 4282 4412 4413 4562 4578 4623 4755 4803 4837 4977 5070 5104 5162 5208 5265 5270 5278 5378 5492 5536 5592 5821 5890 5899 5923 5937 5940 5946 5965 6012 6175 6202 6398 6500 6622 6631 6726 6851 7050 7073 7134 7247 7303 7385 7452 7484 7545 7569 7602 7681 7692 7701 7728 7736 7793 7917 7918 8163 8255 8299 8605 8627 8706 8811 8856 8987 9294 9387 9468 9871 9880 9910 9929 10182 10253 10364 10393 10496 10553 10647 10806 10901 10911 11038 11061 11120 11166 11240 11325 11485 11811 11837 11937 11962 12123 12260 12503 12683 12931 12997 13043 13097 13170 13218 13263 13422 13425 13594 13672 13683 13765 13949 14031 14232 14241 14359 14454 14530 14578 14713 14757 14859 14940 14989 15298 15359 15377 15406 15476 15653 15655 15662 15690 15695 15711 15724 15805 15934 16017 16177 16247 16287 16335 16490 16507 16770 16791 16813 16872 16945 16960 17005 17115 17279 17361 17438 17459 17478 17504 17623 17645 17720 17724 17800 17807 17936 17967 18035 18057 18087 18376 18402 18451 18489 18526 18616 18632 18704 18714 18743 18832 19129 19207 19253 19276 19651 19748 19782 19796
218 91 192 207 249 268 502 621 834 904 957 1164 1192 1257 1432 1533 1556 1606 1635 1779 1843 1872 2051 2071 2091 2172 2226 2333 2394 2409 2472 2515 2583 2662 2894 2938 2965 2982 3185 3190 3350 3445 3452 3515 3603 3609 3650 3812 3817 3982 4059 4224 4293 4367 4391 4446 4816 4858 4862 5077 5125 5196 5336 5361 5372 5377 5385 5432 5501 5537 5624 5771 5849 5927 5943 6058 6068 6157 6239 6290 6327 6368 6606 6723 6778 6812 6828 6874 6875 6998 7276 7278 7390 7450 7456 7481 7500 7547 7611 7628 7760 7929 7982 8094 8116 8210 8257 8322 8459 8535 8592 8599 8651 8719 8806 8983 9163 9179 9281 9599 9723 9736 9767 9874 9898 10050 10096 10127 10135 10470 10678 10710 10934 10956 11406 11450 11580 11674 11698 11868 11900 11966 12269 12468 12552 12580 12635 12644 12670 12687 12721 12856 12919 13084 13133 13282 13658 13775 13889 13979 14004 14054 14056 14140 14161 14216 14286 14622 14637 14854 14974 15167 15411 15477 15494 15522 15551 15669 15697 15887 15909 15953 16217 16433 16436 16725 16756 16868 16950 16994 16995 17063 17516 17580 17605 17694 17719 17817 17855 17892 17961 18049 18138 18555 18676 18680 18784 18801 18814 18849 18879 18900 19003 19287 19301 19844 19851 19857 19873
198 97 303 437 469 491 509 648 709 719 828 975 1000 1049 1221 1363 1405 1517 1709 1725 1756 2185 2441 2493 2625 2806 2853 2958 3034 3110 3177 3240 3250 3273 3312 3409 3447 3448 3563 3582 3618 3828 3846 4162 4178 4617 4664 4779 4852 4861 4892 4947 4965 5185 5285 5352 5410 5550 5554 5628 6056 6094 6118 6182 6269 6436 6444 6709 6739 7081 7131 7154 7163 7460 7483 7502 7670 7685 7697 7738 7884 7917 8138 8315 8348 8360 8373 8430 8530 8537 8832 8935 9132 9204 9386 9418 9537 9562 9571 9684 9699 9837 9854 9861 9909 9958 9963 10635 10786 10839 10981 10990 11017 11070 11237 11327 11341 11392 11418 11498 11506 11779 11841 11990 12037 12309 12611 12691 12735 12745 12752 12838 12996 13055 13243 13252 13318 13374 13415 13553 13736 13788 13806 13922 14047 14115 14213 14226 14290 14393 14547 14630 14820 14931 15044 15081 15146 15189 15295 15609 15672 15702 15755 15881 15893 16003 16035 16049 16275 16453 16460 16685 16747 16792 16929 16949 17077 17160 17619 17833 17947 17992 18015 18031 18426 18502 18677 18777 18779 18816 19048 19134 19178 19209 19236 19322 19452 19506 19642
158 255 388 459 480 551 785 981 1377 1624 1627 1789 1913 1915 1964 2093 2251 2375 2399 2427 2480 2993 3044 3275 3464 3467 3487 4070 4233 5029 5066 5070 5138 5152 5337 5558 5597 5606 5811 5912 6010 6027 6039 6072 6289 6702 6795 6828 6949 7177 7197 7256 7552 7621 7673 7699 7707 7771 7825 7911 8041 8296 8375 8818 8824 9359 9397 9418 9450 9506 9734 9838 9953 10164 10197 10211 10256 10277 10366 10383 10405 10485 10522 10608 10930 11019 11194 11299 11776 11812 11933 12083 12183 12399 12523 12728 12919 12932 13105 13299 13325 13349 13355 13469 13591 13816 14001 14061 14062 14219 14669 14693 14771 14887 15129 15246 15306 15322 15444 15466 15512 15545 15738 16137 16428 16561 16641 16665 16694 16891 17016 17266 17375 17407 17448 17490 17755 17881 18038 18221 18240 18256 18258 18279 18689 18692 18711 19065 19343 19351 19383 19413 19436 19442 19488 19537 19923 19942 19952
204 383 548 551 618 1003 1102 1129 1227 1249 1349 1625 1718 1778 2156 2289 2836 2938 2976 2991 3180 3252 3275 3695 3722 3736 4196 4461 4645 4652 4692 4888 4889 5020 5070 5143 5312 5463 5606 5726 5776 6027 6035 6219 6309 6488 6549 6683 6714 6716 6930 6945 7025 7232 7351 7664 7705 7947 8000 8027 8233 8426 8554 8563 8631 8638 8721 9005 9092 9180 9290 9382 9437 9472 9505 9603 9671 9756 9818 9897 9983 10035 10084 10089 10150 10173 10184 10195 10239 10317 10323 10392 10445 10586 10607 10620 10636 10793 10825 10974 10981 11082 11206 11450 11458 11603 11873 11916 11941 12019 12185 12198 12348 12361 12390 12394 12646 12691 12714 12810 12847 12894 12920 13038 13122 13187 13197 13209 13215 13291 13414 13531 13577 13808 13844 13958 14151 14283 14292 14400 14437 14566 14654 14664 14848 14933 14992 15010 15012 15094 15103 15114 15236 15250 15284 15436 15514 15533 15621 15806 15871 15931 16033 16110 16219 16227 16235 16300 16356 16531 16563 16632 16672 16687 16756 16781 16928 17177 17246 17299 17337 17371 17376 17380 17493 17589 17805 17905 18116 18127 18472 18577 18625 18711 18817 19238 19381 19439 19497 19510 19600 19722 19877 19883 19966
200 135 216 372 602 892 937 1001 1410 1460 1475 1492 1645 1670 1759 1883 1952 2009 2024 2045 2064 2096 2248 2353 2387 2538 2635 2849 2861 2922 2993 3199 3464 3540 3854 3877 4051 4212 4482 4491 4496 4511 4712 4789 4810 4816 4828 4840 4929 5039 5096 5121 5233 5467 5600 5767 5783 5849 5894 6078 6115 6216 6220 6295 6322 6373 6573 6602 6833 7091 7124 7226 7301 7347 7563 7640 7662 7706 7720 7916 7996 8196 8223 8365 8409 8460 8465 8473 8591 8610 8768 8876 8886 9003 9034 9090 9394 9415 9588 9624 9840 9847 9962 10037 10061 10174 10265 10281 10386 10402 10494 10550 10665 10855 11076 11121 11313 11339 11627 11733 12019 12072 12132 12144 12192 12636 12682 12761 12810 13001 13100 13317 13330 13355 13531 13564 13640 13676 13681 13873 13903 14069 14188 14290 14291 14431 14498 14824 15020 15054 15257 15309 15335 15406 15785 15823 15831 15921 15978 15998 16042 16055 16058 16069 16282 16390 16629 16635 16828 16870 16931 17148 17189 17329 17336 17465 17568 17733 17862 17897 17943 18116 18286 18435 18478 18790 18853 18863 18919 19041 19050 19051 19107 19117 19177 19254 19465 19735 19798 19801 19931
205 71 145 257 276 302 514 687 771 808 818 888 1324 1401 1545 1692 1727 1766 1995 2148 2518 2586 2599 2617 2691 2992 3006 3183 3251 3353 3699 3795 3841 4002 4007 4058 4066 4174 4368 4374 4392 4603 4694 4752 4758 4778 4786 4806 5138 5234 5287 5355 5607 5844 5880 5985 6426 6535 6584 6600 6620 6722 6738 6787 7084 7263 7291 7535 7536 7563 7572 7595 7604 7657 7935 7955 8023 8113 8143 8172 8180 8247 8310 8312 8777 8806 8836 8854 9015 9178 9249 9291 9321 9471 9575 9591 9624 9652 9668 9760 9791 10196 10371 10913 10998 11062 11182 11262 11264 11380 11419 11424 11493 11596 11721 11733 12036 12253 12451 12481 12609 12614 12905 12922 13100 13190 13241 13295 13512 13568 13574 13579 13838 13861 13890 14168 14290 14605 14713 14835 14852 14871 14883 15107 15139 15206 15207 15649 15690 15709 15753 15926 15940 16109 16110 16200 16390 16408 16474 16505 16637 16695 16878 16920 16985 17120 17166 17178 17291 17747 17752 17879 17896 18023 18046 18116 18166 18275 18341 18350 18476 18517 18531 18629 18716 18769 18816 18955 19060 19113 19256 19314 19330 19370 19374 19397 19426 19475 19486 19612 19777 19836 19846 19855 19877 19923
183 202 390 608 672 815 864 883 886 891 1318 1331 1371 1422 1571 1629 1674 1907 2157 2235 2287 2382 2433 2487 2527 2592 2745 2759 2840 2853 2884 3124 3208 3252 3484 3591 3692 3730 3876 3991 4052 4108 4212 4435 4592 4604 4739 5106 5332 5505 5569 5661 5701 5705 5714 5787 5929 5951 6292 6517 6520 6662 6729 6755 6758 6851 6960 6990 7000 7014 7097 7254 7319 7348 7433 7522 7596 7679 7768 8219 8278 8346 8549 8553 8758 8858 9322 9451 9508 9522 9592 9595 9605 9751 9857 10363 10367 10390 10418 10564 10648 10657 10658 10764 10790 10868 11054 11058 11099 11143 11296 11352 11361 11569 11621 11803 11896 12075 12114 12263 12548 12576 12732 12841 13025 13142 13346 13355 13403 13494 13613 13780 13801 13880 14095 14126 14134 14347 14413 14558 14765 14808 14823 15025 15133 15163 15180 15211 15394 16036 16156 16203 16245 16263 16276 16299 16661 16672 16765 16817 17234 17271 17300 17401 17443 17468 17532 17923 18227 18306 18438 18460 18521 18560 18618 18720 18833 18937 19036 19082 19173 19333 19452 19586
206 128 152 251 465 581 585 715 1150 1182 1202 1249 1251 1306 1376 1615 1700 1720 1727 1762 1906 1990 2227 2306 2337 2648 2665 2687 3049 3088 3514 3528 3585 3737 3755 3876 3901 3907 4019 4202 4260 4299 4390 4414 4537 4558 4626 4688 4789 4802 4938 4962 5411 5482 5631 5725 5753 6444 6463 6479 6558 6572 6777 6839 6843 6871 6952 6971 7065 7106 7188 7247 7422 7429 7462 7492 7642 7707 7749 7759 7786 7917 8105 8523 8836 8848 8905 9082 9321 9418 9468 9596 9601 9745 9779 9914 9945 9964 10054 10165 10248 10380 10415 10446 10508 10578 10702 10756 10774 10840 10895 10918 10974 10985 11054 11082 11260 11418 11489 11509 11587 11622 11646 12152 12193 12402 12669 12716 12754 12818 12843 12870 12898 12928 13271 13728 13832 14137 14215 14283 14313 14387 14411 14472 14564 14591 14654 14736 14800 14833 14863 14994 15078 15182 15185 15250 15263 15415 15452 15687 15987 15993 16149 16216 16237 16300 16334 16380 16532 16666 16749 16819 16820 16827 16929 17049 17096 17099 17148 17208 17495 17549 17651 17805 17852 17872 17894 18015 18182 18362 18444 18448 18534 18581 18628 18693 18711 18773 18820 18958 19034 19147 19314 19447 19839 19876 19921
199 237 398 466 485 517 782 890 1244 1779 1892 1998 2015 2202 2264 2297 2328 2588 2653 2660 2687 2744 2772 2785 2828 2920 2939 3151 3179 3285 3402 3454 3874 4025 4165 4168 4199 4352 4702 4899 5079 5279 5294 5446 5639 5762 5855 5892 5958 5972 6194 6200 6227 6277 6370 6407 6467 6936 7050 7405 7452 7474 7605 7631 7651 8093 8175 8207 8337 8387 8488 8504 8573 8575 8582 8654 8780 8819 8849 8973 9169 9324 9326 9473 9475 9690 10004 10018 10099 10151 10309 10390 10586 11051 11083 11111 11161 11218 11237 11383 11442 11476 11547 11570 11660 11695 11840 12091 12107 12177 12212 12536 12614 12674 12694 12821 13004 13087 13169 13196 13354 13515 13587 13606 13610 13732 13877 13914 13945 13967 13996 14018 14096 14114 14121 14153 14184 14491 14545 14578 14716 14753 14865 14867 14920 14951 14987 15023 15061 15153 15286 15298 15354 15373 15532 15534 15592 15600 15795 15878 15944 15949 16034 16090 16231 16567 16916 17064 17087 17238 17290 17461 17463 17496 17679 17717 17729 17892 17922 18026 18034 18080 18269 18278 18282 18696 18711 18717 18858 18953 19190 19229 19440 19441 19542 19556 19698 19769 19853 19876
220 163 235 308 447 469 528 577 710 765 1350 1430 1488 1550 1789 1867 1891 1892 1999 2021 2030 2033 2104 2188 2361 2425 2498 2507 2544 2644 2646 2685 2700 2742 2930 3098 3137 3226 3305 3309 3328 3789 3938 4006 4033 4095 4097 4237 4533 5377 5442 5455 5513 5531 5564 5602 5756 5790 6016 6057 6120 6175 6181 6207 6271 6406 6444 6483 6560 6626 6785 6974 7094 7116 7283 7313 7318 7331 7407 7411 7461 7631 7685 7741 7883 8084 8089 8100 8188 8189 8193 8246 8361 8484 8546 8548 8622 8630 8658 8745 8818 8942 9183 9193 9227 9257 9309 9604 9619 9700 9854 10078 10113 10215 10261 10336 10421 10485 10590 10601 10792 10800 10809 10909 11000 11069 11071 11291 11307 11342 11367 11539 11598 11618 11643 11683 11968 12215 12303 12397 12561 12566 12626 12701 12751 12856 12970 13143 13148 13352 13355 13362 13388 13552 13626 13745 14216 14230 14246 14314 14327 14351 14402 14464 14838 14922 15111 15145 15154 15192 15226 15313 15385 15528 15569 15701 15792 15838 15957 16153 16162 16449 16491 16630 16709 16719 16739 16787 16889 16981 17084 17127 17137 17148 17208 17337 17500 17534 17541 17855 17859 17886 18213 18236 18275 18342 18445 18455 18522 19008 19027 19050 19165 19190 19320 19343 19388 19478 19705 19740 19933
204 15 40 192 292 490 589 605 800 842 1016 1088 1113 1334 1349 1423 1444 1471 1505 1673 1794 2022 2148 2191 2210 2282 2288 2397 2458 2882 2966 2971 3054 3087 3140 3359 3452 3526 3678 3729 3916 3974 4072 4098 4159 4192 4345 4365 4423 4474 4514 4635 4715 4779 4888 4894 5138 5241 5262 5350 5420 5511 5540 5551 5853 5982 6384 6470 6499 6512 6566 6621 6807 6875 7234 7239 7290 7573 7585 7627 7793 7873 7926 8078 8108 8116 8240 8279 8341 8399 8504 8646 8708 8741 8848 9038 9116 9309 9770 9809 9881 9907 10094 10207 10211 10284 10315 10463 10580 10756 11113 11130 11225 11525 11581 11644 11653 11719 11788 12067 12112 12159 12226 12245 12278 12300 12354 12476 12553 12566 12599 12802 12822 12832 12838 12877 12967 13268 13572 13641 13660 13789 14037 14056 14065 14192 14220 14236 14318 14327 14379 14419 14577 14691 14938 15274 15306 15332 15363 15694 15854 15974 16326 16398 16449 16553 16591 16699 16742 16817 16854 16948 16976 17020 17070 17202 17234 17700 17722 17881 17893 18305 18387 18410 18465 18493 18549 18723 19145 19247 19257 19294 19321 19325 19328 19469 19482 19498 19506 19721 19810 19831 19872 19882 19973
197 84 633 640 805 814 824 1266 1393 1632 1665 1684 1841 1891 1902 1927 1993 2272 2285 2519 2700 2753 2759 2776 2925 2933 3009 3301 3401 3696 3710 3735 3808 3809 3887 3953 4140 4261 4280 4302 4304 4348 4395 4505 5077 5094 5147 5240 5278 5285 5468 5526 5612 5652 5744 5770 5772 5795 5812 6078 6263 6495 6624 6675 6784 6908 6979 7062 7098 7300 7329 7377 7522 7541 7748 7921 7945 8122 8264 8380 8390 8431 8453 8534 8605 9005 9087 9123 9158 9242 9614 9809 9858 9861 10124 10367 10372 10399 10911 10915 11078 11260 11306 11322 11448 11503 11535 11638 11754 11828 11943 12052 12059 12070 12205 12479 12664 12860 12999 13064 13102 13103 13134 13277 13283 13300 13331 13376 13383 13491 13601 13719 13722 13759 14009 14017 14043 14092 14116 14148 14185 14234 14264 14416 14495 14722 14758 14996 15005 15084 15094 15438 15452 15544 15672 15855 15927 15999 16065 16195 16212 16269 16271 16779 16908 17061 17101 17188 17395 17440 17722 17730 17755 17836 17866 17933 17984 18053 18146 18273 18604 18642 18644 18912 19016 19131 19147 19226 19318 19376 19535 19585 19634 19644 19733 19813 19900 19910
198 69 240 428 495 517 638 657 669 690 768 910 957 1064 1253 1268 1371 1420 1452 1550 1646 2525 2796 2874 2876 2964 2985 3210 3268 3270 3304 3445 3491 3731 3832 3950 3985 4074 4176 4251 4256 4385 4516 4604 4609 4708 4873 5111 5192 5276 5582 5702 5772 5838 5950 6042 6128 6224 6229 6343 6388 6573 6660 7135 7182 7211 7267 7321 7444 7589 7606 7675 7792 7990 8051 8091 8099 8242 8267 8356 8378 8418 8450 8538 8607 8728 8832 8863 8912 9017 9539 9543 9598 9694 9933 10324 10336 10356 10386 10460 10529 10622 10642 10734 11268 11317 11355 11424 11561 11585 11619 11651 11669 11723 11798 12390 12426 12529 12700 12772 12774 12960 13014 13208 13248 13301 13329 13401 13486 13781 13946 13978 13994 14104 14135 14221 14279 14400 14407 14418 14475 14508 14589 14715 14772 14781 14814 14877 15114 15120 15136 15277 15280 15403 15414 15429 15446 15460 15535 15542 15594 15810 15829 15843 15919 15989 16157 16202 16314 16342 16401 16463 16610 17064 17096 17253 17261 17279 17386 18015 18244 18258 18385 18396 18447 18589 18701 18734 18786 18849 18882 19011 19296 19409 19472 19531 19548 19779 19788
182 36 106 181 234 338 392 508 647 870 926 1020 1038 1142 1166 1197 1302 1381 1415 1464 1590 1729 1752 2018 2432 2571 2606 2824 2955 3010 3100 3279 3540 3754 3845 3874 3886 3887 3999 4246 4465 4704 4798 5018 5256 5410 5433 5464 5480 5500 6083 6285 6307 6434 6448 6626 7059 7201 7223 7274 7677 7679 7837 7949 7951 8181 8237 8492 8651 8652 8990 9018 9023 9104 9243 9257 9290 9341 9465 9506 9579 9692 9921 9935 9950 9954 10283 10398 10474 10551 10648 10849 10943 11061 11105 11141 11414 11423 11428 11472 11483 11624 11704 12014 12063 12172 12206 12377 12492 12628 12637 12659 12685 12688 12711 13044 13316 13378 13730 13762 13881 13949 14024 14129 14173 14329 14346 14439 14549 14551 14613 14741 14866 14903 15092 15229 15404 15544 15635 15716 15718 15744 15783 15896 16086 16100 16289 16296 16477 16506 16522 16551 16665 16775 17099 17104 17144 17489 17584 17823 17880 17924 18152 18157 18159 18288 18459 18560 18583 18768 18787 18850 18893 18977 19063 19193 19251 19309 19312 19321 19444 19556 19849
207 39 68 259 260 299 318 323 324 440 473 729 874 895 982 1202 1212 1268 1468 1589 1637 1660 1706 1730 1882 1987 2017 2030 2174 2258 2340 2525 2692 2754 2845 2969 2979 3072 3104 3216 3228 3286 3350 3444 3545 3633 3786 3848 3891 4007 4106 4221 4260 4302 4436 4548 4573 4616 4622 4754 4899 5221 5280 5405 5438 5477 5720 5901 6089 6144 6174 6179 6189 6327 6332 6352 6498 6597 6636 6675 6734 6738 6778 6962 7144 7233 7440 7483 7589 7778 7783 8189 8205 8209 8269 8350 8410 8498 8644 8694 8755 8802 9164 9166 9347 9543 9720 9746 9791 9872 9973 10113 10336 10479 10486 10762 10819 10949 10969 11010 11096 11107 11233 11285 11427 11640 11680 11689 11740 11920 11954 11981 12012 12051 12086 12097 12273 12513 12714 12738 12912 13034 13205 13324 13568 13751 13782 13784 14008 14059 14213 14268 14303 14336 14350 14429 14464 15018 15079 15113 15114 15116 15154 15277 15738 15852 15909 16008 16052 16066 16227 16261 16429 16454 16608 16885 16957 17048 17070 17188 17213 17248 17360 17719 17758 17809 18002 18071 18092 18292 18306 18435 18598 18615 18790 18823 18864 19316 19403 19564 19592 19614 19663 19665 19680 19728 19819 19844
222 47 84 560 609 741 832 950 1088 1144 1152 1307 1357 1426 1725 1729 1740 1743 1919 1985 2002 2071 2170 2244 2325 2457 2581 2606 2652 2679 2905 2982 3005 3013 3122 3152 3166 3265 3351 3580 3804 3859 3995 4046 4072 4282 4378 4470 4657 4662 4664 4699 4724 4740 4967 5202 5434 5514 5563 5640 5691 5707 5729 5822 5942 6048 6059 6165 6291 6345 6401 6421 6553 6660 7085 7131 7258 7279 7346 7414 7416 7471 7561 7631 7650 7714 7974 7989 8053 8100 8197 8221 8243 8265 8289 8307 8317 8431 8545 8733 9025 9076 9084 9253 9269 9299 9558 9582 9601 9656 9791 9798 9811 10044 10049 10081 10152 10159 10469 10638 10859 10963 11035 11410 11711 12009 12014 12116 12137 12215 12378 12379 12435 12486 12605 12690 12702 12882 13144 13277 13724 13747 13795 13882 13955 14021 14043 14086 14125 14126 14169 14275 14350 14364 14373 14468 14532 14687 14747 14764 14785 15050 15081 15098 15188 15228 15309 15415 15529 15545 15620 15670 15725 15738 15824 15958 16159 16188 16256 16297 16461 16645 16651 16676 16748 16854 17049 17101 17221 17252 17461 17519 17530 17538 17577 17756 17950 18147 18320 18359 18432 18500 18731 18768 18864 18870 18887 18911 18954 18992 19102 19245 19314 19363 19388 19520 19532 19533 19679 19707 19917 19959 19980
214 84 146 157 218 240 294 419 461 641 684 836 883 1001 1023 1039 1056 1255 1266 1367 1471 1478 1497 1545 1780 1919 1922 2026 2252 2269 2492 2585 2700 2767 2947 3041 3049 3317 3324 3387 3425 3537 3703 3711 3750 3787 3826 3864 3882 3907 4155 4172 4174 4338 4471 4517 4935 4980 4994 5024 5031 5054 5082 5094 5172 5266 5324 5433 5509 5813 5845 6034 6058 6160 6219 6347 6407 6423 6585 6682 6780 6982 7158 7251 7270 7355 7562 7668 7828 7880 7960 8084 8137 8194 8273 8550 8871 8875 8978 9113 9120 9130 9189 9534 9562 9614 9682 9743 9956 9963 10261 10292 10298 10489 10503 10517 10705 10748 10772 10785 11077 11212 11235 11323 11356 11500 11582 11754 11790 11808 11843 11942 12145 12256 12334 12349 12412 12470 12475 12600 12641 12664 12845 12851 12932 12979 13085 13110 13228 13273 13336 13413 13475 13520 13616 13808 14095 14155 14212 14213 14610 14654 14851 14999 15006 15029 15048 15341 15596 15614 15630 15635 15689 15692 15746 15909 15957 15966 16294 16315 16392 16587 16604 17085 17260 17484 17512 17719 17738 17841 17899 17959 17967 18325 18403 18446 18596 18638 18703 18719 18726 18750 18772 18925 18984 19022 19040 19338 19423 19498 19607 19645 19651 19776 19992
194 60 63 155 191 217 257 264 360 709 714 726 828 1025 1050 1103 1154 1191 1433 1529 1812 1913 1956 1997 2073 2312 2690 3029 3122 3229 3236 3350 3362 3441 3511 3526 3586 3752 3763 3830 3845 4127 4396 4455 4578 4646 4777 4797 4910 5099 5321 5491 5506 5613 5622 5652 5690 5845 5985 6201 6216 6271 6292 6296 6302 6316 6833 6920 7014 7186 7334 7740 7911 7996 8017 8034 8126 8151 8312 8361 8660 9012 9369 9472 9778 9804 9817 9857 9947 9953 10275 10662 10999 11146 11154 11199 11213 11355 11809 11811 11851 11903 12002 12004 12134 12334 12487 12772 12789 12794 12815 12837 12908 12991 13183 13188 13240 13277 13292 13365 13491 13492 13590 13917 14071 14130 14163 14168 14251 14275 14314 14377 14483 14577 14583 14717 14721 14747 14854 14964 15016 15034 15056 15112 15248 15263 15332 15442 15542 15550 15598 15835 16045 16094 16188 16290 16368 16481 16656 16670 16680 16748 16849 16964 17205 17249 17282 17440 17542 17640 17781 17860 18069 18225 18259 18353 18386 18512 18660 18912 18919 18986 19017 19119 19209 19259 19303 19409 19488 19699 19731 19771 19800 19936 19974
187 138 175 249 367 577 742 920 1239 1247 1380 1523 1596 1599 1679 1739 1873 1899 1947 2346 2364 2365 2553 2632 2718 2774 2829 2841 2960 3141 3227 3372 3519 3591 3603 3982 4021 4144 4315 4509 4657 4678 4786 4838 4845 4953 4969 5015 5160 5166 5171 5223 5355 5526 5557 5677 5727 5835 5864 5907 6026 6079 6144 6466 6523 6693 6776 6878 6899 6916 6933 6959 7000 7018 7055 7154 7160 7374 7519 7642 7740 7976 8016 8545 8573 8916 8938 8993 9308 9323 9338 9392 9438 9487 9722 9969 10370 10408 10479 10559 10660 10857 10906 10925 10982 11089 11094 11104 11207 11236 11267 11299 11511 11529 11530 11888 11991 12012 12088 12608 12844 12962 13046 13067 13181 13244 13279 13283 13302 13346 13354 13488 13555 13673 13676 13744 13922 14054 14113 14141 14214 14227 14327 14464 14528 14989 15055 15490 15655 15799 16004 16398 16542 16594 16605 17005 17073 17105 17121 17174 17178 17226 17320 17324 17491 17525 17571 17709 17719 17740 17923 18030 18107 18401 18634 18660 18796 19082 19124 19217 19433 19457 19776 19827 19910 19930 19979 19987
159 18 66 354 425 503 518 711 712 1126 1248 1287 1342 1400 1455 1703 1815 1819 1934 1957 2064 2328 2553 2562 2630 2909 3013 3071 3147 3427 3547 4098 4107 4253 4277 4300 4415 4473 4806 4826 4845 5119 5156 5405 5553 5674 5743 5745 5872 6098 6404 6763 6820 6880 7012 7092 7202 7435 7475 7584 7603 7723 7857 7881 7891 7937 8001 8009 8105 8280 8296 8298 8411 8451 8488 8494 8586 8756 8858 8928 8988 9230 9319 9326 9391 9423 9507 9527 9797 9866 9988 10383 10399 10454 11075 11124 11413 11418 11510 11727 11764 11817 11849 11893 11913 11947 12097 12205 12272 12285 12334 12502 12512 12781 13103 13116 13296 14192 14305 14464 14582 14668 14970 14982 15020 15125 15159 15529 15576 15603 15634 15668 16177 16212 16339 16415 16438 16590 16803 17125 17188 17394 17408 17415 17468 17522 17651 17733 18082 18202 18297 18302 19057 19284 19490 19553 19726 19765 19865 19974
183 230 402 474 485 580 649 972 1118 1124 1261 1439 1726 1815 1940 2201 2479 2622 2832 2903 3067 3285 3426 3593 3622 3779 3866 4282 4297 4312 4373 4506 4512 4608 4819 4822 4833 5111 5208 5210 5281 5489 5621 5686 5778 5846 5893 5940 6003 6580 6738 6810 6867 6882 7001 7005 7168 7218 7267 7416 7542 7609 7965 7990 8071 8197 8570 8608 8636 8659 8860 8898 8909 8985 9004 9037 9040 9044 9052 9401 9527 9545 9609 9743 9848 9959 10087 10214 10327 10357 10508 10572 10746 10836 10923 11173 11191 11208 11487 11534 11544 11549 11569 11690 11782 11825 11881 11964 12397 12508 12798 12858 12951 12974 13015 13032 13140 13173 13230 13252 13393 13532 13705 13767 13985 14016 14104 14300 14340 14353 14373 14392 14447 14468 14495 14538 14624 14728 14865 14978 14993 15064 15435 15700 15733 15864 15927 16388 16414 16416 16543 16590 16603 16764 16844 16942 16978 16979 17154 17301 17586 17640 17695 17768 17923 17970 18041 18076 18113 18358 18674 19028 19274 19301 19635 19644 19674 19683 19719 19743 19794 19874 19955 19965
212 17 146 472 486 571 617 651 735 818 865 1051 1308 1339 1346 1356 1506 1745 1842 2251 2357 2537 2570 2592 3017 3081 3316 3328 3382 3399 3541 3606 3620 3751 3778 3957 4303 4472 4687 4782 4928 5305 5311 5322 5352 5357 5518 5560 5607 5646 5696 5744 5835 5862 5892 5943 5955 6128 6349 6388 6451 6527 6529 6543 6630 6674 6744 6896 7133 7310 7358 7390 7426 7776 7936 7976 7988 8007 8303 8346 8418 8455 8500 8580 8684 8843 9029 9148 9193 9299 9533 9600 9722 9787 9858 10048 10067 10122 10138 10142 10154 10246 10304 10346 10483 10616 10684 10803 10842 10960 11105 11119 11131 11141 11238 11245 11294 11357 11369 11370 11462 11478 11640 11665 11738 11873 12007 12011 12051 12249 12307 12460 12692 12752 12910 12964 13042 13145 13222 13232 13285 13442 13516 13553 13674 13848 13852 14152 14236 14238 14287 14391 14494 14587 14598 15040 15055 15085 15186 15749 16005 16068 16119 16177 16214 16279 16304 16526 16557 16594 16695 16724 16870 17005 17046 17188 17200 17289 17309 17323 17386 17407 17499 17589 17769 17772 17808 17881 17914 17954 18028 18038 18236 18431 18599 18677 18729 18800 18839 18874 18892 19000 19071 19083 19168 19179 19214 19240 19330 19401 19552 19585 19671
197 80 187 371 496 547 645 659 784 1061 1148 1176 1255 1295 1299 1434 1501 1581 1837 2002 2020 2024 2200 2284 2322 2462 2463 2616 2686 2907 2915 3035 3091 3106 3472 3492 3513 3516 3703 3748 4001 4053 4127 4148 4165 4286 4292 4449 4547 4761 5257 5351 5409 5434 5589 5603 5642 5871 5906 5944 5962 5975 5976 6041 6128 6452 6660 6693 6704 6790 7002 7138 7261 7314 7351 7485 7575 7589 7620 7705 7739 7744 7859 8018 8246 8363 8440 8953 9208 9377 9422 9455 9515 9589 9999 10004 10081 10193 10323 10675 10773 10866 10896 10910 11041 11051 11085 11116 11325 11391 11477 11485 11575 11658 11660 11960 12007 12032 12172 12310 12414 12463 12504 12650 12758 12963 13085 13231 13296 13810 13866 13958 14009 14219 14503 14529 14580 14723 14758 14824 14851 14860 14995 15032 15033 15129 15161 15236 15241 15330 15434 15627 15816 15893 15924 15960 16032 16036 16127 16161 16229 16412 17044 17124 17142 17244 17421 17422 17470 17508 17510 17511 17743 17857 18215 18239 18274 18359 18377 18408 18460 18614 18695 18729 18856 18878 18984 19041 19124 19226 19405 19449 19525 19529 19544 19803 19966 19968
202 61 186 230 359 390 406 440 687 807 861 898 1374 1535 1676 1722 2295 2369 2375 2386 2464 2475 2486 2487 2580 2585 2608 2740 2810 2984 3062 3407 3409 3543 3545 3786 3818 3859 4054 4097 4203 4275 4395 4428 4788 5032 5086 5437 5463 5468 5675 5742 5836 5882 5901 5922 5968 6102 6111 6203 6388 6541 6572 6592 6611 6622 6700 6701 6830 7093 7312 7363 7490 7563 7627 7647 7687 7744 7794 8011 8114 8218 8231 8649 8844 9002 9093 9210 9220 9331 9379 9497 9548 9723 10283 10320 10380 10403 10448 10528 10557 10569 10601 10661 10779 10906 11008 11262 11290 11293 11489 11500 11512 11521 11792 11800 11855 11925 12072 12154 12233 12585 12772 12795 12859 13074 13137 13154 13299 13453 13467 13878 13945 14313 14316 14326 14427 14448 14469 14660 14684 14797 14850 14885 15001 15032 15033 15131 15408 15442 15446 15508 15587 15590 15698 15781 15797 15859 16216 16282 16349 16392 16411 16413 16455 16571 16691 16778 16962 16988 17085 17087 17136 17141 17471 17607 17656 17734 17848 17885 18050 18211 18216 18332 18353 18378 18413 18488 18584 18689 18759 18801 18975 19152 19242 19258 19421 19446 19685 19745 19749 19828 19934
201 45 158 159 210 258 543 587 603 645 650 680 708 718 888 933 949 1102 1111 1202 1284 1316 1322 1348 1487 1494 1532 1579 1682 1781 1796 1940 1957 2231 2321 2530 2656 2734 2774 2886 2895 2970 3062 3118 3153 3175 3268 3565 3797 3902 3932 3978 4047 4069 4075 4253 4392 4434 4436 4457 4485 4490 4523 4555 4728 4775 4786 4790 4833 4877 4941 4968 5064 5244 5261 5265 5409 5437 5448 5483 5492 5547 5569 5618 5623 5696 5819 5834 6201 6430 6596 6730 6929 7039 7356 7489 7628 7661 7676 7824 7969 8166 8240 8446 8500 8781 8873 8874 9360 9439 9706 9916 9941 10024 10054 10082 10263 10276 10419 10546 10580 10701 10706 10750 10835 10987 11237 11324 11502 11601 11646 11691 11835 12134 12232 12328 12486 12592 12672 12878 13043 13103 13294 13394 13664 13670 13684 14081 14356 14408 14455 14566 14592 14792 14833 14960 15186 15259 15368 15386 15513 15684 15698 15765 15817 15835 15871 15965 16172 16176 16271 16315 16463 16680 16700 17012 17062 17134 17233 17248 17346 17350 17516 17760 18116 18125 18135 18439 18458 18589 18807 18850 18985 19057 19259 19516 19540 19638 19650 19776 19792 19955
198 12 225 367 422 484 622 948 1017 1030 1472 1487 1489 1741 1986 2006 2018 2083 2189 2214 2333 2435 2483 2587 2597 2806 2818 2842 2982 2988 2989 3006 3071 3075 3158 3230 3273 3366 3909 3915 3926 4038 4042 4210 4705 4867 4874 4927 4930 4962 5318 5405 5554 5812 5945 6182 6239 6305 6398 6421 6523 6573 6632 6657 6698 6741 6750 6902 7020 7235 7581 7641 7720 7781 7883 7975 8019 8024 8070 8127 8234 8249 8384 8626 8683 8801 8858 9012 9088 9397 9416 9512 9529 9563 9645 9676 9862 9896 9979 9994 10113 10276 10289 10404 10503 10612 10632 10789 10803 10883 10903 10922 11028 11107 11140 11211 11377 11396 11433 11664 11692 11759 11817 11853 11888 11901 12058 12154 12196 12199 12517 12746 12841 12894 12962 13061 13119 13138 13175 13309 13348 13654 13755 13884 13933 13962 14170 14199 14226 14408 14593 14610 14714 14941 15402 15525 15626 15652 15694 15744 15748 15841 15973 16075 16163 16322 16549 16664 16758 16858 16916 17255 17462 17603 17689 17698 17811 17844 17906 18084 18108 18276 18535 18621 18748 18982 19251 19471 19475 19481 19498 19522 19563 19673 19700 19781 19791 19808 19965
233 15 35 124 171 173 183 420 517 527 560 619 624 629 793 1002 1326 1660 1782 2178 2224 2238 2412 2495 2624 2661 2816 2977 3047 3145 3210 3306 3529 3536 3684 3828 3839 3871 3918 4017 4146 4184 4229 4248 4285 4603 4626 4817 4851 4938 4941 5068 5091 5170 5182 5212 5381 5666 5850 5899 6030 6136 6165 6370 6476 6499 6609 6686 6822 6831 6864 6876 6895 6898 6927 6965 7068 7192 7212 7288 7292 7362 7411 7428 7432 7643 7689 7692 7781 7796 8063 8191 8250 8525 8582 8585 8678 8826 8937 9055 9237 9266 9319 9404 9438 9495 9566 9587 9700 10041 10129 10132 10147 10198 10213 10430 10436 10534 10711 10741 10774 10833 10987 11008 11017 11073 11101 11138 11240 11288 11314 11643 11684 11711 11918 11928 11936 11967 12018 12082 12133 12342 12345 12379 12402 12440 12504 12527 12652 12821 13153 13167 13204 13292 13553 13703 13756 13992 14114 14123 14302 14374 14380 14457 14523 14613 14637 14693 14814 14817 14877 15009 15026 15064 15144 15329 15359 15512 15738 15761 15815 15881 15960 16036 16082 16166 16308 16409 16430 16552 16685 16701 16709 16711 16726 16785 16839 16923 16994 17100 17160 17304 17324 17452 17464 17553 17568 17592 17757 17787 17832 17836 18218 18264 18380 18565 18632 18645 18674 18705 18883 18943 18994 19165 19186 19267 19463 19466 19504 19552 19553 19721 19748 19982
205 25 35 80 268 277 328 400 511 533 605 663 841 1076 1457 1581 1780 1830 1853 2019 2081 2355 2425 2574 2666 2684 2801 2874 2891 2901 3112 3202 3243 3305 3413 3461 3470 3547 3756 3844 3847 3929 3979 3986 4098 4135 4189 4281 4421 4445 4670 4748 4798 5099 5186 5257 5339 5370 5430 5510 5565 5592 5638 5657 5689 5742 5768 5911 5948 5957 6310 6393 6471 6531 6679 6830 7044 7174 7194 7309 7722 7792 7830 7865 8003 8228 8329 8479 8983 9129 9280 9298 9472 9577 9702 9820 9858 10067 10135 10253 10279 10300 10389 10584 10715 10823 11289 11301 11375 11540 11619 11888 11898 11918 11927 11980 12038 12218 12225 12342 12510 12614 12627 12689 12761 13026 13133 13235 13267 13476 13494 13503 13508 13586 13658 13741 13800 13856 13939 14109 14433 14463 14507 14521 14543 14653 14684 14860 14959 15087 15110 15273 15338 15371 15442 15463 15777 15989 16013 16022 16041 16117 16143 16283 16381 16646 16724 16865 17224 17327 17436 17588 17731 17818 18033 18058 18118 18157 18453 18489 18512 18563 18579 18586 18694 18716 18719 18784 18819 18823 18892 18931 18992 19023 19041 19118 19203 19230 19260 19380 19523 19545 19699 19768 19847 19956
199 182 313 589 639 645 679 692 727 848 919 980 1059 1293 1345 1372 1522 1578 1593 1665 1714 1908 1970 1990 2463 2493 2754 2934 3023 3219 3522 3682 3729 3854 3877 3998 4265 4435 4468 4587 4752 4774 4824 4864 4936 5121 5131 5549 5581 5668 5801 5865 6075 6090 6272 6376 6401 6444 6450 6466 6551 6570 6628 6723 7012 7179 7301 7474 7484 7508 7543 7673 7773 7868 7995 8077 8153 8258 8326 8452 8454 8605 8638 8858 8890 8966 9023 9078 9118 9311 9536 9538 9826 9829 9834 9838 9918 9932 9947 10008 10085 10135 10189 10483 10633 10742 10769 10776 11074 11086 11262 11305 11336 11437 11630 11636 11677 11829 11889 11927 12017 12052 12080 12157 12229 12286 12490 12605 12885 12903 12909 12969 13125 13131 13354 13564 13617 13784 13852 14059 14068 14134 14343 14391 14444 14587 14635 14648 14660 15098 15201 15317 15396 15512 15593 15651 15666 15764 15926 15980 15986 16024 16066 16069 16192 16358 16419 16573 16591 16705 16793 16888 17046 17069 17396 17416 17555 17585 17623 17702 17784 17800 17949 18293 18313 18547 18709 18734 18772 18842 19000 19046 19296 19375 19465 19514 19702 19777 19802 19977
183 171 213 262 288 518 651 660 698 804 901 938 1097 1388 1401 1544 1725 1727 2032 2262 2278 2286 2621 2662 2725 2809 2817 2836 2843 2847 3405 3561 3654 3702 3705 3732 3754 3795 3932 4143 4283 4302 4415 4454 4637 4731 4911 5105 5192 5203 5294 5304 5441 5522 5542 5847 6195 6275 6281 6347 6361 6391 6408 6461 6539 6621 6636 6668 6737 6813 6861 6950 6995 7288 7379 7605 7947 8089 8176 8185 8239 8315 8437 8634 8758 8944 9415 9507 9576 9774 9808 9901 9902 9999 10111 10148 10171 10510 10583 10595 10640 10677 10864 11108 11241 11265 11307 11310 11412 11486 11568 11660 11728 11888 12059 12260 12508 12548 12578 12937 13126 13137 13506 13548 13985 14173 14288 14546 14609 14714 14873 14891 14902 14974 15006 15135 15233 15379 15414 15713 15769 15845 16166 16353 16390 16499 16504 16531 16546 16602 16686 16760 16876 17039 17123 17138 17197 17229 17305 17388 17426 17585 17669 17702 17847 18092 18094 18124 18181 18423 18424 18506 18689 18879 19092 19167 19212 19251 19276 19442 19478 19479 19511 19622
197 271 309 403 452 558 564 682 802 957 1013 1062 1121 1193 1221 1302 1365 1413 1430 1576 1629 1930 2063 2155 2187 2300 2328 2408 2634 2901 2967 3127 3356 3439 3466 3610 3713 3887 4165 4181 4238 4303 4418 4457 4470 4572 4744 4815 4854 4859 4944 5134 5182 5199 5515 5606 5625 5773 5887 5968 6153 6259 6357 6653 6737 6754 6799 7338 7512 7565 7869 7943 7977 8128 8369 8583 8678 8725 8738 8886 8959 8991 9034 9065 9107 9189 9255 9445 9450 9764 9832 9864 9871 9888 9967 9977 10013 10020 10124 10172 10297 10353 10365 10489 10816 11031 11280 11321 11447 11470 11486 11504 11558 11713 11829 11939 11950 11968 12034 12142 12236 12382 12479 12731 12789 13094 13109 13110 13291 13415 13464 13574 13587 13672 13817 13960 14052 14112 14114 14179 14211 14508 14571 14612 14638 14752 14993 15212 15222 15233 15539 15543 15546 15599 15728 15786 15888 16029 16049 16060 16076 16150 16269 16294 16345 16372 16425 16523 16594 16725 16783 17126 17145 17286 17336 17618 17636 17661 17717 17720 17804 17818 17895 18470 18471 18564 18592 18729 18885 19015 19139 19417 19730 19767 19791 19927 19986 19999
189 60 75 219 254 276 307 352 404 451 578 628 862 893 953 986 1078 1162 1174 1437 1438 1525 1602 1736 1900 2060 2129 2130 2255 2498 2529 2660 2941 3321 3330 3492 3544 3724 3741 3768 4111 4114 4116 4246 4445 4642 4644 4729 4730 4752 4807 4879 5029 5216 5335 5418 5505 5555 5873 5882 6163 6384 6408 6653 6666 6764 6785 6839 7013 7025 7042 7053 7098 7226 7429 7444 7468 7491 7520 7560 7593 7787 7943 7953 8039 8404 8460 8557 8667 8768 8878 9043 9090 9155 9544 9673 9740 9796 9908 10107 10132 10182 10299 10360 10445 10482 10495 10652 10879 11023 11442 11544 11696 11718 11844 12000 12092 12446 12628 12656 12706 12772 12820 12917 12938 12955 13173 13274 13383 13637 13701 13971 14074 14324 14358 14447 14502 14542 14562 14658 14662 14706 14731 14824 14846 14881 14964 15155 15223 15563 15629 15720 15887 15931 15979 16000 16019 16412 16459 16654 16841 16858 17029 17365 17538 17541 17644 17697 17815 17927 17962 18064 18207 18215 18361 18497 18506 18734 18839 18870 19200 19252 19351 19452 19541 19641 19809 19943 19953 19996
180 801 945 955 1229 1333 1395 1550 1579 1724 1805 1834 1953 2013 2211 2291 2334 2352 2636 2879 2950 3189 3223 3815 3973 3979 3981 4091 4233 4235 4259 4366 4390 4413 4505 4558 4629 4666 4671 4766 4857 4883 4966 5281 5367 5378 5490 5641 6100 6251 6434 6506 6709 6786 7058 7059 7249 7292 7441 7589 7615 7719 7724 7740 7744 7797 7827 7868 7870 7922 8025 8060 8152 8590 8880 8949 8951 9002 9020 9232 9270 9280 9306 9338 9448 9461 9506 9646 9696 9765 9906 10005 10057 10106 10192 10246 10323 10360 10551 10662 10707 10803 11009 11024 11065 11477 11523 11656 11870 11918 12048 12329 12434 12459 12465 12589 12609 12868 12873 12894 13058 13114 13212 13490 13503 13652 13664 13667 14079 14114 14241 14406 14562 14667 14694 14751 15072 15174 15788 15823 15925 16072 16174 16414 16651 16708 16787 16910 17002 17115 17212 17247 17315 17345 17359 17389 17424 17457 17556 17578 17676 17714 17763 17816 18015 18073 18084 18108 18122 18475 18495 18614 18882 18999 19121 19200 19580 19660 19772 19944 19951
205 114 466 572 573 606 764 988 990 1090 1182 1187 1201 1246 1258 1432 1459 1481 1501 1625 1824 1877 2041 2092 2115 2182 2195 2254 2260 2303 2586 2704 2768 2850 2975 3018 3375 3434 3439 3485 3596 3751 3841 3938 4008 4111 4227 4238 4253 4311 4407 4633 4681 5272 5420 5445 5449 5500 5683 5852 5915 5977 5984 6053 6143 6175 6458 6493 6556 6787 6824 6865 6909 7014 7024 7072 7355 7605 7606 7687 7697 7754 7873 7896 7916 7998 8011 8193 8273 8378 8485 8548 8616 8819 8993 9065 9150 9720 9721 9744 9832 9877 9913 9987 10158 10201 10504 10573 10841 11004 11178 11253 11270 11699 11745 11883 11884 12076 12134 12189 12247 12283 12299 12365 12400 12402 12413 12461 12935 13038 13050 13216 13244 13556 13563 13604 13632 13655 13666 13689 13697 13961 13983 13987 13992 14143 14170 14197 14227 14291 14391 14551 14758 14913 14936 14975 15005 15096 15405 15528 15597 15604 15680 15761 15932 15968 16147 16204 16213 16229 16294 16326 16375 16376 16471 16506 16548 16597 16600 16702 16979 17225 17285 17363 17440 17592 17733 17989 18015 18051 18117 18127 18169 18225 18359 18669 18835 18848 18870 18963 19366 19582 19593 19677 19714 19806
205 15 69 176 230 322 333 376 474 482 576 613 616 641 657 729 753 773 842 1010 1113 1211 1302 1338 1562 1631 1644 1659 1677 1741 2091 2126 2353 2537 2650 2687 2708 2974 3114 3215 3348 3361 3389 3409 3516 3743 3793 3797 3827 3890 3952 4178 4282 4541 4639 4692 4749 4788 4824 4943 4982 5230 5342 5393 5595 5715 6008 6024 6083 6177 6244 6346 6358 6432 6583 6619 6633 6673 6857 6865 6995 7140 7526 7575 7584 7690 7988 8227 8282 8289 8508 8516 8553 8624 8837 8858 9080 9111 9134 9626 9656 9672 9848 9901 9916 9963 10005 10026 10081 10092 10119 10131 10171 10274 10779 10840 11051 11361 11464 11607 11648 11690 11794 11809 11833 11886 12040 12332 12410 12533 12542 12554 12942 13011 13050 13088 13112 13274 13534 13679 13685 13732 14194 14211 14238 14273 14278 14388 14488 14578 14666 14701 14726 14753 14821 14844 14904 14978 14996 15096 15113 15114 15494 15802 15856 15932 16061 16127 16133 16377 16446 16654 16806 16850 16982 17024 17053 17057 17309 17367 17589 17638 17837 17916 17938 18197 18374 18481 18637 18638 18661 18694 18768 18832 18878 19018 19155 19203 19400 19586 19639 19655 19735 19775 19918 19968
195 83 208 279 299 560 604 649 691 846 971 1088 1226 1247 1310 1395 1724 1809 1826 1982 2002 2129 2278 2331 2542 2619 2655 2697 2716 2851 3162 3391 3484 3549 3565 3578 3596 3607 3649 3758 3879 4058 4123 4163 4319 4328 4396 4488 4871 4920 4922 4951 5043 5122 5127 5219 5232 5458 5493 5591 5908 5997 6068 6206 6218 6328 6413 6564 6668 6745 6766 6812 6842 6848 6914 7037 7059 7141 7188 7450 7644 7677 7718 7881 7947 7949 8026 8062 8126 8233 8256 8414 8813 8968 9130 9345 9869 9882 9918 10350 10404 10488 10691 10726 10889 10909 10926 11012 11065 11068 11124 11276 11368 11395 11396 11429 11498 11501 11638 11654 11745 11824 11904 11998 11999 12050 12606 12701 12838 12857 12945 12989 13170 13372 13380 13486 13516 13519 13642 13729 13785 13803 13922 13955 14161 14279 14407 14503 14517 14574 14751 14842 14952 15100 15118 15234 15406 15418 15508 15596 16024 16053 16171 16238 16262 16287 16391 16420 16737 16767 16801 16940 17071 17072 17271 17291 17361 17534 17749 17807 18034 18064 18066 18068 18202 18203 18264 18283 18395 18416 18877 18982 19167 19271 19681 19712
195 70 195 230 398 604 637 679 682 736 742 880 1011 1391 1452 2000 2008 2031 2043 2055 2059 2131 2325 2361 2465 2527 2810 2873 2953 3272 3274 3294 3506 4048 4328 4394 4411 4452 4696 4806 4815 4840 4864 5041 5119 5366 5371 5387 5619 5792 5806 5808 6098 6508 6717 6777 6805 6915 6973 7263 7348 7557 7579 7625 7677 7777 7928 7946 7979 8068 8448 8522 8604 8718 8732 9045 9082 9147 9232 9457 9464 9548 9559 9636 9673 9774 9923 9928 9950 10241 10244 10283 10325 10538 10739 10745 10805 10856 10889 11092 11298 11306 11349 11380 11409 11641 11662 11678 11758 11842 11977 12068 12120 12140 12200 12267 12309 12412 12531 12584 12599 12687 12694 12816 12943 13035 13134 13135 13169 13274 13336 13536 13656 13722 13769 14041 14055 14079 14083 14187 14210 14473 14571 14602 14832 14939 14970 14990 15001 15048 15338 15343 15507 15640 16039 16128 16245 16335 16468 16759 16864 16869 16941 16945 16977 17050 17188 17330 17389 17395 17420 17435 17611 17699 17709 17769 17894 18344 18386 18458 18619 18622 18646 18674 18732 18960 19145 19458 19468 19525 19541 19559 19601 19827 19829 19969
194 100 134 145 423 459 582 594 661 736 785 850 881 882 967 985 986 1021 1194 1239 1399 1407 1446 1890 1906 2038 2226 2233 2355 2416 2874 3234 3300 3434 3555 3566 3570 3683 3922 3932 3937 4174 4180 4193 4270 4324 4435 4540 4713 4734 4954 5037 5073 5191 5243 5270 5290 5473 5744 5866 6240 6243 6273 6467 6801 6886 6985 7016 7030 7094 7276 7344 7345 7365 7392 7476 7595 7792 7815 7837 7915 8029 8052 8156 8157 8289 8373 8478 8491 8634 8732 8875 9011 9070 9157 9245 9752 9965 9983 10024 10104 10345 10417 10418 10469 10489 10500 10515 10550 10987 11157 11311 11354 11366 11377 11383 11492 11521 11620 12018 12062 12064 12088 12090 12525 12549 12586 12592 12636 12750 13040 13042 13134 13268 13319 13341 13360 13487 13499 13582 13650 13767 13971 14123 14228 14446 14464 14490 14635 15101 15217 15218 15277 15336 15395 15510 15591 15627 15683 15720 15930 15946 15978 16295 16903 16919 16959 17320 17327 17471 17702 17716 17764 17876 17909 18165 18235 18265 18290 18508 18571 18628 18715 19019 19038 19116 19171 19194 19407 19657 19663 19693 19923 19985 19998
181 182 260 623 690 718 832 847 883 1058 1132 1283 1424 1484 1575 1610 1697 1830 1908 1918 1924 1983 2069 2246 2346 2699 2802 2926 3130 3158 3339 3371 3844 3904 3940 3976 4052 4157 4229 4240 4527 4557 4758 4873 5554 5672 5764 5854 6029 6291 6398 6495 6501 6504 6595 6616 6682 6714 6746 6829 7071 7131 7160 7262 7380 7429 7545 7597 7691 7736 7768 7847 8095 8133 8154 8260 8323 8365 8406 8560 8594 8610 8878 8899 8963 9088 9114 9498 9509 9561 9644 9690 9784 9857 10445 10648 10742 10784 10882 10934 10966 11009 11134 11304 11463 11538 11589 11783 11802 11834 11841 11928 12066 12372 12394 12420 12497 12557 12671 12821 12989 13031 13290 13623 13665 13729 13777 13820 14089 14379 14511 14614 14677 14678 14800 14868 14887 14963 15008 15024 15370 15465 15746 16220 16436 16534 16582 16717 16750 16784 16889 16894 17019 17112 17182 17214 17362 17364 17409 17456 17653 17655 17675 17711 17813 17992 17996 18085 18149 18236 18274 18361 18674 19029 19133 19135 19315 19502 19641 19661 19864 19868
201 185 265 442 703 747 990 1218 1235 1465 1532 1611 1740 1811 1831 1959 2016 2030 2068 2186 2418 2422 2446 2459 2472 2482 2542 2590 2950 3172 3334 3378 3597 3688 3807 3828 3879 3916 4419 4431 4651 4830 4916 5070 5097 5201 5223 5463 5609 5880 6084 6101 6257 6266 6281 6357 6509 6562 6748 6759 6865 6928 6977 7013 7094 7168 7172 7297 7479 7480 7499 7550 7551 7680 7725 7742 7812 7931 8138 8153 8443 8603 8736 8861 8920 8958 8967 9041 9080 9162 9277 9441 9463 9583 9626 9630 9655 9675 9690 9772 9927 10171 10184 10229 10406 10430 10497 10790 10982 11045 11059 11233 11249 11329 11376 11476 11489 11547 11590 11591 11636 11703 11712 11839 12250 12308 12425 12601 12783 12794 12967 13027 13180 13656 13704 13723 13869 13891 14001 14052 14104 14137 14355 14841 14913 14944 15120 15259 15319 15342 15362 15414 15566 15617 15705 15709 15768 15845 16001 16198 16216 16220 16240 16248 16284 16312 16384 16432 16567 16586 16724 16770 16864 17020 17149 17187 17200 17469 17658 17710 17713 17784 17786 17905 18144 18176 18190 18232 18292 18393 19073 19146 19281 19338 19340 19395 19514 19559 19821 19873 19919 19977
198 2 50 188 265 285 411 831 857 1066 1092 1257 1297 1300 1388 1455 1458 1499 1556 1559 1856 1945 2304 2498 2504 2538 2610 2714 2756 2787 2908 2956 3048 3242 3253 3257 3269 3276 3297 3302 3413 3557 3924 4032 4482 4574 4647 4665 4714 4812 4988 5023 5074 5218 5314 5520 5752 5822 6026 6186 6566 6607 6660 6672 6815 6843 6942 7042 7087 7139 7276 7376 7406 7420 7551 7582 7590 7996 8085 8245 8301 8404 8439 8473 8479 8707 8957 9029 9451 9632 9653 9675 9691 9743 9760 9854 9929 10030 10065 10152 10280 10372 10389 10410 10454 10673 10716 10802 11088 11150 11166 11174 11289 11423 11519 11639 11641 11721 11751 11784 11901 11927 11961 12107 12202 12210 12328 12358 12561 12613 12704 13294 13687 13776 13782 13927 14021 14109 14162 14244 14261 14485 14753 14782 14867 14978 14989 15068 15076 15105 15238 15397 15442 15500 15590 15658 15723 15853 16010 16013 16175 16262 16318 16337 16387 16454 16553 16563 16613 16772 16773 16859 16947 17084 17097 17184 17467 17600 17627 17720 17760 17828 18076 18194 18244 18288 18345 18647 18815 18868 18974 19321 19329 19407 19424 19573 19617 19822 19917
208 39 63 68 223 339 359 780 848 898 1111 1138 1256 1518 1538 1559 1609 1677 1810 1839 1973 1998 2042 2158 2163 2370 2498 2577 2700 2783 2868 2903 2909 3147 3288 3655 3774 3833 3844 3856 3899 3934 4009 4027 4118 4122 4124 4136 4398 4457 4622 4632 4656 4781 4983 5048 5089 5220 5247 5261 5328 5425 5645 5714 5917 6183 6194 6232 6247 6377 6480 6604 6704 6958 6978 7129 7439 7633 7847 7951 7981 8040 8108 8647 8680 8806 8813 8823 8839 8965 9076 9222 9228 9288 9318 9351 9354 9424 9590 9700 9742 9811 10020 10294 10453 10501 10581 10633 10655 10721 10928 10932 10948 10955 11065 11219 11391 11490 11643 11653 11665 11744 11746 11750 11879 11904 11940 12402 12410 12728 12772 12855 12873 12880 13070 13071 13117 13125 13243 13279 13296 13359 13378 13527 13973 14025 14113 14154 14282 14303 14464 14562 14610 14745 14941 14948 14997 15274 15461 15558 15601 15708 15721 15844 15929 16197 16206 16280 16299 16354 16412 16447 16510 16549 16695 16814 16886 17055 17445 17503 17618 17749 17858 18032 18047 18197 18317 18415 18449 18463 18470 18515 18531 18555 18640 18765 18904 18940 18951 19084 19166 19380 19463 19499 19552 19657 19742 19765 19962
212 69 130 174 212 232 310 348 365 405 410 467 503 578 620 669 752 780 788 913 989 990 1099 1182 1445 1457 1749 1977 2000 2156 2159 2194 2317 2458 2590 2811 2874 2931 3282 3284 3357 3445 3463 3569 3620 3670 3674 3903 4076 4077 4374 4442 4510 4645 4743 4770 4841 4910 5030 5055 5079 5428 5460 5572 5662 5819 5928 6116 6370 6455 6524 6604 6629 6703 6718 6773 6799 6811 6813 6856 6925 6945 7061 7193 7413 7495 7522 7581 7754 7778 7894 7961 8261 8345 8492 8571 8646 8869 9151 9191 9292 9297 9322 9461 9462 9531 9572 9645 9647 9683 9736 9819 9900 9912 10027 10065 10128 10182 10209 10222 10226 10283 10338 10344 10442 10447 10463 10477 10480 10519 10664 10824 10934 10952 11071 11111 11214 11448 11694 11765 11854 12096 12241 12661 12746 12938 13043 13352 13382 13443 13492 13547 13779 13832 14004 14265 14275 14298 14335 14380 14704 14792 14797 14801 14906 14920 14970 15202 15217 15348 15594 15736 15767 15796 15804 15814 15829 15881 15915 15980 16088 16299 16404 16734 16798 16892 17063 17067 17388 17392 17462 17655 17760 17795 17879 17993 18088 18259 18539 18650 18763 18819 18913 19079 19167 19266 19271 19331 19447 19588 19599 19638 19829
180 14 127 241 308 345 364 609 610 641 670 676 679 735 747 791 989 1247 1538 1589 1696 1811 1983 2025 2029 2146 2356 2441 2528 2546 2730 2880 3165 3313 3436 3469 3827 3863 3885 3894 4258 4302 4345 4352 4420 4438 4642 4749 4879 4956 4965 5006 5386 5686 5756 6008 6039 6137 6294 6577 6701 6828 6880 6942 7080 7113 7182 7189 7299 7324 7561 7822 7848 8027 8226 8295 8322 8370 8580 8791 8834 9217 9250 9450 9653 9662 9970 10380 10692 10745 10759 10974 11228 11308 11310 11427 11459 11540 11667 12043 12317 12408 12420 12533 12620 12860 12991 13066 13094 13115 13161 13165 13265 13349 13386 13553 13565 13988 14004 14042 14076 14258 14364 14407 14437 14480 14495 14727 14760 14834 14883 14928 14991 15003 15199 15350 15424 15560 15780 15869 16093 16516 16564 16648 16717 16811 16925 16961 17041 17127 17171 17279 17513 17559 17641 17645 17658 17759 17853 18179 18217 18265 18352 18396 18403 18552 18845 18889 18916 18919 19069 19119 19233 19309 19370 19503 19572 19712 19716 19762 19805
206 19 68 91 107 268 470 514 1012 1020 1200 1232 1390 1391 1409 1769 1804 1877 1881 2041 2095 2134 2346 2360 2364 2609 2652 2682 2686 2702 2710 2908 2948 3168 3214 3400 3469 3542 3569 3767 3783 3922 4210 4294 4308 4358 4386 4463 4489 4544 4553 4600 4647 4971 5158 5234 5336 5398 5410 5420 5446 5540 5542 5543 5788 5914 5918 6025 6037 6055 6170 6231 6258 6268 6298 6780 6805 6835 6884 6980 7033 7101 7165 7229 7323 7325 7497 7539 7663 7861 8005 8258 8299 8384 8491 8506 8545 8613 8706 9011 9030 9088 9113 9131 9198 9206 9257 9301 9403 9443 9457 9467 9623 9837 9861 9876 9945 10020 10227 10451 10560 10608 10609 10669 10700 10704 10957 11048 11440 11467 11475 11565 11733 11800 11886 11961 12086 12118 12148 12210 12290 12426 12511 12676 12959 13285 13361 13494 13636 13638 13824 13831 13842 14195 14388 14532 14592 14618 14649 14754 14814 14939 15081 15490 15610 15625 15713 15733 15872 15952 16154 16164 16206 16245 16502 16617 16642 16665 16746 17167 17185 17226 17685 17749 17863 17880 17953 18009 18147 18306 18317 18423 18784 18851 18877 19078 19138 19256 19303 19312 19362 19385 19453 19570 19573 19732 19874
194 144 360 411 476 505 650 726 755 797 936 1129 1217 1334 1497 1609 1731 1834 1996 2215 2292 2373 2404 2489 2549 2664 2697 2832 3159 3222 3246 3299 3376 3755 3859 3954 3998 4273 4348 4450 4483 4864 4866 4878 5093 5211 5297 5356 5368 5539 5713 5766 5767 5796 5916 6078 6187 6345 6644 6745 6752 6913 6944 6978 7046 7060 7242 7348 7573 7699 7718 7730 7986 8136 8225 8409 8531 8533 8555 8556 8683 8709 8729 8730 8965 8973 9065 9131 9166 9515 9861 9873 9904 9917 10028 10052 10080 10166 10457 10458 10596 10601 10796 10904 10940 11082 11094 11260 11293 11520 11911 11938 11950 12056 12063 12105 12182 12193 12267 12271 12496 12563 12647 12652 12748 12762 12769 12937 12997 12998 13080 13145 13229 13238 13448 13564 13638 13650 13666 13692 13695 13722 13795 13850 13921 14313 14398 14644 14689 14783 15168 15204 15632 15785 15963 16166 16175 16272 16498 16522 16598 16661 17246 17411 17454 17626 17632 17645 17653 17738 17814 17969 17980 18211 18261 18391 18466 18530 18608 18873 18897 18948 18957 18975 19014 19363 19378 19460 19474 19494 19748 19923 19951 19980 19983
217 108 222 328 392 418 474 574 575 769 884 901 1022 1104 1153 1181 1212 1242 1402 1404 1427 1430 1456 1468 1670 1698 1977 2034 2127 2275 2528 2586 2618 2732 2742 2814 3013 3149 3425 3560 3581 3630 3690 3738 3802 3912 3932 3988 4114 4155 4171 4300 4386 4401 5030 5091 5162 5215 5259 5299 5355 5364 5431 5502 5555 5568 5570 5799 5892 6017 6143 6255 6289 6473 6549 6558 6672 6772 6891 7067 7155 7404 7660 7695 7739 7835 8015 8066 8088 8197 8324 8669 8705 8740 8817 8858 8908 9155 9499 9579 9630 9770 9942 10273 10321 10432 10550 10581 10653 11007 11106 11334 11356 11395 11753 11794 11854 11910 11967 12096 12140 12320 12403 12449 12858 12865 12924 13051 13157 13269 13368 13496 13548 13606 13822 13893 13909 13968 13982 13988 14057 14204 14213 14225 14246 14321 14370 14512 14542 14905 15005 15056 15062 15214 15284 15371 15377 15413 15430 15452 15535 15577 15582 15658 15702 16015 16096 16174 16293 16336 16367 16458 16482 16623 16661 16680 16783 16965 16977 17006 17019 17107 17160 17258 17333 17550 17554 17661 17672 17680 17717 17740 17843 17864 18066 18085 18133 18219 18279 18651 18766 18798 18848 18919 18946 18988 19030 19227 19303 19415 19447 19525 19566 19639 19769 19772 19844 19882
194 293 314 331 460 822 953 980 1012 1032 1070 1071 1324 1388 1389 1407 1413 1420 1499 1563 1609 1665 1724 1776 1814 1989 2070 2381 2439 2485 2515 2553 2735 2747 2784 2796 3200 3366 3396 3453 3557 3981 4072 4230 4432 4715 4716 4745 4870 4930 4959 5066 5311 5374 5658 5761 5982 6248 6278 6361 6477 6613 6735 6796 6837 7042 7299 7422 7747 7779 7860 7979 8169 8287 8601 8756 8844 9037 9054 9093 9267 9334 9436 9463 9485 9521 9587 9596 9730 9755 9795 9813 9983 10018 10218 10228 10449 10475 10481 10669 10751 10831 10879 10946 10950 11063 11133 11165 11311 11526 11616 11618 11740 11751 11771 12201 12279 12280 12319 12576 12592 12710 12719 12815 12981 13017 13100 13223 13280 13400 13503 13673 13690 13838 13903 14013 14197 14206 14308 14312 14388 14487 14558 14787 14812 14842 14979 15034 15210 15227 15332 15444 15680 15823 15970 15983 16116 16332 16336 16391 16433 16552 16577 16758 16870 17271 17296 17445 17463 17518 17594 17642 17696 17711 18059 18126 18483 18534 18603 18898 18984 19093 19171 19274 19334 19389 19475 19491 19555 19680 19778 19804 19845 19921 19930
213 47 79 80 89 315 449 481 547 574 769 777 782 1010 1142 1260 1293 1787 1826 1910 1912 2094 2246 2290 2292 2453 2654 2878 2956 3049 3072 3128 3314 3354 3445 3479 3510 3540 3576 3594 3652 3763 3942 3953 4111 4225 4229 4309 4316 4491 4530 4557 4710 4882 5120 5298 5540 5595 5672 5889 5893 6020 6033 6058 6076 6119 6152 6209 6224 6300 6738 6849 7385 7529 7565 7714 7773 7798 7867 7985 8138 8225 8347 8399 8868 8949 9039 9051 9070 9121 9135 9214 9365 9582 9641 9853 9895 9984 9995 10259 10267 10396 10414 10430 10453 10474 10489 10589 10872 10980 11120 11263 11410 11505 11522 11666 11757 11772 12010 12195 12227 12245 12341 12348 12357 12679 12703 12808 13154 13268 13606 13772 13911 13946 13961 13987 14147 14316 14325 14379 14399 14455 14525 15065 15089 15107 15123 15131 15233 15276 15322 15365 15498 15580 15675 15686 15736 15739 15893 15973 16003 16111 16119 16138 16299 16401 16426 16481 16518 16519 16607 16941 17025 17060 17090 17139 17142 17153 17237 17259 17305 17325 17389 17439 17567 17647 17772 17868 17908 17915 17954 18061 18282 18311 18313 18331 18716 18725 18728 18756 18814 18825 18877 18957 19119 19130 19146 19447 19668 19755 19774 19787 19790 19824
208 55 75 175 237 262 307 334 405 406 489 789 814 818 851 916 925 1010 1050 1157 1203 1251 1265 1497 1515 1570 1651 1719 1757 1952 1987 1998 2081 2314 2400 2435 2445 2682 3300 3471 3554 3678 3688 3825 3949 4028 4308 4440 4456 4466 4538 4585 4718 4740 4879 4916 5194 5261 5266 5383 5404 5521 5530 5688 6003 6015 6077 6306 6334 6578 6799 6943 7102 7108 7125 7135 7168 7240 7363 7517 7555 8191 8195 8197 8419 8465 8488 8529 8642 8774 8795 8871 8957 9011 9111 9156 9164 9834 10004 10030 10182 10313 10354 10571 10643 10688 10744 10755 10870 10918 11070 11220 11225 11277 11280 11521 11556 11725 11753 11805 11945 12173 12370 12478 12605 12805 12907 13017 13246 13310 13374 13539 13576 13631 13645 13681 13707 13840 13891 13900 14010 14076 14077 14164 14190 14503 14600 14699 14724 14784 14801 15008 15084 15110 15117 15268 15467 15592 15633 15733 15746 15871 16039 16050 16085 16226 16261 16438 16505 16528 16710 16714 16778 16933 16979 17022 17168 17195 17211 17424 17498 17540 17641 17670 17720 17732 17995 18158 18160 18212 18301 18303 18322 18339 18603 18638 18715 18772 18909 18910 19002 19009 19018 19056 19322 19413 19586 19716 19916
211 2 95 156 160 165 260 329 378 419 467 519 668 715 790 826 928 1117 1249 1412 1425 1557 1652 1813 1843 2044 2306 2315 2860 2876 2938 2982 3047 3118 3389 3426 3447 3510 3519 3671 3731 3753 3854 3994 4190 4325 4429 4619 4635 4658 4708 4738 4784 4797 4804 4831 4908 4982 4996 5217 5412 5488 5490 5500 5513 5555 5674 5754 6144 6184 6232 6279 6324 6751 6757 6771 6961 6971 6993 7094 7234 7302 7320 7551 7575 7647 7707 7712 7789 7881 7996 8035 8072 8215 8230 8260 8516 8539 8540 8697 8896 8988 9121 9684 9755 9814 9909 10125 10188 10221 10264 10266 10303 10443 10452 10799 10849 10874 11046 11078 11201 11240 11269 11303 11493 11615 11785 11788 11930 12227 12246 12250 12341 12373 12516 12544 12685 12768 12955 13212 13226 13246 13318 13620 13761 13865 13910 14045 14199 14321 14344 14459 14532 14600 14774 15190 15202 15711 15719 15790 15860 15963 16000 16257 16259 16272 16284 16463 16467 16597 16601 16608 16643 16685 16832 16899 17081 17194 17203 17433 17443 17471 17490 17624 17681 17690 17760 17778 17869 17875 17878 17894 17992 18051 18141 18166 18428 18449 18476 18583 18918 18982 19168 19172 19203 19220 19229 19283 19356 19556 19769 19868
204 41 118 127 128 162 241 539 693 772 863 908 1068 1145 1404 1409 1532 1547 1567 1721 1794 1816 2304 2364 2449 2526 2532 2540 2562 2577 2659 2671 2701 2761 2876 3041 3135 3150 3293 3334 3649 3794 3932 4062 4071 4370 4372 4602 4644 4966 4987 4995 5133 5207 5315 5388 5648 5729 6069 6113 6152 6184 6220 6644 6940 6973 7055 7070 7183 7197 7494 7565 7647 7668 7786 7921 7968 8246 8367 8530 8535 8673 8832 8888 8949 8973 9013 9043 9106 9131 9609 9749 9770 9922 9970 10015 10172 10199 10487 10576 10578 10642 10653 10768 10900 10924 11099 11134 11349 11360 11361 11439 11584 11810 11968 11969 12022 12072 12132 12280 12336 12390 12410 12426 12502 12532 12638 12755 12815 12830 12847 13011 13049 13075 13163 13223 13292 13320 13406 13503 13755 13815 13875 14015 14048 14143 14219 14283 14387 14393 14788 14833 14865 14986 15280 15340 15505 15550 15552 15561 15693 15732 15808 15873 15957 16041 16130 16170 16219 16220 16265 16274 16426 16459 16465 16471 16765 16903 16905 16967 17128 17359 17635 17666 17737 17744 17932 17979 18113 18144 18160 18174 18208 18310 18396 18429 18518 18657 19019 19036 19494 19546 19644 19705 19769
187 21 349 391 690 966 1020 1039 1124 1132 1211 1232 1279 1364 1444 1537 1563 1716 1747 1793 1803 2143 2348 2420 2481 2566 2618 2762 2902 3152 3210 3344 3345 3416 3511 3517 3586 3616 3642 3816 3854 4176 4213 4240 4251 4330 4431 4924 4931 5075 5100 5414 5464 5481 5713 5764 5873 6107 6153 6191 6305 6342 6452 6515 6537 6580 6642 6659 6810 6986 7000 7080 7886 7953 8084 8134 8138 8181 8203 8287 8288 8318 8469 8636 8711 8724 8809 8861 9066 9317 9381 9467 9668 9687 9731 9751 9782 9783 9854 9867 9882 10025 10072 10158 10455 10741 10793 10796 11182 11249 11423 11540 11737 11901 11926 11932 11977 12097 12178 12331 12502 12519 12580 12605 12723 12842 12876 12881 13053 13060 13236 13310 13531 13631 13745 14004 14083 14247 14250 14366 14419 14553 14778 14785 15006 15115 15316 15366 15368 15401 15440 15559 15652 15728 16457 16505 16713 16725 16849 16948 17143 17237 17252 17370 17404 17440 17581 17598 17600 17668 17837 17874 17916 17940 18033 18096 18187 18249 18300 18459 18532 19128 19294 19380 19436 19723 19818 19852
198 100 165 183 548 663 794 795 853 922 937 1135 1164 1180 1323 1574 1722 1789 1798 1958 1974 2178 2284 2325 2465 2472 2577 2646 2671 2839 2927 3068 3085 3139 3191 3513 3681 3750 3875 4062 4063 4353 4381 4510 4603 4617 4695 4748 5039 5064 5126 5139 5319 5703 5706 5752 5848 6196 6368 6533 6773 6821 6993 7045 7085 7223 7390 7409 7471 7553 7595 7856 7910 7988 8083 8096 8286 8337 8457 8611 8703 8727 8847 8896 9076 9127 9132 9302 9396 9406 9598 9624 9752 9911 9931 9934 9942 10030 10088 10626 10831 10912 10964 10999 11025 11103 11155 11235 11399 11408 11486 11530 11579 11696 11745 11761 11909 12175 12211 12239 12358 12416 12574 12579 12580 12587 12699 12728 13016 13278 13557 13575 13589 13908 13918 13956 14300 14416 14481 14490 14557 14572 14637 14686 14870 14882 14974 15301 15320 15543 15750 15866 15881 16077 16275 16318 16389 16414 16420 16424 16464 16473 16605 16625 16685 16783 16788 16897 16911 17058 17287 17293 17344 17375 17398 17405 17495 17521 17602 17629 17951 18053 18065 18398 18424 18489 18504 18511 18557 18706 18969 18978 19000 19176 19582 19681 19771 19868 19992
198 321 439 745 814 840 923 950 959 998 1292 1370 1543 1668 1810 1886 1956 2053 2094 2409 2425 2448 2651 2662 2752 2907 2998 3299 3357 3487 3565 3596 3905 4116 4133 4143 4166 4251 4307 4315 4395 4692 4799 4948 5128 5239 5253 5550 5855 5997 6150 6218 6501 6535 6658 6659 6733 6827 7363 7581 7656 7699 7753 7961 7980 7999 8195 8416 8719 8747 9045 9088 9110 9140 9179 9233 9243 9357 9521 9527 9605 9708 9831 9912 10045 10056 10101 10285 10344 10439 10670 10673 10678 10719 10843 10911 10945 10961 11076 11356 11485 11501 11555 11595 11668 11672 11910 12033 12142 12237 12271 12286 12289 12461 12465 12788 12862 13028 13034 13063 13134 13136 13223 13263 13451 13572 13632 13737 13739 13825 13889 13905 13978 14115 14159 14323 14423 14511 14660 14780 14782 14970 14995 15040 15197 15524 15682 15701 15763 15831 15845 15932 16046 16062 16156 16290 16328 16442 16536 16629 16802 17019 17056 17102 17210 17467 17503 17619 17672 17767 18150 18174 18306 18703 18752 18776 18798 18818 18831 18899 19020 19071 19075 19122 19138 19199 19254 19286 19354 19430 19449 19497 19522 19573 19636 19742 19745 19811 19969
224 5 92 320 340 554 681 714 756 801 836 878 983 986 1020 1215 1235 1275 1508 1531 1558 1568 1832 1841 1953 2091 2143 2157 2340 2369 2380 2397 2404 2476 2541 2552 2602 2735 2805 2814 2830 2849 2893 3006 3172 3350 3591 3642 3651 3747 3753 3870 3977 4031 4284 4298 4455 4509 4524 4555 4633 4646 4662 4724 4957 4961 5212 5373 5405 5673 5677 5795 5865 5894 6046 6121 6368 6400 6618 6787 6822 6853 6925 6999 7094 7179 7277 7336 7387 7559 7977 7978 8068 8109 8199 8248 8519 8537 8617 8629 8640 8648 8737 8904 9151 9222 9343 9580 9666 9683 10153 10188 10288 10461 10510 10851 11061 11204 11245 11417 11419 11524 11736 11746 11759 11941 12106 12213 12241 12301 12307 12324 12357 12364 12396 12420 12439 12589 12767 12800 12812 12844 12846 12920 13261 13356 13389 13434 13530 13616 13986 14186 14418 14647 14715 14785 14818 14918 14937 14965 15015 15142 15147 15269 15364 15446 15657 15678 15695 15850 15939 15973 16095 16176 16183 16264 16565 16690 16820 16831 16834 16901 17003 17004 17059 17085 17136 17156 17198 17213 17282 17312 17327 17403 17408 17561 17718 17742 17799 17841 17859 17988 18003 18493 18518 18542 18543 18663 18716 18828 18864 18919 18926 18959 19203 19273 19381 19423 19573 19664 19669 19715 19834 19846 19975
215 275 573 610 762 842 863 869 1039 1129 1142 1204 1341 1500 1652 1815 1913 2065 2186 2210 2216 2257 2258 2323 2364 2420 2422 2440 2476 2515 2541 2639 2691 2759 2930 3221 3234 3259 3278 3289 3386 3504 3523 3596 3612 3636 3752 3788 3991 4029 4119 4283 4317 4390 4499 4509 4520 4601 4673 4674 4760 4765 4826 4843 4884 4943 5281 5394 5419 5455 5467 5618 5772 5778 5784 5809 5859 6079 6162 6203 6628 6844 6883 6889 7179 7186 7201 7285 7370 7409 7529 7696 7771 8161 8215 8221 8482 8668 8674 8691 8736 8751 8984 8989 9161 9190 9206 9259 9354 9375 9810 9950 9959 10023 10067 10070 10502 10527 10573 10767 10880 10910 10920 10921 11057 11065 11082 11106 11264 11650 11676 11699 11711 11789 12075 12089 12180 12261 12277 12425 12521 12531 12668 12782 12783 12825 12924 13101 13105 13150 13305 13529 13545 13563 13676 13874 13984 14120 14330 14600 14646 14651 14683 14689 14698 14798 14858 14906 14920 14970 15036 15092 15574 15653 15896 16053 16171 16239 16277 16566 16672 16688 16696 16892 16902 16904 17017 17072 17218 17219 17288 17359 17364 17591 17812 17925 17934 18065 18093 18096 18297 18531 18625 18671 18713 18719 18727 18900 18970 19003 19130 19218 19378 19802 19836 19860
203 295 403 693 771 784 864 1051 1129 1176 1327 1332 1588 1620 1651 1716 1811 2173 2274 2324 2331 2425 2602 2903 3087 3135 3352 3441 3483 3528 3632 3646 3731 3753 3789 3853 3952 4068 4152 4243 4262 4372 4419 4453 4463 4526 4566 4647 4866 5002 5033 5092 5201 5279 5581 5664 5759 5763 5859 5901 5915 5954 6186 6199 6217 6259 6428 6462 6570 6662 6737 6843 6990 7002 7131 7141 7155 7340 7491 7558 7573 7604 7630 7885 7935 7944 8183 8323 8478 8518 8716 8886 8941 8962 9004 9034 9127 9169 9242 9277 9413 9720 9982 10213 10259 10269 10322 10397 10592 10632 10698 10886 10958 11007 11151 11152 11203 11868 11872 11991 12002 12183 12410 12490 12516 12574 12596 12654 12704 12726 12807 12877 12983 13350 13396 13491 13532 13583 13640 13650 13824 13859 13964 14048 14204 14307 14338 14379 14954 15028 15222 15474 15691 15725 15788 15804 15868 15907 16283 16406 16425 16540 16624 16875 17015 17104 17133 17143 17208 17430 17621 17664 17673 17707 17818 17824 17878 17896 17954 18001 18048 18147 18159 18258 18280 18354 18442 18517 18518 19006 19017 19025 19090 19235 19329 19333 19436 19519 19614 19617 19792 19823 19856 19990
184 67 69 198 314 325 362 441 562 652 701 703 737 831 935 1162 1186 1198 1262 1287 1454 1903 1947 2081 2102 2122 2233 2292 2362 2469 2521 2645 2772 2828 2871 2901 2933 3056 3093 3253 3268 3619 3700 3738 3739 3800 3846 3914 3954 4511 4585 4664 4871 4899 5121 5153 5442 5478 5611 5640 5810 5846 5848 5980 6039 6220 6429 6430 6501 6609 6621 6837 6885 6890 7093 7191 7387 7390 7439 7590 7671 7759 7784 7808 7820 7907 7924 7975 7977 8064 8080 8279 8285 8302 8405 8486 8692 8938 9182 9335 9416 9535 10004 10007 10173 10255 10292 10382 10494 10556 10719 10721 10730 10846 10902 11056 11211 11306 11316 11377 11551 11558 11586 11819 11838 12082 12197 12685 12690 12794 12822 13011 13063 13166 13394 13414 13438 13652 13828 13973 13985 14041 14082 14159 14188 14439 14557 14827 14893 15746 15883 15913 16031 16323 16362 16429 16541 16619 16868 17001 17113 17117 17221 17368 17435 17636 17715 17858 17860 17878 17940 17962 18095 18257 18302 18475 18617 18769 18825 18912 19096 19100 19119 19577 19845
187 157 395 419 442 541 551 573 633 699 761 967 1056 1095 1193 1291 1319 1396 1691 1699 2030 2036 2270 2275 2425 2571 2576 2608 2830 2862 3084 3161 3203 3241 3253 3421 3486 3537 3616 3874 4286 4340 4386 4602 4770 4775 4820 4959 4998 5159 5207 5423 5500 5518 5689 5725 5846 5922 5996 6012 6115 6178 6200 6267 6344 6393 6466 6586 6722 7064 7111 7175 7177 7201 7302 7353 7469 7520 7526 7556 7658 7707 7918 7928 7956 8001 8384 8405 8462 8515 8545 8552 8601 8606 8707 8969 8983 9190 9241 9354 9370 9377 9472 9549 9638 9896 10053 10147 10211 10355 10539 10613 10626 10630 10701 10718 10768 10870 11097 11101 11309 11318 11612 11615 11702 11715 11918 11968 12035 12068 12092 12133 12350 12366 12376 12980 13001 13063 13254 13288 13297 13333 13749 13806 13827 14652 14864 14986 14995 15658 15685 15891 15897 16026 16092 16166 16248 16439 16462 16479 16565 16963 16980 17097 17318 17324 17325 17416 17530 17618 17623 17672 17844 18132 18176 18266 18382 18470 18609 18709 19209 19497 19567 19658 19660 19798 19810 19836
166 141 157 482 686 789 874 1242 1366 1567 1602 1603 1678 1870 1957 2031 2148 2171 2314 2410 2415 3295 3454 3638 3726 3756 3799 3819 4092 4200 4671 4795 4995 5010 5045 5127 5224 5747 5880 6056 6131 6448 6457 6470 6482 6669 6687 6774 6840 6856 6953 6957 7238 7270 7367 7519 7581 7640 7853 7999 8120 8302 8799 8802 9056 9190 9245 9615 9660 9969 10020 10070 10108 10425 10513 10516 10564 10842 11048 11079 11112 11140 11477 11727 11825 11943 12067 12175 12279 12354 12364 12671 12792 12904 12965 13177 13288 13299 13305 13323 13457 13470 13529 13670 13788 13877 14283 14290 14318 14459 14548 14684 14806 14815 14851 14933 14995 15083 15127 15150 15255 15333 15509 15582 15593 15655 15692 15708 16201 16322 16381 16689 17446 17463 17504 17505 17522 17523 17764 17824 17915 17942 17945 17990 18055 18078 18085 18135 18193 18259 18395 18544 18660 18832 18928 19136 19158 19220 19449 19554 19617 19717 19806 19891 19900 19925 19948
199 97 166 516 636 728 988 1010 1065 1130 1225 1353 1399 1445 1637 1779 1826 1891 1939 2489 2505 2585 2592 2792 3001 3024 3230 3300 3316 3453 3485 3596 3824 3954 4111 4332 4335 4347 4413 4435 4475 4678 4685 4710 4941 4985 5015 5078 5138 5148 5317 5474 5596 5950 5975 5998 6049 6086 6129 6335 6437 6450 6756 6879 6951 7111 7135 7293 7395 7435 7563 7643 7739 7817 8014 8201 8475 8638 8806 8840 8969 8996 9068 9151 9197 9204 9227 9421 9624 9716 9723 9901 9920 9983 10015 10046 10129 10151 10173 10247 10273 10312 10449 10493 10696 10739 10758 11139 11619 11776 11818 11873 11941 11955 11973 12030 12031 12049 12133 12200 12216 12233 12269 12285 12294 12321 12497 12532 12534 12559 12621 12690 12785 12831 12858 13094 13263 13276 13302 13334 13424 13506 13775 13833 13932 13971 14010 14129 14279 14451 14602 14810 14951 14994 15082 15260 15444 15709 15883 16171 16245 16411 16426 16439 16504 16843 16953 16973 17032 17065 17195 17232 17255 17260 17370 17596 17665 17683 17837 17846 17954 17990 18007 18030 18077 18186 18453 18579 18803 18831 18833 19014 19307 19313 19340 19428 19682 19829 19917 19921
174 78 91 157 310 328 363 618 812 1071 1086 1160 1192 1252 1296 1517 1549 1587 1629 1745 1759 1866 2030 2387 2417 2658 2761 2847 2857 2903 2985 3009 3555 3618 4204 4294 4319 4358 4363 4374 4462 4536 4601 4764 4793 5075 5137 5846 6122 6255 6515 6582 6782 6862 6958 7105 7235 7332 7390 7419 7573 7583 7624 7640 7672 7709 7859 7868 7878 7893 7948 7961 8080 8321 8384 8694 8786 8800 9039 9101 9328 9531 9650 9796 9857 9988 10056 10338 10342 10353 10365 10674 10689 10769 10840 10955 10976 11000 11015 11232 11393 11661 11670 11718 11969 12172 12425 12433 12647 12651 12740 12754 12775 12882 13276 13338 13359 13464 13574 13719 13819 13946 13988 14250 14321 14431 14675 14965 15124 15410 15473 15477 15505 15567 15626 15654 15677 15698 15796 15818 15847 16002 16163 16221 16296 16328 16365 16504 16564 16840 16843 16981 17201 17307 17334 17345 17384 17551 17560 18293 18446 18619 18655 18706 18798 18882 18914 18925 18959 19065 19235 19296 19463 19893 19973
178 133 234 519 555 648 665 679 818 974 1065 1084 1231 1399 1467 1579 1780 2119 2242 2315 2752 2832 2903 3126 3211 3257 3330 3362 3375 3779 3795 3914 3957 4012 4067 4176 4292 4411 4582 4704 4768 4779 4782 4810 4889 4907 4956 5038 5187 5195 5439 5517 5631 5903 6125 6552 6643 6767 6880 6974 6989 7190 7253 7384 7547 7653 7770 7791 7968 8238 8346 8434 8448 8478 9134 9139 9249 9386 9470 9518 9681 9827 9894 10089 10185 10448 10644 10879 11085 11119 11126 11272 11277 11305 11314 11363 11454 11610 11793 11801 11917 11995 12227 12347 12363 12584 12647 12713 12744 12845 12872 13044 13073 13299 13370 13551 13981 13997 14124 14155 14292 14394 14489 14571 14640 14960 15006 15029 15088 15223 15331 15440 15486 15513 15584 15644 15683 15772 15795 15847 15947 16090 16403 16613 16937 16940 17042 17165 17171 17487 17753 17763 17921 18009 18025 18064 18347 18353 18453 18529 18590 18811 18891 19105 19109 19215 19329 19361 19566 19635 19662 19692 19712 19716 19767 19769 19775 19864 19915
217 212 231 446 490 545 660 703 743 754 755 820 995 1022 1180 1192 1552 1605 1619 1645 1709 1920 2051 2085 2164 2226 2260 2305 2356 2387 2399 2680 2756 2964 2968 3158 3174 3190 3288 3485 3511 3614 3857 3976 4057 4093 4413 4719 4836 4885 5018 5120 5150 5157 5210 5226 5379 5532 5680 5742 5745 5803 5850 5884 5997 6175 6193 6235 6283 6546 6554 6636 6827 6870 7033 7063 7192 7236 7273 7537 7606 7728 7818 7841 8009 8033 8114 8158 8321 8338 8395 8496 8657 8898 8899 8925 8971 9172 9212 9574 9592 9624 9633 9911 9913 10021 10051 10268 10313 10431 10718 10845 10892 10921 10998 11057 11070 11190 11222 11237 11563 11959 12026 12027 12059 12071 12124 12129 12243 12630 12674 12729 12781 12822 12833 13001 13013 13252 13473 13480 13613 13637 13808 13873 13932 13996 14101 14248 14375 14475 14618 14753 14778 14911 14932 14944 14977 15042 15099 15151 15156 15178 15515 15530 15546 15840 16017 16112 16203 16240 16249 16310 16643 16788 16807 16853 16909 16928 16995 17229 17241 17271 17404 17463 17505 17518 17653 17737 17841 18156 18177 18356 18647 18659 18772 18832 18861 18875 18912 18960 18963 19000 19268 19315 19420 19498 19600 19761 19808 19863 19876 19881 19889 19914 19918 19919 19936 19961
217 769 789 828 842 915 990 1006 1211 1441 1578 2003 2015 2103 2263 2277 2409 2524 2533 2665 2700 2815 2836 2925 3034 3108 3237 3359 3364 3449 3476 3527 3688 3747 3868 4051 4161 4248 4323 4387 4410 4450 4551 4588 4614 4618 5034 5055 5149 5456 5493 5516 5781 5919 6037 6209 6221 6466 6490 6498 6522 6596 6606 6828 6841 6929 6978 6983 7029 7098 7407 7409 7556 7720 7779 7904 8041 8329 8398 8446 8462 8518 8844 8911 8968 9198 9206 9363 9369 9511 9604 9666 9679 9681 9686 9713 9985 9989 10014 10118 10323 10399 10405 10430 10458 10470 10520 10733 10780 10806 10874 11059 11082 11119 11152 11170 11171 11301 11773 11850 11990 12042 12055 12132 12186 12190 12417 12421 12429 12501 12642 12647 12726 12759 13046 13390 13504 13532 13864 13957 14025 14196 14232 14249 14345 14448 14571 14774 14865 14869 15000 15085 15290 15302 15322 15540 15589 15645 15660 15681 15756 15793 15797 15836 16358 16552 16574 16682 16683 16700 16709 16724 16759 16817 16922 16967 17052 17167 17198 17260 17350 17471 17489 17519 17808 17855 17903 17974 17984 18010 18043 18425 18672 18725 18742 18808 18813 18856 18947 18952 18969 19179 19214 19282 19326 19341 19428 19483 19503 19510 19574 19576 19598 19676 19737 19768 19914 19923
208 55 143 149 205 305 439 474 777 974 1102 1112 1114 1251 1454 1467 1480 1706 1740 1761 1807 1845 1899 2262 2272 2397 2542 2566 2696 2722 2874 3347 3471 3485 3576 3632 3791 3849 4003 4172 4340 4393 4586 4736 4824 4840 4848 4853 4873 5006 5019 5478 5485 5541 5701 5725 5872 5987 6148 6277 6307 6400 6530 6601 6608 6621 6796 6938 6972 6973 7045 7096 7110 7236 7365 7368 7370 7503 7723 7809 7820 7899 7932 8012 8064 8088 8135 8247 8261 8327 8530 8599 8818 8913 8947 8948 9039 9144 9157 9208 9253 9278 9389 9537 9629 9702 9972 10003 10047 10075 10103 10247 10290 10430 10573 10606 10635 10714 11092 11366 11389 11442 11507 11549 11774 11814 11932 12123 12474 12483 12495 12603 12869 12924 13088 13132 13236 13239 13254 13298 13522 13574 13733 13825 14067 14071 14192 14250 14276 14299 14621 14797 14827 14840 14855 14858 14972 15008 15010 15413 15433 15443 15555 15613 15615 15736 15737 15751 15838 15839 15898 15909 15953 16032 16182 16269 16388 16495 16524 16543 16732 16768 16791 16831 17013 17109 17181 17232 17271 17304 17578 17868 17969 18224 18263 18350 18581 18747 18813 19187 19284 19323 19566 19621 19625 19665 19752 19779 19891
221 260 447 452 592 607 747 756 827 841 842 873 927 949 955 1085 1088 1138 1191 1236 1461 1688 1821 1871 1894 2124 2126 2169 2400 2570 2617 2658 2787 2966 2996 3001 3189 3282 3391 3524 3534 3604 3779 3787 3790 3885 3925 3997 4066 4087 4270 4399 4400 4457 4700 4704 4852 4983 5140 5188 5287 5376 5398 5446 5457 5466 5531 5552 5572 5633 5643 5849 5905 5963 6096 6159 6346 6347 6410 6704 6883 7001 7008 7090 7155 7273 7298 7518 7586 7659 7727 7750 7909 7970 8129 8132 8141 8149 8328 8598 8708 8951 8980 9070 9071 9169 9208 9306 9442 9561 9785 9857 9933 9962 10088 10104 10161 10423 10488 10516 10562 10585 10591 10593 10691 10709 10766 11004 11064 11114 11214 11289 11314 11416 11420 11535 11748 11779 12246 12600 12608 12722 12884 13065 13129 13177 13230 13286 13611 13657 13674 13820 13995 14107 14113 14173 14218 14301 14410 14818 14974 14977 14998 15031 15139 15301 15314 15335 15404 15635 15691 15758 15953 16187 16224 16343 16420 16447 16463 16483 16785 16976 16992 17090 17095 17242 17370 17477 17592 17638 17755 17792 18002 18035 18066 18101 18193 18249 18252 18293 18339 18441 18455 18474 18546 18557 18643 18674 19041 19057 19173 19288 19388 19392 19419 19477 19550 19609 19692 19809 19903 19937
174 11 22 24 159 517 633 784 836 890 1098 1475 1536 1628 1711 1801 1872 1927 2063 2108 2342 2473 2482 2619 2809 2922 3018 3037 3123 3161 3170 3210 3389 3397 3566 3659 3698 3730 3738 3746 3946 3954 4113 4154 4399 4680 4953 5020 5170 5284 5436 5446 5476 5491 5545 5888 6026 6040 6145 6178 6187 6219 6491 6594 6624 6705 6781 7031 7128 7201 7514 7965 8284 8407 8416 8635 8648 8720 8816 8860 8877 8894 9257 9328 9554 9556 9683 9701 9735 9748 9773 9809 9944 10048 10055 10065 10074 10540 10569 10683 10703 11271 11384 11402 11537 11738 11746 11973 12115 12227 12309 12461 12472 12494 12525 12541 12581 12613 12686 13102 13271 13304 13347 13459 13704 13984 14008 14077 14129 14218 14257 14362 14432 14433 14689 14786 14854 14865 15142 15236 15410 15440 15521 15571 15655 15840 15904 16385 16666 16682 17001 17175 17176 17325 17454 17588 17784 17817 17975 18008 18041 18288 18294 18457 18479 18511 18695 18721 18939 19000 19120 19251 19472 19743 19978
222 163 242 321 700 797 898 973 1132 1242 1565 1604 1701 1766 1831 1847 1865 2076 2097 2155 2168 2191 2233 2309 2361 2455 2560 2722 2787 2824 2894 2952 3024 3053 3122 3199 3222 3224 3287 3467 3662 3709 3799 3948 4019 4028 4184 4208 4216 4233 4339 4424 4652 4713 4952 4979 5082 5102 5318 5331 5453 5618 5674 5736 5795 5883 5898 6390 6560 6642 6704 6709 6811 6876 6963 7106 7164 7197 7229 7584 7586 7755 7758 7826 7905 7981 7982 8004 8116 8135 8144 8173 8255 8263 8337 8408 8471 8497 8630 8668 8691 8823 8918 8986 9072 9353 9477 9483 9591 9725 9819 9856 9923 9945 10087 10167 10496 10640 10663 10711 10841 10846 10915 10992 11015 11115 11229 11485 11536 11569 11635 11641 11654 11796 11866 11972 12228 12355 12370 12680 12835 12838 12897 13123 13135 13171 13193 13267 13355 13402 13621 13655 13765 13814 13876 13945 14216 14326 14337 14439 14649 14711 14736 14810 14828 14987 15082 15119 15134 15147 15245 15271 15426 15502 15725 15796 15852 16047 16272 16438 16477 16638 16791 16862 16991 17023 17164 17303 17327 17342 17494 17805 17997 18017 18080 18132 18315 18335 18356 18391 18575 18618 18680 18713 19046 19059 19187 19234 19237 19253 19282 19291 19303 19398 19424 19516 19553 19566 19580 19642 19657 19835 19895
195 9 48 77 78 83 134 148 242 675 741 788 800 901 983 1007 1104 1236 1349 1453 1480 1555 1644 1768 1856 1986 2501 2556 2987 3004 3362 3602 3677 3754 3887 3936 3966 4142 4354 4406 4466 4624 4805 4826 4889 4965 5010 5046 5057 5089 5278 5500 5513 5600 5704 5731 5863 6041 6124 6643 6841 6861 7007 7056 7088 7260 7348 7711 7750 7850 7982 8315 8476 8498 8578 8592 8602 8770 8933 8982 8993 9041 9066 9157 9359 9434 9794 9910 9947 9985 10042 10153 10199 10245 10426 10571 10818 10829 10964 10971 11117 11434 11476 11637 11642 11662 11897 11925 12066 12116 12174 12322 12342 12526 12675 12728 12796 12844 12865 12879 12986 12997 13050 13176 13499 13557 13568 13659 13717 13777 13824 13876 14008 14634 14714 14782 14821 14854 14945 14979 14991 15017 15110 15112 15266 15344 15444 15487 15566 15618 15638 15716 15719 15816 15887 16152 16173 16186 16297 16365 16487 16498 16594 16771 16899 16982 16987 17014 17203 17267 17367 17589 17809 17872 17893 17962 17982 18176 18296 18407 18497 18518 18678 18691 18788 18817 18878 18914 18935 18975 18989 19179 19201 19416 19475 19635
201 14 171 318 398 402 583 628 640 744 914 916 1198 1231 1318 1539 1555 1613 1665 1727 1776 1818 1819 1899 1925 2102 2321 2431 2573 2720 2904 2987 3083 3178 3191 3386 3423 3433 3517 3559 3831 3840 3954 4138 4142 4331 4496 4641 4929 4936 4956 4998 5000 5002 5127 5145 5149 5232 5330 5442 5464 5515 5539 5577 5608 5716 5785 5800 5850 6011 6047 6119 6221 6240 6313 6344 6352 6466 6585 6734 6735 6783 6823 6825 6960 6961 6995 7015 7032 7111 7185 7224 7415 7450 7477 7738 7765 7805 8166 8364 8707 8892 8921 9116 9167 9308 9464 9682 9725 9832 9882 9945 9978 10133 10222 10261 10307 10317 10425 10526 10649 10725 11095 11291 11882 11949 11984 11989 12172 12324 12336 12442 12487 12600 12799 12968 13043 13142 13305 13462 13847 14035 14087 14597 14644 14738 14786 14866 14898 14993 14995 15119 15153 15250 15255 15350 15409 15463 15493 15703 15905 16060 16153 16543 16556 17025 17170 17217 17246 17336 17342 17447 17583 17717 17744 17856 17865 17912 17947 18074 18117 18237 18242 18569 18676 18688 18780 18791 18952 18975 19049 19132 19191 19211 19245 19344 19371 19441 19553 19626 19817 19900
192 79 534 653 956 1117 1121 1128 1219 1276 1297 1318 1422 1642 1661 1826 1978 2204 2484 2593 2631 2719 2830 2839 2849 2875 3112 3126 3166 3340 3379 3409 3468 3673 3737 3820 3861 3903 3911 3976 3997 4023 4036 4103 4224 4272 4342 4403 4428 4527 4640 4702 4810 4856 4950 5199 5572 5576 5608 5618 5686 5796 5808 5980 6062 6104 6116 6137 6191 6346 6365 6368 6541 6604 6971 7105 7139 7176 7247 7281 7335 7435 7440 7507 7619 7642 7794 7995 8003 8013 8040 8049 8092 8259 8324 8372 8461 8472 8504 8592 8617 8855 8892 8944 9019 9147 9176 9236 9299 9361 9551 9772 9797 9935 10073 10156 11125 11143 11161 11177 11204 11214 11360 11420 11455 11492 11853 11896 11927 11931 12010 12187 12205 12219 12409 12574 12584 12668 12805 12842 12851 12956 13225 13326 13337 13739 13817 13841 13862 14132 14153 14219 14255 14282 14307 14485 14645 14658 15385 15645 15838 16029 16037 16095 16104 16362 16414 16831 16908 17056 17099 17201 17656 17884 17944 18035 18229 18348 18795 18828 18857 18918 19222 19415 19472 19479 19512 19621 19754 19778 19842 19844 19876
197 31 53 81 233 464 477 639 642 645 876 1022 1056 1154 1219 1451 1481 1597 1658 1916 1989 1998 1999 2090 2257 2296 2342 2397 2454 2648 2754 2781 2913 2981 2995 3053 3076 3196 3213 3364 3436 3753 3809 3830 3845 4055 4093 4121 4363 4518 4527 4558 4594 4650 5304 5409 5505 5704 5757 5783 5835 5837 5867 5952 5964 6051 6100 6257 6301 6530 6713 6902 7038 7167 7211 7340 7686 7775 7792 7966 7990 8163 8208 8246 8276 8281 8385 8544 8621 8754 8756 8800 8840 8874 9319 9337 9368 9376 9388 9647 9655 9789 9834 9836 9946 9999 10102 10210 10517 10578 10592 10709 10878 10899 11032 11153 11177 11200 11270 11283 11328 11426 11582 11585 11736 11773 11793 11836 12022 12176 12259 12308 12381 12389 12587 12612 12623 12833 12986 13352 13399 13575 13643 13651 13797 13881 13958 13962 13970 14121 14168 14296 14467 14545 14672 14725 14736 14961 15122 15225 15265 15334 15361 15777 16047 16065 16123 16214 16490 16641 16650 16757 16963 16978 17037 17172 17351 17720 17910 17949 18042 18143 18193 18276 18285 18409 18553 18569 18716 18808 18856 19069 19202 19256 19559 19692 19832 19995
203 37 93 251 271 403 407 432 434 890 1035 1161 1205 1484 1527 1528 1629 1638 1680 1695 1991 2021 2070 2186 2236 2404 2418 2651 2685 2728 2924 3007 3155 3227 3273 3302 3413 3466 3498 3727 3730 3782 3933 3970 4114 4125 4144 4149 4174 4192 4216 4265 4301 4344 4346 4368 4563 4643 4731 4903 5036 5077 5144 5497 5581 5703 5763 5901 6005 6010 6044 6198 6365 6490 6549 6650 6682 6769 6932 7163 7276 7613 7862 8035 8161 8191 8244 8404 8757 8840 8931 9042 9118 9149 9279 9668 9901 10048 10098 10102 10104 10257 10261 10284 10300 10443 10527 10619 10670 10697 11328 11336 11617 11728 11777 11837 11890 11979 11988 12497 12515 12735 12739 12768 12809 12826 12883 12989 13151 13297 13496 13544 13615 13679 13694 13711 13780 13857 13971 13980 14038 14086 14291 14314 14415 14417 14462 14591 14633 14691 14822 14888 15104 15137 15413 15453 15536 15605 15825 15904 16099 16101 16227 16340 16649 16656 16735 16813 17441 17576 17616 17650 17735 17758 17770 17823 17862 18015 18049 18114 18227 18237 18322 18384 18439 18530 18678 18774 18815 18835 19013 19040 19045 19074 19227 19334 19361 19390 19391 19463 19540 19570 19705 19858
184 119 332 339 711 864 979 988 1035 1082 1085 1096 1159 1223 1487 1655 1840 1851 1918 1943 1945 2164 2254 2436 2779 2787 2827 2844 2857 2861 2891 2955 2958 3011 3100 3191 3207 3256 3328 3614 3800 3830 3881 4069 4091 4210 4223 4331 4754 4856 4955 5059 5126 5184 5305 5358 5721 5952 6100 6103 6214 6576 6647 6730 6777 6792 6837 7023 7198 7344 7347 7436 7644 8014 8130 8148 8422 8454 8470 8482 8500 8501 8706 8830 8872 8905 8906 9087 9093 9181 9242 9321 9417 9568 9742 9858 9923 10086 10243 10329 10522 10531 10623 10647 11033 11104 11164 11225 11378 11413 11606 11626 11808 11855 11960 11983 12075 12201 12335 12338 12433 12587 12696 12741 12745 12822 12892 12895 13032 13099 13164 13287 13303 13414 13468 13484 14125 14183 14378 14394 14581 14693 14806 14843 14991 15098 15108 15290 15317 15340 15632 15751 15884 15949 16130 16278 16452 16495 16545 16649 16722 16749 16819 16915 16963 17127 17152 17412 17438 17681 17951 18334 18354 18562 18577 18706 18738 18808 19163 19298 19671 19717 19875 19893 19909
229 25 65 191 208 304 307 343 368 401 403 466 500 588 634 660 692 840 869 929 1175 1268 1280 1395 1611 1741 1744 1780 1800 2086 2257 2376 2455 2741 2834 2921 2948 3003 3006 3016 3062 3144 3275 3321 3356 3585 3786 3838 3852 3866 3878 3919 3984 4100 4176 4210 4388 4410 4598 4823 4873 4968 5002 5054 5165 5205 5292 5302 5530 5534 5549 5631 5984 5990 6009 6075 6304 6449 6595 6611 6692 6703 7157 7220 7229 7326 7411 7520 7616 7618 7672 7716 7726 7736 8005 8110 8182 8221 8277 8358 8367 8413 8545 8611 8659 9032 9061 9069 9085 9224 9236 9284 9333 9346 9348 9379 9512 10283 10334 10412 10578 10646 10714 10765 10792 10839 10841 11043 11369 11413 11455 11533 11699 11756 11777 11794 11823 11908 11971 12151 12367 12416 12612 12857 12863 12886 12890 12894 12918 12942 13039 13050 13293 13303 13373 13433 13468 13469 13520 13582 13734 13746 13806 13842 13981 14005 14043 14075 14365 14626 14659 14774 14859 15152 15153 15304 15456 15491 15518 15570 15689 15702 15729 15791 15807 15866 15898 16031 16071 16281 16298 16315 16322 16384 16474 16531 16618 16770 16849 17101 17203 17510 17518 17648 17666 17949 17954 18044 18102 18122 18169 18261 18354 18435 18713 18745 18991 19052 19060 19337 19350 19465 19502 19516 19567 19580 19613 19786 19901 19960
194 50 61 265 387 470 574 602 604 992 1000 1008 1103 1184 1243 1326 1450 1535 1840 2033 2090 2135 2142 2276 2460 2575 2577 2611 2777 2955 2993 3013 3105 3223 3290 3316 3337 3358 3682 3717 3741 3762 3943 3954 4114 4256 4683 4831 4925 5023 5081 5400 5508 5524 5659 5703 6122 6140 6152 6956 7114 7144 7224 7648 7858 7882 7889 7912 7952 7997 8079 8103 8251 8254 8341 8450 8494 8614 8704 8725 8796 9003 9180 9218 9305 9332 9442 9539 9640 9664 9758 9797 9986 10272 10281 10418 10673 10775 10863 11047 11057 11136 11237 11238 11264 11273 11542 11559 11587 11649 11660 11808 11948 12116 12120 12133 12213 12259 12574 12590 12867 13066 13189 13380 13418 13524 13605 13690 13797 13888 13926 14103 14158 14270 14366 14419 14452 14482 14497 14615 14863 15070 15142 15187 15210 15372 15490 15617 15638 16277 16447 16534 16564 16842 16892 16902 16937 17083 17386 17552 17574 17595 17642 17693 17694 17805 17903 17916 17991 18055 18060 18064 18339 18355 18425 18460 18491 18518 18630 18643 18673 18688 18761 18807 18850 18860 19145 19160 19166 19172 19259 19417 19514 19785 19984
184 55 83 128 253 442 811 874 949 1031 1145 1240 1589 1806 1853 1960 2118 2126 2171 2174 2177 2258 2519 2526 2528 2559 2628 3114 3179 3198 3284 3381 3439 3468 3555 3590 3785 3831 3976 4298 4395 4486 4941 5155 5192 5238 5257 5343 5501 5720 5776 5829 5834 5905 6203 6216 6280 6352 6444 6588 6646 6712 6771 6778 6814 6917 6923 6950 7008 7028 7067 7193 7253 7396 7490 7603 7762 7815 7890 7920 7927 8214 8283 8337 8402 8519 8602 8640 8678 8787 8813 8966 9044 9132 9419 9425 9513 9529 9969 10021 10042 10099 10267 10449 10499 10602 10638 10739 10755 10876 10884 10934 11173 11380 11419 11422 11491 11769 11831 11895 12067 12349 12469 12580 12683 13211 13311 13373 13503 13805 13875 13926 14020 14260 14397 14404 14940 15051 15190 15243 15341 15356 15413 15464 15478 15491 15504 15692 15710 15926 16248 16517 16593 16598 16641 16765 16788 16996 17098 17117 17210 17824 17865 17887 17890 17973 18037 18142 18441 18494 18605 18610 18735 19052 19211 19329 19337 19367 19431 19456 19461 19702 19820 19923 19946
179 250 281 291 330 395 568 585 675 703 778 914 1036 1038 1313 1331 1462 1513 1517 1598 1935 1961 2274 2309 2440 2526 2659 2691 2699 2966 3108 3149 3238 3249 3545 3556 3747 3820 3859 3928 4063 4166 4298 4636 4747 4865 4920 4929 4986 5085 5221 5317 5498 5559 5580 5627 5632 6062 6149 6197 6280 6732 6763 6773 6807 6976 6993 7047 7137 7144 7172 7214 7299 7429 7469 7497 7599 7724 8099 8148 8154 8259 8373 8653 8685 8749 8840 9079 9270 9446 9485 9689 9708 9788 10009 10225 10263 10381 10520 10564 10582 10955 11027 11109 11148 11243 11264 11329 11529 11548 11990 12011 12050 12068 12155 12402 12488 12639 12721 12986 13311 13409 13447 13453 13489 13490 13586 13696 13706 14217 14291 14299 14317 14416 14501 14635 14729 14807 14925 14938 14983 15072 15089 15140 15398 15459 15476 15613 15643 15730 15936 16040 16079 16166 16201 16257 16413 16590 16791 16807 17111 17293 17398 17510 17543 17582 17612 17883 18005 18119 18322 18342 18364 18486 18702 18852 19381 19483 19506 19963
218 169 224 247 265 308 446 447 452 456 567 639 680 723 784 1213 1236 1311 1364 1377 1479 1906 1942 1980 2080 2129 2228 2232 2263 2314 2340 2357 2565 2677 2725 2740 2796 2979 2983 3033 3131 3189 3208 3222 3295 3296 3422 3459 3575 3614 3652 3865 4181 4231 4560 4715 4741 4848 4991 5079 5168 5180 5344 5403 5759 5783 5938 5998 6145 6377 6439 6484 6493 6569 6673 6761 6945 7047 7058 7069 7140 7215 7253 7270 7338 7530 7569 7602 7906 7987 8002 8046 8187 8348 8608 8679 8740 8870 8976 9271 9404 9560 9582 9675 9793 9846 9875 9919 9995 10235 10268 10351 10494 10523 10537 10556 10718 10805 11075 11160 11206 11250 11371 11391 11437 11485 11578 11619 11644 11689 12011 12042 12129 12209 12251 12283 12296 12411 12490 12857 12862 12911 12945 13036 13116 13322 13442 13466 13700 13763 13791 13804 13861 13936 14034 14113 14172 14209 14261 14304 14422 14506 14591 14613 14651 14775 14800 14807 14951 15305 15492 15605 15628 15639 15809 15906 15963 16037 16040 16051 16288 16378 16559 16726 16806 16828 16846 16850 16908 16989 17007 17018 17202 17240 17299 17351 17418 18020 18053 18212 18221 18228 18311 18476 18501 18611 18764 18787 18903 19020 19175 19247 19261 19298 19563 19623 19636 19854 19933
209 66 350 507 693 777 780 798 985 1023 1139 1342 1426 1451 1473 1574 1857 1935 1952 2030 2257 2345 2370 2445 2498 2544 2666 2689 2966 3024 3091 3096 3150 3393 3408 3522 3551 3577 3628 3651 3842 3925 3978 4085 4204 4279 4359 4474 4557 4677 4775 4910 4919 4951 5196 5205 5249 5271 5272 5302 5380 5520 5521 5726 5804 5912 5931 5949 5967 6058 6112 6134 6136 6169 6238 6320 6390 6461 6502 6510 6543 6586 6600 6702 6710 6713 7037 7050 7116 7400 7431 7465 7491 7626 7754 7808 7854 7907 8177 8197 8263 8344 8522 8580 8879 8898 8973 9130 9239 9251 9589 9655 9782 9923 10158 10215 10234 10244 10344 10527 10668 10744 10851 10913 11002 11031 11053 11242 11267 11291 11467 11524 11712 11831 11936 11937 12025 12284 12299 12471 12901 12922 13050 13076 13117 13469 13498 13551 13558 13561 13761 13820 13838 13887 13926 13938 13977 14109 14376 14470 14596 14715 14763 15027 15267 15341 15342 15460 15546 15681 15834 15851 15888 16004 16016 16024 16047 16153 16183 16380 16417 16568 16717 16895 16941 17256 17447 17483 17702 17752 17858 18003 18004 18119 18147 18156 18238 18558 19098 19200 19229 19243 19261 19461 19495 19509 19688 19731 19855 19866
208 32 100 112 143 154 454 608 729 758 761 766 903 911 1001 1142 1268 1273 1301 1318 1383 1413 1426 1437 1551 1606 1639 1752 1757 1794 1798 1967 2158 2175 2434 2632 2634 2642 2759 2804 3034 3049 3524 3732 3803 3904 3910 3987 4041 4074 4166 4316 4455 4481 4542 4630 4819 5014 5200 5278 5390 5404 5483 5549 5724 5922 5934 5999 6013 6017 6101 6194 6419 6421 6561 6670 6671 6690 6758 6975 7032 7224 7261 7327 7610 7612 7785 7840 7843 7927 7960 8011 8034 8628 8767 8796 8992 9042 9046 9059 9218 9229 9327 9359 9621 9717 10060 10127 10160 10175 10209 10285 10427 10474 10503 10692 10701 10727 10913 11026 11174 11192 11263 11344 11378 11387 11414 12197 12367 12415 12476 12498 12711 12841 12851 12901 13021 13404 13539 13574 13712 13798 13799 14036 14161 14268 14317 14550 14726 14798 15096 15145 15155 15163 15172 15451 15536 15565 15686 15736 15761 15830 15867 16507 16674 16697 16758 16769 16785 16843 17009 17015 17072 17257 17476 17620 17671 17883 17911 18012 18088 18281 18362 18367 18516 18563 18645 18799 18932 19074 19130 19133 19146 19209 19328 19366 19367 19398 19413 19415 19523 19574 19577 19693 19821 19832 19871 19884 19924
195 170 242 426 511 674 733 893 906 1198 1350 1496 1704 1741 1846 1989 2006 2027 2147 2224 2232 2348 2438 2582 2661 2674 2710 2720 2723 2830 2904 3044 3402 3481 3582 3876 3934 3946 3981 3988 3998 4042 4163 4267 4347 4665 4700 4712 4842 4873 4900 4979 4989 5034 5128 5243 5346 5414 5499 5835 5946 5997 6207 6224 6296 6314 6555 6586 6718 7034 7043 7137 7429 7476 7660 7756 7795 8022 8353 8484 8504 8647 8778 9040 9065 9235 9809 9890 9969 10227 10272 10317 10362 10364 10417 10442 10627 10706 10753 10867 10926 11094 11240 11268 11283 11540 11554 11636 11765 11813 11983 12014 12019 12189 12250 12314 12323 12457 12602 12668 12701 12721 12814 12876 12906 12946 13045 13226 13476 13484 13528 13537 13585 13592 13620 13714 13730 13778 13849 14187 14205 14255 14300 14307 14406 14576 14709 14901 15035 15114 15128 15258 15281 15553 15762 15820 15833 15874 16129 16154 16269 16326 16548 16587 16622 16664 16857 16943 17177 17347 17521 17540 17543 17555 17872 18028 18068 18208 18287 18347 18449 18477 18626 18702 18707 18742 18865 18883 18887 19036 19179 19189 19243 19407 19853 20000
188 9 154 196 219 265 367 386 415 425 468 787 798 993 1176 1243 1298 1310 1432 1442 1452 1458 1552 1652 1670 2155 2229 2511 2581 2657 2751 2755 2833 2994 3093 3240 3305 3401 3500 3603 3642 3852 3878 4186 4213 4335 4709 4749 4984 5222 5261 5272 5295 5463 5592 5711 5803 5903 5944 6003 6011 6066 6146 6198 6200 6372 6831 6966 6973 7048 7151 7236 7276 7464 7495 7759 7835 7881 7976 8099 8215 8294 8307 8315 8426 8527 8847 8877 9139 9151 9208 9350 9598 9713 9732 9755 9760 9871 10216 10282 10284 10306 10413 10562 10570 10681 10690 10716 10719 10728 10730 10776 10784 10871 10896 11007 11157 11286 11719 11834 11843 12002 12039 12052 12187 12305 12365 12391 12440 12454 12552 12876 13062 13089 13224 13322 13621 13801 13809 13942 14324 14381 14539 14610 14698 14759 14952 15028 15222 15240 15274 15404 15592 15608 15829 15914 15998 16023 16201 16377 16420 16437 16454 16881 17109 17111 17350 17386 17489 17522 17592 17965 18048 18202 18382 18415 18480 18521 19058 19110 19151 19368 19414 19430 19605 19684 19755 19779 19864
212 37 164 175 177 253 266 341 455 607 699 726 964 967 994 1038 1080 1564 1603 1745 1749 1814 1816 1871 1987 2110 2363 2459 2495 2511 2515 2659 2941 2950 3212 3237 3362 3415 3435 3487 3550 3555 3556 3569 3641 3666 3828 3856 3912 4015 4166 4529 4620 5210 5398 5604 5613 5776 5786 5982 6059 6077 6246 6318 6464 6575 6655 6732 6773 6788 6835 6981 7053 7078 7228 7544 7601 7615 7683 7904 7913 7922 8036 8071 8181 8408 8427 8471 8513 8813 9017 9062 9071 9081 9116 9163 9616 9682 9811 9982 10023 10039 10162 10184 10310 10392 10436 10480 10524 10540 10574 10620 10673 10683 10739 10944 10977 10978 11383 11687 11771 11811 11914 12008 12120 12244 12465 12512 12554 12866 13007 13096 13123 13132 13166 13186 13226 13251 13361 13455 13474 13482 13541 13595 13820 13898 13986 14036 14050 14182 14211 14220 14280 14350 14405 14716 14770 14809 14821 14844 14855 14857 14862 14936 15347 15749 15900 15950 15981 15997 16031 16042 16130 16182 16496 16632 16985 17033 17199 17229 17245 17390 17647 17781 17870 17893 17967 18172 18428 18525 18529 18613 18614 18678 18706 18755 18924 18964 18991 19118 19245 19290 19356 19385 19455 19474 19496 19685 19731 19733 19748 19813 19819
206 31 143 162 222 231 272 302 308 345 418 489 516 628 832 1041 1264 1504 1534 1606 1621 1693 1728 1746 1842 1861 1862 1865 2019 2137 2252 2345 2368 2385 2476 2543 2664 2813 2846 2978 3131 3478 3530 3720 3752 3926 4028 4144 4267 4344 4468 4609 4733 4890 5115 5152 5183 5197 5200 5264 5470 5519 5689 5705 5803 5846 5893 5931 5932 5962 6018 6227 6264 6325 6842 6970 6983 7056 7233 7271 7501 7647 7844 7859 7891 8080 8140 8319 8340 8456 8524 8693 8816 8841 8869 8878 9009 9108 9175 9364 9387 9509 9624 9650 9673 9963 10375 10511 10581 10736 10855 10857 11074 11134 11192 11283 11355 11449 11580 11729 11783 11864 11983 12078 12089 12247 12273 12373 12405 12573 12575 12744 12766 12879 12881 12939 12986 13191 13370 13395 13465 13537 13560 13681 13684 13856 13994 14053 14100 14184 14289 14315 14430 14471 14475 14575 14592 14678 14966 14989 15784 15811 15921 15952 16190 16292 16517 16600 16702 16719 16729 16764 16920 17053 17200 17256 17311 17544 17714 17729 17790 17795 17798 17816 17843 17853 17900 17907 18200 18349 18380 18445 18456 18460 18584 18852 19000 19006 19048 19103 19327 19425 19451 19524 19569 19752 19998
219 56 271 343 455 659 695 744 869 921 951 1170 1246 1273 1317 1352 1393 1566 1755 1838 1874 1886 1996 2006 2027 2127 2138 2296 2304 2333 2338 2461 2499 2585 2603 2724 2774 2965 3169 3261 3353 3407 3478 3479 3506 3567 3641 3642 3660 3866 4086 4197 4331 4611 4658 4727 4960 5023 5171 5182 5196 5267 5305 5336 5343 5389 5512 5538 5623 5628 5652 5665 5707 5780 5967 6068 6422 6427 6618 6628 6641 6656 6727 6745 6807 6821 6922 7129 7226 7267 7289 7338 7417 7442 7444 7830 7840 7946 8022 8255 8351 8379 8419 8512 8598 8740 8948 9179 9381 9640 9651 9777 9850 9864 9902 10005 10061 10081 10157 10225 10461 10493 10513 10525 10573 10832 10905 10919 10934 11031 11207 11241 11373 11392 11579 11629 11668 11856 11865 12045 12151 12257 12502 12511 12721 12757 12962 13098 13176 13184 13265 13308 13314 13338 13715 13823 13875 13904 13911 13933 14029 14432 14439 14481 14505 14523 14637 14703 14706 14743 14876 14979 15162 15180 15235 15261 15466 15544 15641 15668 15685 15856 15922 15963 16106 16270 16395 16468 16506 16553 16678 16694 16720 16760 16869 17098 17126 17425 17558 17564 17682 17885 17959 17984 18038 18143 18157 18224 18343 18579 18608 18708 18961 19013 19040 19150 19471 19529 19578 19957
191 125 234 277 573 699 1075 1177 1222 1242 1505 1667 2056 2091 2160 2186 2226 2290 2349 2355 2378 2494 2670 2730 2740 2802 2832 2850 2998 3058 3098 3208 3268 3323 3394 3428 3621 3662 3821 3834 3932 3981 4070 4121 4223 4277 4351 4376 4490 4545 4576 4791 5010 5248 5437 5486 6185 6206 6584 6610 6637 6723 6787 6810 6843 6921 7023 7080 7190 7584 7600 7631 7707 7757 7769 7771 7781 7818 7860 7882 8033 8056 8102 8281 8388 8393 8951 9035 9124 9323 9678 9688 9767 9905 9934 9950 10083 10269 10667 10684 10806 10836 11108 11201 11232 11237 11308 11341 11397 11520 11594 11657 11710 11735 11843 12213 12402 12499 12547 12674 12808 12975 12985 13034 13046 13106 13125 13187 13247 13408 13427 13467 13721 13851 13864 13964 14041 14063 14074 14122 15272 15432 15444 15638 15670 15674 16013 16018 16042 16077 16205 16541 16672 16711 16732 16733 16815 16911 16940 17017 17064 17092 17432 17733 17798 17844 17916 17959 18125 18408 18486 18535 18543 18859 18879 18906 18996 19008 19078 19123 19354 19404 19475 19500 19593 19657 19787 19826 19846 19879 19939 19979
219 74 258 300 466 538 691 906 1129 1231 1270 1274 1361 1425 1702 1714 1716 1789 2088 2246 2259 2449 2539 2576 2588 2797 2861 2865 2878 2889 2979 2996 3011 3184 3321 3364 3382 3424 3447 3611 3676 3809 3887 4077 4115 4302 4331 4462 4716 4882 5186 5561 5651 5652 5848 6147 6192 6305 6343 6400 6422 6443 6509 6563 6573 6641 6662 6687 6700 6722 7024 7090 7155 7204 7209 7261 7373 7386 7678 7722 7734 7789 7858 7895 7950 7997 8026 8264 8449 8502 8655 8662 8685 8746 8905 8994 9082 9163 9200 9220 9273 9427 9446 9465 9513 9668 9724 9790 9858 9989 10028 10030 10078 10095 10225 10298 10392 10398 10445 10495 10704 10739 10987 11131 11138 11221 11257 11311 11413 11495 11719 11815 11928 11951 12039 12257 12322 12463 12510 12792 12840 12871 12926 13014 13105 13145 13199 13217 13331 13486 13520 13546 13668 13724 13924 14030 14141 14274 14316 14487 14504 14517 14582 14660 14746 14804 14931 14981 15031 15033 15050 15101 15137 15198 15263 15323 15346 15527 15608 15609 15798 15864 16019 16094 16107 16213 16404 16534 16546 16692 16753 16801 16856 16952 16981 17083 17300 17470 17498 17629 17872 17968 18252 18364 18673 18677 18716 18762 18882 18980 19027 19107 19222 19329 19637 19755 19768 19861 19867 19947
179 88 127 311 457 725 820 976 985 1017 1174 1230 1239 1310 1410 1435 1474 1545 1629 1671 1704 1779 1809 2182 2269 2424 2429 2630 2681 2809 2936 2950 3083 3092 3202 3398 3440 3703 3729 3923 4014 4187 4238 4243 4266 4331 4375 4380 4427 4465 4551 4673 4719 4746 4756 4865 4878 4944 4988 5159 5416 5500 5581 5651 5686 5708 5837 5925 5940 5953 6022 6227 6363 6404 6556 6851 6898 7077 7302 7411 7627 8510 8534 8570 8810 8905 8991 9054 9156 9397 9551 9694 9731 9740 9742 9796 9926 9973 10039 10186 10395 10424 10646 10722 10744 11000 11006 11045 11115 11289 11319 11444 11451 11832 12247 12543 12546 12850 13212 13628 13762 13816 13847 13915 13931 13983 14060 14140 14475 14500 14633 14802 14803 14880 15006 15109 15578 15594 15608 15682 15872 15926 15990 16056 16132 16150 16210 16353 16357 16611 16887 17006 17025 17066 17388 17841 17865 18123 18134 18182 18359 18414 18463 18513 18625 19092 19122 19180 19226 19277 19386 19586 19592 19657 19705 19724 19824 19837 19862 19891
204 293 343 410 415 603 755 804 811 1149 1158 1255 1280 1308 1441 1594 1849 1984 1993 1995 2004 2096 2139 2319 2320 2585 2795 2796 2798 2921 2922 3029 3112 3554 3624 3806 3862 4017 4318 4343 4460 4486 4496 4506 4545 4628 4728 4837 4868 5187 5247 5303 5656 5671 5760 5815 5828 5952 5987 6217 6284 6322 6405 6603 6678 6784 6817 6925 6927 7042 7072 7096 7231 7318 7321 7398 7489 7543 7949 8032 8063 8124 8249 8590 8659 8676 8734 8786 8938 9202 9278 9414 9640 9773 9788 10170 10319 10333 10427 10450 10640 10749 10810 10870 10922 11035 11143 11289 11327 11407 11535 11557 11736 11863 11938 12061 12161 12236 12247 12288 12360 12366 12451 12497 12632 12651 12675 12694 12881 12986 13099 13283 13326 13387 13401 13525 13631 13655 13741 13751 13828 13951 14276 14546 14570 14729 14737 14922 15012 15036 15049 15163 15244 15419 15523 15698 15735 15849 16033 16207 16493 16527 16537 16560 16619 16634 16640 16660 16679 16690 16809 16937 16975 17054 17139 17152 17174 17217 17608 17641 17685 17731 17854 17874 17942 18137 18247 18319 18467 18489 18506 18694 18702 18719 18873 18963 19078 19150 19179 19201 19298 19468 19565 19588 19899
226 4 99 137 186 207 218 238 260 278 301 417 504 533 539 699 839 891 1083 1111 1337 1435 1460 1515 1580 1648 1693 1818 1822 1835 1869 2006 2362 2434 2457 2540 2610 2674 2859 2906 2907 2934 2987 3088 3130 3154 3174 3249 3268 3301 3334 3520 3736 3740 3975 4100 4202 4222 4260 4307 4376 4626 4795 4831 4911 4951 5193 5301 5379 5424 5451 5554 5561 5577 5698 5780 5855 5928 5974 6091 6120 6268 6362 6431 6447 6471 6604 6631 6828 6907 7154 7239 7292 7306 7380 7423 7442 7579 7807 7824 7887 8106 8145 8200 8266 8290 8310 8351 8376 8485 8570 8581 8624 8717 8791 8796 8853 8877 8881 9225 9303 9368 9480 9507 9532 9638 9731 10010 10038 10063 10098 10148 10224 10234 10336 10337 10604 10645 10762 10925 10981 11004 11095 11119 11243 11276 12083 12084 12119 12136 12196 12376 12470 12551 12563 12572 12742 12847 12933 13037 13402 13441 13463 13499 13589 13631 13642 13730 13905 13941 13963 14023 14105 14393 14471 14958 15025 15156 15393 15450 15462 15500 15524 15742 15750 15895 15907 15939 16027 16103 16160 16726 16965 17179 17216 17349 17378 17527 17611 17870 17886 17983 18012 18030 18120 18152 18179 18199 18258 18370 18395 18553 18690 18742 18876 19107 19133 19194 19220 19233 19375 19470 19487 19544 19572 19586 19724
204 60 138 148 387 592 867 917 1186 1321 1557 1558 1802 2120 2171 2325 2497 2620 2653 3007 3048 3185 3191 3387 3389 3399 3494 3778 3861 3976 4073 4141 4151 4203 4265 4422 4610 4702 4772 4786 4799 4835 4956 5364 5431 5435 5502 5561 5901 5976 6193 6386 6422 6568 6573 6713 6799 6929 6931 6964 7025 7061 7079 7149 7191 7225 7348 7462 7613 7624 7888 8073 8222 8528 8533 8554 8718 8768 8796 8955 9026 9126 9142 9187 9339 9395 9570 9729 9776 9870 10052 10073 10111 10130 10221 10273 10331 10417 10610 10652 11087 11174 11243 11293 11302 11395 11528 11697 11787 11821 11854 11859 11924 12008 12117 12123 12192 12244 12402 12427 12485 12746 12762 12815 12816 12973 12993 13002 13129 13144 13160 13174 13301 13475 13493 13504 13531 13572 13713 13853 14091 14104 14217 14247 14251 14266 14288 14342 14397 14439 14685 14741 14821 14904 15044 15067 15679 15723 15751 15825 15898 16052 16171 16201 16231 16255 16326 16351 16367 16398 16412 16436 16613 16698 16890 16937 17051 17253 17362 17366 17556 17594 17618 17706 17714 17938 18082 18258 18294 18310 18374 18476 18534 18549 18594 18599 18862 19289 19406 19407 19425 19445 19456 19611 19972
187 91 169 293 578 604 888 941 994 1016 1128 1368 1405 1584 1635 1704 1793 1843 1857 2019 2208 2245 2256 2405 2446 2469 2546 2563 2866 2966 3137 3180 3302 3479 3672 3692 3719 3751 3862 4028 4121 4132 4155 4165 4302 4319 4408 4495 4519 4668 4699 4803 4854 5035 5043 5257 5470 5525 5792 5849 6055 6142 6158 6173 6197 6256 6597 6650 7182 7197 7447 7456 7711 7752 7815 7897 7958 8138 8387 8540 8554 8583 8835 8838 9080 9461 9564 9803 10035 10048 10256 10406 10543 10630 10726 10813 10873 10931 10940 10947 10992 11000 11026 11054 11139 11141 11209 11286 11453 11523 11538 11676 11936 12093 12094 12227 12289 12426 12432 12473 12596 12761 12769 12815 12862 12899 12930 12968 12979 13043 13133 13502 13520 13549 13602 13951 14015 14060 14099 14127 14209 14222 14281 14461 14467 14475 14663 14710 14724 15178 15213 15434 15454 15543 15586 15767 15794 15829 15943 15971 16032 16238 16312 16393 16403 16900 17013 17209 17280 17502 17596 17755 17960 18245 18374 18386 18623 18636 18771 18830 18946 19080 19089 19218 19324 19441 19585 19863
205 11 151 255 465 467 559 579 636 728 969 987 1103 1139 1299 1325 1345 1511 1519 1530 1881 1900 1987 2034 2181 2333 2380 2485 2522 2531 2600 2653 2674 2695 2929 2939 2972 3076 3299 3321 3401 3402 3491 3565 3596 3823 3934 4031 4171 4320 4358 4392 4438 4501 4517 4524 4550 4671 4695 4702 4742 4750 4775 5326 5457 5473 5506 5583 5695 5753 5796 5849 5952 6090 6427 6475 6533 6718 6754 7251 7260 7330 7362 7521 7677 7685 8108 8152 8338 8546 8570 8725 8864 8870 8907 8965 8968 9008 9033 9078 9101 9252 9313 9418 9481 9496 9620 9779 9845 9873 9935 9946 10034 10234 10316 10360 10773 10809 11020 11141 11413 11538 11643 11781 11841 11848 11976 12371 12497 12584 12708 12860 12872 13053 13142 13210 13267 13314 13384 13656 13722 13794 13836 14062 14074 14155 14169 14395 14404 14407 14483 14651 14843 14854 14863 14891 15022 15091 15150 15194 15335 15643 15691 15780 15927 15952 15992 16122 16463 16827 17004 17257 17278 17340 17346 17443 17467 17558 17566 17604 17721 17823 18101 18323 18354 18454 18586 18690 18772 18792 18887 18960 19077 19097 19113 19145 19454 19527 19608 19616 19636 19687 19729 19786 19922 19938
204 60 423 471 643 852 1103 1216 1387 1490 1509 1595 1651 1775 1808 1982 2136 2186 2597 2746 2832 2982 3043 3048 3115 3149 3227 3430 3641 3702 3740 4166 4190 4275 4293 4462 4546 4612 4630 4712 4774 4788 4870 4919 4987 5006 5089 5254 5296 5382 5585 5629 5796 5901 6300 6301 6302 6771 6884 6985 7046 7098 7153 7247 7410 7676 7756 7967 8021 8058 8063 8064 8165 8170 8242 8296 8366 8389 8399 8418 8521 8660 8665 8765 8789 8796 8918 8984 9071 9082 9146 9238 9245 9249 9647 9665 9719 9727 9735 9878 9885 9896 10045 10071 10119 10125 10169 10177 10216 10223 10259 10318 10828 10857 10861 10867 10899 10942 11010 11061 11072 11362 11367 11530 11718 11833 11843 11850 11904 11980 11994 12082 12167 12169 12422 12467 12742 12896 13163 13200 13321 13330 13395 13466 13668 13674 13752 13850 13885 13900 14029 14121 14166 14529 14612 14616 14683 15111 15134 15170 15484 15784 15786 15849 15857 16252 16517 16551 16564 16661 16941 16986 17045 17096 17187 17323 17460 17478 17501 17581 17869 17913 17931 17946 17948 18395 18465 18472 18476 18508 18998 19005 19112 19133 19178 19217 19266 19278 19348 19426 19473 19571 19783 19817 19908
170 11 345 377 408 503 678 820 821 931 945 1124 1292 1420 1464 1609 1654 1682 1754 1787 1883 1887 2071 2095 2332 2608 2699 2974 3038 3062 3086 3488 3510 3579 3695 3861 3921 3995 4075 4120 4452 4750 4881 4899 5029 5121 5306 5463 5571 5633 5796 5883 5995 6041 6085 6288 6332 6379 6423 6511 6545 6610 6614 6690 6840 7011 7083 7113 7247 7269 7771 7917 8068 8172 8186 8408 8706 8888 8939 9128 9213 9264 9339 9892 10041 10044 10186 10338 10363 10400 10408 10426 10440 10738 10962 10985 11126 11293 11352 11402 11433 11596 11669 11701 11723 11733 11766 11875 12159 12174 12260 12378 12642 12860 12996 13020 13026 13301 13391 13550 13757 13939 14090 14224 14249 14401 14586 14600 15204 15283 15609 15730 15801 16161 16577 16583 16638 16688 16944 17066 17202 17387 17422 17470 17518 17727 17799 17808 17900 17904 17907 18137 18221 18371 18451 18514 18564 18586 18625 18664 18990 19154 19226 19309 19314 19390 19434 19465 19658 19970 19980
196 191 357 396 399 567 740 801 808 929 940 999 1009 1253 1458 1563 1744 1803 1930 2120 2134 2245 2411 2418 2508 2612 2801 2857 3028 3174 3386 3464 3604 3845 4031 4047 4118 4252 4266 4319 4593 4726 4819 4843 4866 4902 5039 5095 5330 5349 5369 5530 5882 5897 5987 6040 6055 6073 6224 6401 6524 6584 7088 7153 7354 7552 7754 7862 7909 7918 7934 8031 8095 8160 8189 8261 8272 8278 8450 8717 8772 8805 8890 9119 9388 9414 9585 9621 9702 9730 9733 9743 9899 9920 10110 10152 10497 10531 10590 10646 10765 10863 10866 11072 11118 11191 11250 11256 11568 11597 11609 11610 11649 11696 11718 11819 11864 12289 12297 12334 12596 12602 12603 12621 12721 12748 12789 12877 12881 12890 13089 13188 13338 13457 13720 13837 14021 14189 14265 14273 14287 14299 14300 14418 14428 14592 14689 14694 14732 14741 14794 15103 15205 15238 15357 15445 15479 15485 15694 15725 15799 15823 15867 15979 16160 16237 16279 16375 16387 16409 16454 16861 16925 16966 17134 17155 17182 17298 17325 17602 17818 17987 18031 18040 18675 18727 18850 18945 18988 19088 19095 19278 19491 19570 19730 19786 19804
176 88 93 148 323 930 1006 1138 1203 1253 1388 1431 1696 1819 1865 2180 2528 2653 3280 3393 3395 3683 3704 3718 3726 3902 4075 4221 4331 4577 4670 4754 4771 4778 4951 5091 5134 5421 5589 5649 5728 5749 5934 6088 6259 6320 6324 6395 6556 6561 6683 6716 6944 6994 7195 7349 7609 7708 7925 7979 8095 8154 8170 8218 8565 8575 8652 8877 8906 9004 9026 9044 9077 9180 9359 9390 9476 9485 9546 9551 9650 9975 10015 10067 10245 10329 10343 10567 10608 10633 10642 10773 10934 10988 11048 11052 11117 11163 11440 11480 11584 11680 11811 11819 11833 12086 12201 12675 12789 12868 12926 13050 13089 13220 13307 13313 13458 13637 13915 14055 14291 14346 14514 14615 14637 14796 14816 14949 14965 15050 15277 15370 15401 15434 15656 15735 15878 15940 15965 16030 16064 16326 16347 16408 16745 17072 17232 17333 17440 17954 17986 18036 18194 18220 18247 18286 18320 18356 18441 18616 18744 18863 19083 19110 19197 19278 19293 19441 19475 19593 19665 19730 19768 19802 19832 19847 19909
202 6 125 155 467 688 1017 1351 1656 1773 1783 1831 1903 1917 1954 1966 1968 2028 2224 2407 2452 2492 2500 2541 2566 2721 2929 3032 3100 3227 3272 3274 3365 3532 3542 3679 3713 3940 4326 4430 4447 4632 4733 5034 5049 5261 5284 5304 5309 5331 5359 5435 5563 5578 5673 5776 5827 6062 6147 6224 6400 6401 6423 6613 6884 7252 7517 7581 7591 7923 8059 8128 8170 8401 8505 8785 8881 8959 8965 9015 9023 9074 9094 9111 9269 9334 9465 9488 9673 9854 9872 9947 10031 10178 10296 10302 10572 10691 10833 10882 10926 11004 11060 11061 11210 11212 11277 11306 11315 11413 11426 11429 11556 11725 11726 11770 11844 11852 11876 11936 12000 12075 12155 12165 12181 12818 13028 13119 13220 13242 13284 13292 13317 13396 13658 13739 13806 13815 13897 14060 14150 14229 14278 14337 14416 14479 14663 14802 14954 15029 15071 15191 15638 15649 15660 15811 15838 15920 15959 16027 16047 16095 16123 16128 16340 16390 16401 16404 16577 16645 16655 16706 16733 16837 16937 17141 17218 17263 17326 17474 17522 17629 17711 17762 17835 18050 18069 18168 18347 18546 18548 18712 18719 18751 18754 18926 18978 19059 19062 19079 19120 19504 19607
184 213 235 700 1071 1103 1164 1317 1324 1373 1383 1386 1549 1604 1628 1737 1851 2279 2356 2531 2602 2756 2822 2842 2853 2866 3192 3202 3408 3410 3716 3821 3838 3865 3922 4163 4249 4508 4578 4657 4681 4825 4893 4935 4980 5146 5200 5228 5330 5708 5731 5968 6016 6046 6121 6137 6412 6574 6587 6904 6940 7008 7311 7476 7594 7603 7847 7911 7929 7958 8156 8242 8356 8408 8601 8626 8978 9034 9071 9126 9208 9415 9466 9707 9878 10054 10083 10124 10147 10552 10602 10834 10860 10867 10967 11267 11367 11448 11457 11643 11678 11839 11926 12021 12158 12199 12268 12332 12378 12381 12390 12534 12636 12678 12711 12944 13090 13122 13124 13136 13190 13352 13435 13633 13681 13726 13881 13891 13949 14003 14028 14118 14387 14727 14903 15019 15105 15111 15161 15309 15449 15584 15587 15594 15637 15702 16035 16173 16392 16450 16475 16562 16590 16596 16780 16843 17347 17560 17718 17739 17899 17937 18007 18034 18089 18153 18272 18304 18362 18676 18688 18701 18772 18779 18793 18797 18951 19038 19135 19172 19182 19297 19568 19600 19611
185 10 136 281 331 473 580 754 778 836 840 850 903 914 1028 1058 1066 1074 1573 1613 2073 2093 2215 2351 2416 2472 2497 2617 2729 2856 2857 2948 3076 3272 3288 3373 3577 3792 3914 3969 4227 4264 4311 4613 4645 4658 4667 4800 4805 4858 4882 5042 5125 5319 5600 5609 5704 5853 5990 6205 6280 6467 6556 6744 6748 6764 6786 6795 7070 7106 7339 7454 7478 7504 7611 7857 7912 7967 8016 8059 8237 8611 8759 8839 8929 9123 9140 9176 9295 9298 9382 9421 9518 9794 9815 9997 10204 10343 10520 10607 10635 10699 10873 10904 11195 11249 11279 11336 11339 11364 11561 11643 11662 11840 11883 12060 12325 12445 12492 12494 12546 12560 12704 12763 12794 12850 13072 13129 13148 13243 13319 13436 13587 13687 13858 14346 14370 14453 14467 14726 14764 15007 15045 15343 15348 15544 15560 15566 15642 15662 15804 16136 16149 16204 16315 16411 16460 16750 16847 16992 17098 17338 17445 17525 17540 17795 17868 18042 18072 18134 18180 18248 18253 18327 18625 18709 19093 19135 19186 19553 19569 19590 19640 19793 19962 19963
195 10 97 161 307 384 572 647 734 791 897 961 971 989 1053 1237 1390 1519 1528 1859 1862 1865 1872 1896 2015 2067 2197 2313 2562 2737 2756 2864 3114 3274 3342 3362 3414 3528 3944 4031 4105 4263 4270 4384 4416 4510 4569 4857 4861 4884 4927 5077 5104 5123 5613 5711 5791 6139 6189 6199 6288 6368 6522 6637 6715 6831 6863 6974 7251 7358 7377 7461 7508 7577 7717 7822 7904 8065 8157 8278 8598 8600 8607 8618 8622 8632 8660 8668 8691 8770 8798 8946 9031 9037 9353 9387 9438 9558 9792 9846 9870 10223 10316 10545 10619 10866 11042 11044 11281 11315 11390 11406 11422 11452 11564 11692 11874 11885 11991 12129 12213 12308 12403 12597 12802 12841 12855 12957 13039 13296 13456 13628 13770 13805 13822 14044 14164 14361 14691 14769 14909 14936 15046 15138 15182 15279 15285 15304 15450 15487 15532 15562 15633 15683 15731 15959 16243 16411 16754 16854 16951 17104 17166 17226 17370 17390 17460 17481 17736 17743 17751 17891 17915 17957 17968 17996 18048 18090 18224 18365 18463 18469 18578 18637 18652 18815 18864 18916 19085 19354 19363 19569 19572 19747 19754 19925
210 8 331 375 494 600 721 779 880 1046 1060 1176 1178 1555 1599 1635 1668 2019 2024 2033 2313 2368 2370 2412 2581 2700 2967 2992 3012 3082 3148 3280 3333 3337 3377 3439 3564 3853 4012 4025 4034 4047 4259 4610 4692 4705 4853 4952 4960 5005 5074 5481 5495 5647 5680 5771 5953 5990 6098 6110 6348 6438 6485 6534 6623 6989 7036 7249 7309 7352 7373 7555 7591 7624 7872 7883 7899 7978 8043 8181 8260 8294 8346 8393 8460 8551 8670 8693 8756 8851 9191 9275 9294 9456 9540 9722 9794 9801 9811 9819 9852 9946 10005 10221 10258 10261 10319 10348 10355 10743 10810 11013 11084 11123 11211 11418 11419 11496 11571 11725 11755 11779 11944 12011 12242 12455 12491 12508 12519 12550 12558 12674 12700 12851 12907 12929 12934 13081 13109 13137 13396 13489 13498 13592 13638 13685 13714 14021 14109 14136 14184 14243 14334 14338 14449 14531 14590 14823 14850 14884 15084 15112 15207 15211 15407 15413 15686 15814 15930 16063 16078 16250 16291 16363 16422 16593 16600 16643 16666 17129 17163 17295 17301 17324 17363 17430 17503 17750 17762 17805 17890 18157 18183 18312 18517 18583 18595 18651 18687 18706 18921 19041 19143 19442 19497 19576 19638 19732 19883 19887 19921
201 84 115 285 539 555 570 790 799 1123 1341 1353 1372 1397 1507 1510 1581 1584 1665 1723 1769 1843 1900 1924 2011 2091 2157 2172 2275 2277 2548 2631 2645 3032 3097 3132 3261 3400 3501 3598 3611 3612 3698 3758 3943 4006 4054 4057 4183 4196 4386 4516 4711 4847 4907 5059 5088 5288 5347 5483 5635 5675 5735 5755 5759 5766 5819 5844 5899 6095 6404 6466 6484 6485 6537 6559 6565 6736 6765 6806 6870 6919 7051 7405 7910 8015 8035 8072 8096 8098 8129 8356 8376 8406 8596 8608 8627 8749 8959 9026 9153 9276 9324 9525 9971 9978 9989 10013 10102 10251 10284 10358 10534 10599 10675 11006 11135 11152 11172 11262 11410 11419 11927 12221 12331 12339 12401 12425 12522 12854 12881 13073 13081 13115 13154 13271 13334 13383 13388 13546 13717 13937 13983 14176 14224 14273 14334 14416 14728 15069 15174 15177 15181 15327 15625 15660 15697 15704 15758 15882 15964 16067 16068 16253 16265 16281 16437 16477 16524 16543 16578 16586 16607 16667 16678 16755 16771 16776 17090 17212 17433 17919 17933 17992 17994 18019 18356 18510 18627 18777 18864 18909 18973 19077 19173 19365 19415 19436 19475 19744 19872 19892
184 115 138 465 662 735 787 889 935 938 1007 1254 1396 1397 1482 1601 1655 1797 1845 1945 1956 1979 2044 2242 2290 2557 2579 2630 2672 2773 2906 3140 3149 3169 3203 3281 3354 3360 3408 3494 3635 3818 3925 3933 4117 4161 4235 4271 4285 4292 4662 4734 4765 4844 4926 4951 5098 5422 5580 5691 6090 6417 6432 6449 6453 6542 6561 6610 6681 6694 6723 7197 7407 7444 7466 7503 7504 7989 8032 8584 8591 8742 8835 8877 8977 8985 9447 9592 9595 9733 9816 9831 9969 10040 10147 10537 10804 10818 10935 10938 11127 11148 11170 11212 11339 11542 11643 11668 11737 11789 12032 12035 12235 12318 12325 12533 12610 12644 12683 12706 12822 12905 12961 12980 13002 13061 13157 13279 13481 13531 13592 13681 13833 14041 14170 14189 14567 14631 14663 14808 14863 15148 15199 15236 15446 15471 15476 15627 15781 15893 16295 16368 16372 16459 16700 16919 17086 17141 17161 17406 17622 17786 17896 17932 18010 18037 18050 18363 18364 18408 18505 18566 18848 18913 18929 18954 18976 18984 19415 19418 19432 19622 19781 19903 19914
187 34 209 267 414 527 596 623 665 854 931 957 1035 1117 1210 1643 1714 1739 2046 2063 2078 2266 2292 2543 2850 3237 3241 3283 3460 3497 3570 3632 3668 3706 3850 3869 3892 4361 4467 4790 4910 5030 5045 5355 5430 5576 5684 5749 5761 5864 5884 5914 5989 5998 6312 6342 6374 6426 6432 6539 6836 7091 7093 7212 7269 7365 7445 7475 7547 7672 7728 7777 7830 7971 8114 8128 8183 8337 8382 8480 8532 8678 8873 8887 8927 8941 9166 9183 9236 9383 9426 9484 9694 10015 10239 10306 10367 10445 10491 10506 10844 10931 10963 11117 11135 11196 11355 11423 11442 11650 12183 12243 12429 12466 12526 12534 12547 12562 12578 12609 12776 12785 12931 13055 13109 13262 13377 13398 13449 13509 13522 13587 13704 13714 13927 14024 14079 14088 14212 14458 14462 14490 14551 14926 14992 15217 15408 15522 15565 15833 15865 16103 16195 16229 16249 16453 16660 16700 16912 16927 16979 17208 17384 17459 17529 17667 17704 17765 17770 17835 17880 17905 17967 17990 18056 18193 18254 18289 18330 18462 18730 18820 19214 19461 19482 19794 19953 19995
206 52 76 130 198 209 325 366 416 622 629 640 759 891 1052 1075 1086 1166 1345 1509 1514 1559 1667 1729 1781 1834 1870 1957 2084 2251 2342 2550 2566 2581 2725 2806 2850 2925 3000 3013 3098 3137 3398 3463 3510 3939 4124 4276 4315 4527 4578 4598 4997 5193 5413 5449 5596 5620 5640 5660 5695 6009 6129 6167 6190 6290 6531 6586 6650 6785 6881 6919 6922 6944 6999 7057 7141 7296 7314 7407 7465 7504 7581 7628 7681 7724 7949 8010 8068 8204 8511 8629 8671 8804 8856 8944 9048 9074 9229 9251 9269 9276 9405 9565 9621 9677 9874 9921 9925 9968 10049 10103 10129 10309 10345 10357 10414 10485 10666 10715 10761 10834 10837 10904 10930 10997 11046 11118 11188 11430 11459 11831 12018 12052 12613 12715 12769 12826 13052 13172 13207 13525 13667 13738 13938 13963 14033 14169 14318 14347 14457 14534 14551 14563 14638 14873 15214 15238 15307 15422 15423 15675 15703 15728 15803 16039 16122 16164 16172 16237 16248 16251 16274 16377 16541 16559 16577 16604 16683 16796 16856 16914 17084 17162 17165 17192 17200 17408 17422 17439 17790 17812 18100 18345 18368 18419 18469 18509 18700 19028 19190 19330 19446 19684 19706 19785 19987
221 32 89 256 334 443 541 716 824 910 1130 1433 1590 1637 1647 1791 1962 2047 2048 2410 2430 2505 2743 2771 2827 2839 2848 3098 3119 3481 3487 3520 3554 3634 3689 3696 3864 3873 4052 4173 4235 4253 4290 4336 4445 4497 4512 4521 4664 4666 4743 4807 5037 5332 5456 5600 5617 5618 5721 5752 6034 6152 6293 6386 6541 6542 6631 6650 6652 6789 6894 6957 7065 7215 7300 7332 7645 7684 7705 7706 7775 7813 7830 7897 7910 8053 8062 8108 8128 8170 8489 8811 8847 8982 9032 9111 9244 9322 9476 9587 9614 9624 9659 9783 9948 9956 10056 10209 10367 10457 10558 10735 10928 10957 10992 11040 11123 11176 11232 11235 11306 11314 11377 11411 11425 11508 11521 11533 11537 11709 11813 11948 11969 12090 12155 12183 12376 12422 12444 12510 12511 12586 12654 12683 12887 13093 13130 13134 13176 13290 13309 13391 13465 13477 13596 13757 13764 13880 14071 14255 14423 14651 14737 14843 14851 14869 14873 14955 15003 15031 15049 15119 15185 15293 15331 15367 15368 15389 15439 15818 15870 16100 16124 16128 16173 16332 16482 16705 16758 16766 17002 17441 17473 17500 17502 17643 17675 17806 18049 18076 18078 18086 18128 18162 18248 18291 18411 18727 18748 18797 18801 18835 18873 19088 19219 19313 19365 19412 19529 19685 19795 19965
210 97 124 345 594 733 783 805 881 1352 1367 1369 1428 1477 1518 1638 1740 1781 1840 1878 2074 2079 2085 2230 2236 2436 2493 2665 2667 2680 2975 3005 3022 3090 3228 3409 3414 3431 3486 3495 3568 3619 3624 3698 3710 3735 3836 3901 4079 4118 4308 4334 4431 4583 4606 4646 4712 4894 5104 5110 5123 5148 5153 5185 5189 5207 5368 5652 5675 5750 5776 5939 6183 6197 6286 6328 6386 6428 6647 6742 6849 6877 7188 7192 7227 7277 7463 7468 7599 7701 7771 7911 7944 7974 7976 8014 8062 8557 8628 8650 8666 8713 8760 8775 8828 8875 8952 9217 9255 9395 9466 9721 9734 9772 9944 10008 10171 10239 10255 10310 10526 10658 10896 10946 11183 11192 11206 11254 11565 11608 11693 11719 11809 11814 12072 12150 12279 12320 12346 12374 12406 12605 12615 12845 12858 12907 12986 13213 13249 13377 13736 13738 13853 13877 13889 13973 14008 14055 14187 14200 14273 14394 14433 14436 14749 14753 14820 14935 15321 15471 15564 15661 15731 15860 16497 16552 16620 16733 16892 16972 17059 17092 17288 17356 17540 17543 17611 17706 17797 17925 18209 18416 18453 18510 18664 18856 19108 19270 19310 19328 19570 19618 19620 19658 19757 19799 19819 19876 19952 19964 19989
200 9 48 213 319 332 342 600 681 764 932 1010 1043 1216 1295 1370 1577 1777 1810 1816 2053 2079 2132 2447 2559 2594 2629 2684 2687 2785 2825 2841 2855 3006 3139 3169 3209 3366 3376 3407 3564 3576 3727 3814 4033 4152 4245 4941 4978 5112 5131 5369 5551 5570 5644 5909 5939 6037 6085 6218 6405 6554 6558 6607 6698 6783 6846 6903 7028 7069 7158 7241 7319 7328 7510 7545 7573 7574 7776 7818 8457 8484 8606 8680 8729 8755 8769 8772 8870 8928 9101 9242 9269 9459 9617 9884 9914 10167 10174 10202 10292 10625 10648 10875 10930 11021 11025 11153 11182 11208 11400 11673 11983 12005 12049 12122 12149 12191 12320 12397 12403 12439 12615 12670 12954 13189 13369 13728 13797 13826 13938 13971 14020 14023 14081 14099 14241 14268 14320 14352 14362 14515 14597 14664 14721 14844 14848 14855 14892 14910 15129 15205 15251 15409 15554 15598 15806 15896 15897 16044 16064 16118 16215 16287 16367 16404 16430 16599 16629 16767 16830 17074 17153 17563 17628 17754 17793 17827 17871 17969 18027 18066 18218 18386 18445 18519 18669 18759 18809 18994 19019 19033 19261 19275 19277 19346 19549 19734 19794 19832 19939
218 50 92 136 144 405 456 474 488 533 570 727 736 767 881 899 934 1191 1337 1373 1596 1774 1815 1844 1902 1935 1958 2064 2088 2179 2242 2357 2467 2867 2921 2968 2990 3026 3137 3162 3231 3417 3450 3550 3592 3754 3792 3815 3845 3886 3929 4016 4158 4362 4530 4658 4700 4840 4961 5133 5175 5214 5342 5373 5383 5421 5433 5590 5609 5783 5923 6039 6070 6074 6165 6457 6493 6676 6760 6768 6898 6981 7026 7056 7181 7390 7704 7853 7881 7913 7971 8043 8172 8203 8240 8398 8467 8486 8518 8524 8610 8678 8748 8885 9074 9136 9170 9531 9533 9625 9655 9723 9750 9783 9810 9826 9873 9962 10057 10088 10108 10120 10329 10395 10401 10405 10456 10746 10823 10867 10880 10945 11198 11200 11428 11512 11636 11707 11846 11922 12283 12348 12583 12692 12839 13018 13041 13050 13173 13195 13241 13364 13574 13724 14488 14505 14740 14864 14911 15082 15093 15158 15213 15244 15468 15698 15782 15926 16054 16151 16266 16519 16686 16703 16922 16953 16958 17083 17162 17211 17226 17391 17431 17454 17506 17573 17680 17849 17893 17933 18079 18191 18261 18265 18266 18293 18301 18306 18414 18758 18932 18986 19035 19045 19112 19138 19202 19205 19221 19322 19329 19401 19434 19488 19493 19574 19581 19683 19866
199 376 498 547 592 671 707 831 861 926 927 943 961 1087 1093 1240 1347 1587 1602 1645 1668 1705 1772 1946 1969 2002 2073 2123 2317 2847 2877 2965 3032 3054 3161 3303 3362 3376 3430 3710 3741 3832 3963 3993 4133 4167 4196 4221 4275 4317 4343 4495 4536 4843 5021 5158 5173 5176 5288 5370 5435 5600 6010 6764 6825 7025 7071 7227 7231 7427 7576 7594 7612 7994 8047 8112 8306 8324 8421 8527 8583 8631 8876 8881 9041 9116 9252 9337 9344 9458 9559 9795 9844 9939 10171 10194 10222 10255 10555 10585 10691 10721 10846 10859 10872 10896 11034 11159 11195 11309 11367 11390 11491 11602 11722 11820 12164 12180 12205 12274 12315 12326 12372 12470 12476 12503 12735 13143 13158 13175 13271 13291 13745 13935 14042 14108 14172 14180 14348 14381 14516 14548 14584 14592 14977 15136 15230 15274 15347 15401 15405 15419 15536 15606 15618 15761 15813 16321 16423 16439 16571 16626 16916 16922 16981 17018 17071 17424 17454 17510 17525 17634 17735 17899 17944 17964 17967 17983 18070 18143 18193 18423 18765 18926 18988 19002 19078 19178 19196 19239 19254 19274 19525 19535 19662 19791 19833 19843 19866 19934
233 245 251 293 323 403 505 665 733 1053 1068 1087 1095 1147 1276 1313 1452 1463 1551 1689 1957 1978 2005 2048 2111 2203 2250 2345 2507 2568 2625 2866 3122 3201 3258 3277 3377 3541 3556 3724 3948 3999 4041 4075 4140 4654 4699 4729 4748 4768 4817 4863 5128 5163 5405 5433 5532 5666 5715 6253 6274 6321 6434 6494 6511 6596 6642 6711 6722 6818 6826 7122 7163 7174 7222 7344 7483 7590 7808 7873 8050 8057 8321 8370 8484 8512 8558 8610 8722 8723 8740 8749 8874 8898 8915 8987 9072 9108 9153 9220 9282 9352 9602 9764 9776 9931 10226 10237 10345 10366 10566 10664 10744 10849 10851 10911 11015 11062 11092 11113 11138 11291 11358 11412 11472 11483 11509 11580 11610 11669 11723 11747 11798 11801 11808 11815 12080 12137 12195 12325 12342 12410 12685 12721 12742 12760 12844 12945 12977 13009 13026 13084 13108 13130 13140 13207 13267 13348 13361 13518 13652 13659 13696 13707 13735 13738 13749 13874 13974 13991 14037 14098 14215 14472 14506 14526 14726 14764 14789 14818 14846 14872 14988 15221 15257 15365 15459 15566 15635 15693 15732 15948 16089 16100 16308 16396 16400 16446 16467 16471 16527 16781 17178 17257 17261 17333 17361 17389 17409 17417 17442 17501 17521 18058 18213 18281 18401 18529 18691 18698 18713 18719 18737 18784 18843 18880 18936 18963 19137 19359 19468 19521 19969 19986
210 88 134 144 593 684 745 771 1306 1344 1471 1485 1545 1591 1621 1664 1704 1733 1943 2019 2070 2091 2147 2180 2437 2497 2659 2707 2725 2775 2931 2934 2952 3093 3160 3233 3348 3352 3389 3462 3528 3530 3718 3725 3778 3779 3843 3870 4083 4123 4224 4485 4729 4807 4900 5028 5063 5174 5281 5350 5405 5553 5595 5729 5751 5799 5801 6025 6212 6222 6248 6567 6569 6616 6644 6740 6792 6986 7088 7173 7188 7492 7505 7562 7671 7679 7883 7887 7894 7937 8043 8108 8183 8561 8603 8650 8686 8961 8986 9108 9750 9905 9918 10018 10083 10115 10140 10258 10263 10379 10414 10424 10533 10632 11001 11020 11063 11088 11103 11120 11237 11499 11518 11797 11834 11871 11953 12148 12325 12695 12871 12884 12939 13006 13062 13068 13089 13277 13337 13347 13478 13496 13611 13664 13701 14088 14174 14179 14209 14380 14442 14482 14487 14490 14538 14569 14687 14874 14930 14980 14996 15150 15314 15382 15456 15555 15709 15793 16155 16159 16296 16331 16339 16434 16468 16584 16714 16726 16958 16989 17086 17212 17249 17355 17567 17626 17724 17847 17862 17864 17876 18147 18244 18324 18431 18561 18583 18707 18822 18890 18974 19082 19203 19230 19250 19256 19534 19704 19726 19811 19863
204 60 225 342 382 461 755 814 993 1071 1375 1438 1794 1819 1965 2039 2120 2212 2277 2349 2381 2625 2708 2729 2817 2903 3076 3132 3213 3238 3426 3438 3543 3577 3581 3716 3791 3809 3815 3991 4208 4224 4233 4483 4493 4587 4637 4812 4935 4954 5027 5046 5087 5102 5214 5224 5238 5504 5505 5592 5704 6017 6254 6261 6364 6405 6955 6957 7020 7033 7110 7123 7215 7244 7303 7480 7577 7589 7620 7627 8257 8264 8375 8579 8624 8640 8718 8804 8835 9012 9068 9203 9473 9682 9767 9809 10162 10309 10418 10732 10781 10908 10921 10928 10998 11046 11141 11276 11307 11604 11653 11811 11814 11851 12000 12017 12046 12048 12053 12190 12340 12438 12478 12662 12676 12701 12722 12732 13249 13317 13363 13571 13910 14138 14161 14230 14284 14353 14415 14433 14457 14556 14880 14906 14933 14981 14996 15012 15096 15183 15384 15476 15477 15485 15489 15549 15580 15581 15654 15922 16107 16286 16477 16615 16784 16852 16857 16864 17122 17195 17259 17326 17545 17621 17724 17770 17846 17922 18061 18065 18100 18199 18237 18364 18392 18422 18633 18656 18663 18711 18944 19137 19175 19296 19317 19322 19326 19328 19429 19450 19475 19508 19574 19885 19914
208 86 169 326 603 980 1050 1307 1311 1330 1439 1480 1544 1922 1994 2014 2043 2201 2328 2370 2682 2741 2742 2805 2855 2870 2912 2975 3011 3046 3304 3343 3486 3600 3782 3939 3970 4016 4049 4126 4192 4205 4206 4258 4365 4377 4411 4484 4522 4751 5034 5127 5244 5300 5598 5618 5867 5981 6050 6128 6226 6427 6444 6470 6573 6628 6694 6757 6801 7050 7111 7390 7392 7420 7449 7483 7519 7560 7566 7923 8164 8283 8285 8462 8625 8677 8708 8713 8965 8979 9026 9128 9132 9177 9182 9290 9408 9429 9461 9507 9556 9685 9692 9720 9797 9956 10011 10089 10304 10325 10373 10425 10447 10471 10532 10707 11048 11213 11235 11419 11427 11429 11450 11469 11471 11554 11575 11697 11726 11912 12084 12099 12121 12223 12362 12414 12431 12504 12659 12706 12714 12898 13884 13894 13906 13964 14189 14209 14264 14285 14335 14636 14689 14706 14795 14805 14830 15469 15568 15957 16042 16142 16170 16185 16293 16294 16315 16369 16416 16434 16460 16583 16622 16652 16705 16735 16791 16812 16846 16861 17081 17101 17111 17227 17368 17405 17542 17739 17804 18277 18361 18367 18387 18501 18632 18643 18745 18963 19021 19222 19233 19381 19552 19615 19617 19619 19808 19877 19990
208 23 81 131 247 256 425 465 504 853 854 914 1577 1580 1755 1815 1834 1864 2052 2106 2187 2401 2488 2502 2535 2640 2740 2904 2969 2977 3062 3196 3419 3658 3680 3690 3718 3788 3888 3891 4347 4366 4440 4517 4524 4592 4752 5023 5124 5278 5405 5806 5856 5878 5930 6263 6389 6508 6614 6846 7437 7504 7580 7651 7696 7716 7880 7882 7924 8093 8209 8314 8387 8505 8674 8694 8887 8906 8975 9017 9101 9120 9124 9150 9187 9356 9450 9509 9537 9718 9776 9817 9837 9923 9982 10030 10039 10040 10315 10412 10551 10666 10680 10706 10719 10728 10849 10965 10989 11088 11099 11101 11175 11260 11401 11426 11538 11552 11967 12068 12364 12567 12757 12878 12910 12953 13031 13061 13070 13262 13288 13304 13535 13551 14001 14103 14139 14431 14653 14660 14722 14858 14895 14943 14949 14963 15105 15139 15140 15403 15442 15640 16063 16159 16208 16341 16399 16421 16479 16541 16557 16639 16856 16877 17324 17541 17548 17661 17669 17671 17879 18096 18197 18204 18278 18279 18384 18393 18401 18453 18459 18500 18620 18690 18728 18806 18828 18856 18940 18945 18986 19002 19047 19097 19160 19231 19235 19279 19361 19433 19511 19538 19542 19550 19564 19596 19850 19883 19919
210 699 873 1031 1205 1332 1405 1498 1870 1978 2026 2073 2126 2207 2221 2234 2320 2819 3010 3125 3304 3305 3431 3818 4034 4099 4108 4160 4162 4280 4374 4385 4443 4467 4577 4829 5022 5150 5173 5277 5288 5360 5474 5631 5799 5993 6053 6065 6125 6223 6539 6579 6624 6738 6742 6991 7326 7338 7469 8005 8090 8123 8171 8237 8259 8543 8562 8608 8761 9006 9035 9040 9044 9089 9151 9168 9196 9212 9238 9255 9374 9496 9558 9676 9683 9807 9901 9990 10075 10124 10246 10444 10534 10714 10903 10910 10966 11465 11695 11775 11820 11890 11927 11928 12042 12050 12122 12135 12146 12273 12300 12428 12486 12552 12815 12881 13205 13224 13231 13265 13280 13339 13384 13500 13521 13522 13846 13849 13878 13882 14048 14064 14100 14212 14258 14267 14290 14508 14836 14888 14899 14905 15029 15056 15171 15246 15306 15334 15486 15503 15589 15592 15637 15701 15724 15801 15847 15883 15909 15936 15938 15948 15978 16148 16293 16420 16489 16526 16641 16735 16771 16837 16851 16968 16980 17054 17056 17085 17180 17312 17330 17345 17440 17483 17531 17563 17690 17815 17880 17952 17970 17994 18009 18046 18048 18108 18185 18218 18500 18562 18606 18775 18889 18925 18967 19015 19296 19427 19596 19781 19889
200 67 182 274 340 459 593 625 651 667 721 814 860 943 992 1176 1193 1404 1422 1441 1446 1675 1811 1909 2052 2190 2309 2331 2622 2905 2931 2964 3202 3264 3284 3326 3601 3610 3710 3714 3833 3991 4258 4276 4739 4807 4903 5095 5269 5452 5570 5625 5632 5708 5713 5835 5941 5986 6000 6096 6273 6611 6663 6673 6740 6816 6825 7087 7114 7434 7597 7808 7906 7970 8033 8067 8082 8149 8191 8426 8615 8700 8729 8745 8873 8990 9057 9059 9107 9193 9196 9203 9286 9371 9483 9501 9513 9581 9592 9761 10124 10322 10371 10378 10426 10489 10588 10774 10805 10986 11056 11126 11406 11797 12078 12237 12251 12325 12470 12754 12785 12827 12829 12963 12977 13041 13105 13109 13152 13162 13340 13430 13498 13573 13905 13918 13936 14056 14176 14183 14256 14266 14298 14870 14921 15012 15074 15166 15419 15436 15459 15461 15471 15560 15575 15621 15695 15730 15815 15839 15840 16233 16388 16505 16514 16528 16591 16658 16679 16901 16952 16953 16964 17124 17506 17547 17559 17603 17659 17787 17798 17899 18037 18057 18088 18110 18474 18630 18672 18783 18853 18953 18978 19006 19122 19266 19293 19448 19465 19864 19874
200 47 68 259 261 262 552 598 609 752 769 955 1277 1370 1494 1579 1631 1707 1742 1802 1942 2054 2186 2282 2381 2420 2441 2547 2703 2707 2752 2849 2977 3050 3238 3245 3258 3291 3326 3405 3415 3528 3607 3699 3732 3735 3787 3888 3922 3945 4053 4063 4336 4545 4553 4572 4681 4781 4968 5081 5300 5387 5507 5517 5567 5646 5810 5822 5976 6048 6061 6083 6143 6211 6332 6344 6533 6577 6740 6747 6894 7015 7022 7025 7407 7540 7585 7612 7618 7639 7749 7781 7835 8187 8208 8348 8362 8395 8409 8479 8511 8683 8728 8749 8782 9377 9514 9586 9594 9846 9953 10071 10253 10335 10361 10410 10436 10509 10728 10766 10932 11040 11072 11381 11552 11599 11835 12217 12302 12399 12438 12467 12541 12909 12915 12942 13479 13641 13727 13776 13836 13877 14325 14426 14520 14631 14692 14735 14742 14868 14925 14975 15195 15238 15247 15283 15335 15344 15556 15574 15581 15602 15702 15769 16016 16166 16292 16430 16450 16528 16633 16724 16741 16798 16980 17003 17047 17135 17263 17364 17515 17582 17598 17726 17806 17903 17956 18086 18143 18218 18272 18274 18299 18315 18422 18674 18962 19110 19436 19634 19730
194 103 117 162 175 211 272 490 609 656 672 723 750 777 856 1118 1175 1260 1396 1651 1794 1832 1916 2000 2038 2110 2147 2204 2522 2541 2717 2747 2833 2983 3021 3131 3154 3193 3353 3443 3623 3732 3737 3951 4534 4560 4661 4668 4790 5046 5203 5259 5335 5374 5439 5476 5481 5645 5819 5940 6012 6165 6240 6566 6570 6847 7020 7044 7086 7209 7324 7408 7415 7424 7596 8069 8105 8155 8166 8212 8351 8355 8463 8618 8686 8916 9072 9089 9593 9612 9746 9752 9893 9966 9967 9976 9983 10159 10497 10557 10657 10668 10690 10712 10807 10924 10982 11015 11175 11276 11326 11530 11532 11537 11669 11725 11881 12006 12054 12177 12205 12261 12566 12580 12590 12635 12661 12750 13050 13203 13270 13317 13485 13514 13542 13597 13608 13992 14064 14078 14346 14801 15102 15119 15165 15252 15372 15440 15528 15618 15790 15829 15838 15947 16240 16292 16351 16376 16377 16444 16497 16528 16555 16711 17352 17424 17496 17525 17541 17558 17586 17730 17794 17893 17943 18013 18167 18231 18363 18441 18495 18496 18608 18663 18686 18798 18941 19104 19145 19235 19245 19768 19903 19962 19975
206 5 50 300 319 320 357 389 533 568 579 710 810 964 987 1010 1027 1032 1034 1078 1389 1500 1540 1703 1753 1855 1878 2080 2339 2459 2464 2536 2584 2637 2745 2802 2955 3226 3342 3374 3464 3664 3729 3790 3805 3839 3921 4038 4093 4107 4121 4195 4231 4566 4653 4760 4861 5098 5182 5200 5216 5253 5326 5335 5403 5674 5706 5724 5774 5853 6214 6216 6256 6306 6349 6359 6430 6502 6553 6563 6577 6581 6817 6844 6859 6900 6996 7265 7496 7559 7618 7762 7798 7814 8175 8240 8259 8383 8425 8445 8628 8737 8844 8984 8988 8994 9030 9110 9132 9156 9270 9478 9557 9567 9618 9869 9974 9999 10110 10205 10322 10358 10600 10733 10788 10862 10886 11119 11250 11257 11281 11514 11596 11872 11947 11978 12154 12161 12229 12311 12371 12411 12514 12534 13001 13090 13139 13176 13413 13508 13739 13760 13903 13964 13967 14044 14068 14091 14280 14371 14391 14541 14547 14663 14970 15133 15180 15251 15277 15323 15429 15468 15565 15810 15823 16128 16163 16187 16271 16393 16394 16425 16484 16740 16762 16803 16843 17164 17482 17488 17601 17960 18115 18174 18408 18457 18727 18768 18854 18915 18971 19146 19360 19631 19907 19970 19993
198 89 126 151 200 261 389 567 603 851 1022 1087 1112 1125 1449 1589 1698 1747 1753 1935 2095 2133 2140 2255 2279 2415 2646 2723 2930 2931 2934 2956 2967 3217 3271 3348 3502 3522 3556 3651 3686 3907 3957 3989 4225 4248 4546 4563 4590 4642 4714 4731 4946 5036 5232 5257 5462 5506 5829 6024 6225 6559 6563 6782 6842 7148 7178 7375 7491 7540 7543 7645 7865 8147 8218 8468 8537 8614 8627 8649 8709 8789 8809 8883 9011 9165 9229 9275 9396 9414 9454 9550 9685 9727 9887 9913 9934 10108 10118 10225 10255 10364 10516 10711 10741 10777 10817 10861 10957 10960 11260 11272 11341 11394 11514 11566 11724 11732 11750 11882 11953 12009 12017 12324 12347 12390 12444 12448 12497 12771 12817 12913 12923 12945 13066 13103 13247 13467 13695 13716 13719 13785 13814 13869 13871 13949 13984 14111 14359 14445 14535 14547 14605 14644 14657 14729 14886 14895 15030 15043 15355 15401 15660 15962 16144 16159 16276 16501 16564 16569 16637 16716 16762 16846 16869 16955 17023 17269 17430 17474 17716 17780 17912 18055 18315 18344 18437 18459 18502 18697 18720 18880 18976 19107 19546 19573 19580 19649 19980
212 8 191 358 473 681 832 841 1072 1083 1315 1329 1617 1636 1664 1805 2002 2007 2127 2200 2216 2282 2480 2505 2941 2998 3122 3301 3307 3342 3392 3635 3759 3786 3904 4134 4196 4205 4227 4228 4250 4255 4290 4296 4410 4494 4749 4829 4843 4867 4873 4905 5005 5076 5430 5522 5700 5701 5790 5908 5954 6031 6280 6373 6552 6730 6762 6846 6985 7235 7274 7391 7491 7743 8056 8273 8445 8479 8485 8636 8719 9035 9064 9163 9323 9377 9450 9676 9894 9911 9924 9940 10085 10184 10296 10323 10333 10494 10556 10859 10964 11114 11185 11196 11325 11424 11447 11508 11818 11921 12067 12109 12129 12150 12260 12416 12426 12433 12691 12814 12863 12884 12900 12907 13099 13109 13154 13296 13305 13389 13426 13538 13541 13556 13713 13854 13946 13963 14055 14074 14350 14401 14459 14640 14850 14980 15291 15376 15519 15523 15535 15588 15605 15690 15739 15754 15862 15876 15894 16003 16014 16076 16347 16379 16413 16426 16440 16665 16674 16747 16879 16882 16891 16997 17110 17147 17165 17182 17267 17373 17415 17525 17544 17681 17830 17872 18131 18153 18222 18224 18457 18532 18554 18649 18690 18742 18805 18840 18844 18862 19104 19109 19171 19182 19198 19222 19299 19314 19396 19459 19524 19707 19807
202 23 298 376 437 461 790 836 848 1006 1126 1138 1146 1190 1282 1289 1327 1451 1498 1579 1642 1707 1740 1890 1899 1911 2046 2074 2201 2385 2405 2429 2464 2468 2537 2730 2851 2914 2998 3105 3250 3292 3295 3394 3534 3777 4272 4291 4295 4383 4421 4494 4519 4555 4640 4890 4954 5006 5113 5349 5402 5505 5517 5542 5704 5733 5741 5951 6049 6082 6088 6102 6118 6140 6170 6550 6659 6858 6881 6882 7019 7402 7558 7576 7627 7784 7847 7910 8035 8045 8053 8143 8450 8466 8865 9111 9112 9298 9359 9384 9585 9724 9734 9749 9789 9796 9815 10162 10174 10373 10426 10459 10484 10646 10676 10711 10785 10872 10948 11100 11174 11268 11399 11586 11612 11783 11969 11976 11994 12250 12467 12574 12607 12657 12706 12800 12956 13149 13266 13349 13372 13775 13807 13980 14036 14121 14374 14407 14458 14463 14581 14598 14834 14958 15044 15157 15379 15477 15495 15585 15704 15726 15744 15778 15870 16134 16167 16232 16613 16622 16623 16688 16690 16835 16850 16859 17212 17302 17561 17641 17705 17768 17838 17933 18007 18071 18198 18410 18443 18553 18623 19077 19085 19155 19170 19183 19201 19491 19494 19562 19689 19696 19910
200 134 368 381 425 452 567 593 632 681 926 1104 1195 1671 1695 1713 1722 1726 1756 1793 1872 1919 1982 2114 2308 2324 2386 2523 2612 2823 2906 2958 3063 3152 3209 3220 3602 3722 3726 3939 3995 4028 4098 4103 4359 4461 4621 5294 5306 5420 5485 5655 5738 5746 5770 5785 5809 5870 5973 5990 6189 6276 6427 6445 6455 6476 6618 6711 6752 7030 7176 7197 7199 7284 7333 7479 7543 7675 7783 7848 7900 7964 7992 8082 8149 8164 8371 8600 8665 8711 8738 8910 8973 8975 8986 8991 9005 9077 9157 9166 9325 9392 9490 9502 9561 9612 9879 9886 10086 10352 10463 10497 10536 10799 10815 10958 11159 11503 11577 11727 11786 12063 12413 12425 12438 12765 12782 13278 13437 13492 13619 13700 13774 13853 13867 13964 14098 14307 14349 14390 14414 14506 14626 14797 14807 15006 15088 15221 15258 15392 15407 15682 15831 15909 15983 16023 16052 16178 16180 16346 16449 16477 16487 16511 16799 16893 16948 17033 17111 17316 17341 17357 17436 17438 17479 17885 17940 18017 18215 18231 18253 18451 18472 18524 18538 18919 18940 19022 19114 19167 19176 19260 19358 19418 19518 19702 19840 19850 19965 19974 19980
213 73 235 350 525 531 694 734 749 913 1017 1035 1119 1367 1461 1466 1488 1493 1554 1615 1719 1810 1868 1870 1993 2189 2250 2386 2876 2908 3008 3025 3114 3206 3373 3788 3792 3986 4065 4069 4130 4172 4185 4243 4439 4549 4580 4614 4905 5167 5177 5220 5286 5293 5477 5832 5859 5890 6002 6004 6013 6095 6112 6149 6155 6178 6271 6316 6340 6369 6406 6749 6773 6794 6809 6951 7113 7126 7308 7562 7603 7698 7755 7768 7837 7840 7965 8149 8300 8441 8465 8467 8568 8637 8693 8772 8889 9040 9418 9654 9700 9896 9912 9966 10021 10170 10223 10521 10590 10621 10684 10705 10755 10833 11090 11343 11408 11744 11791 11811 11813 12001 12082 12470 12491 12497 12713 12916 12944 12993 13016 13211 13246 13298 13479 13495 13516 13573 13679 13731 13739 13850 14104 14128 14129 14136 14167 14204 14364 14461 14474 14501 14545 14653 14891 15080 15111 15525 15611 15630 15705 15837 15923 15955 15959 16184 16235 16306 16419 16495 16525 16890 16998 17085 17137 17170 17291 17325 17360 17517 17553 17638 17792 17864 17889 17894 17931 17943 17970 18055 18100 18467 18477 18492 18598 18741 18768 18780 18816 18822 18880 18968 19067 19076 19081 19237 19483 19610 19658 19678 19695 19718 19770 19793
204 338 342 505 591 609 621 646 742 886 1057 1148 1174 1399 1560 1740 1906 2016 2021 2054 2118 2183 2224 2254 2408 2618 2743 2745 2785 2950 2986 2989 2990 3131 3194 3299 3331 3454 3550 4059 4083 4259 4655 4674 4681 4771 4849 4879 4969 4974 5012 5051 5054 5130 5132 5256 5269 5381 5451 5490 5661 5725 5845 6280 6409 6502 6543 6603 6693 6699 6928 7124 7289 7539 7667 7671 7672 7676 7848 7902 7962 7967 7968 8004 8027 8078 8090 8339 8385 8403 8418 8423 8431 8532 8812 9203 9447 9451 9481 9599 9840 9917 9969 10066 10143 10204 10211 10294 10352 10394 10582 10619 10936 11018 11094 11098 11322 11419 11546 11641 11676 11838 11871 12010 12138 12190 12268 12415 12487 12602 12645 12793 12885 13012 13086 13245 13294 13531 13582 13697 13883 13940 13975 14369 14479 14483 14487 14577 14626 14629 14780 14865 15080 15139 15175 15321 15435 15542 15608 15746 15800 15908 15977 16097 16099 16351 16415 16435 16490 16617 16629 16696 17194 17219 17345 17569 17585 17610 17719 17820 17896 17982 17992 18022 18337 18344 18415 18429 18553 18770 18852 18924 19020 19109 19317 19337 19430 19595 19694 19696 19697 19712 19750 19915 19995
192 32 156 244 338 349 418 546 567 585 666 753 874 998 1151 1265 1384 1911 1942 2079 2512 2549 2568 2640 2812 2851 2871 3191 3243 3376 3534 3628 3859 4028 4318 4639 4662 4869 4885 4954 5030 5153 5465 5477 5842 5971 6014 6053 6353 6403 6712 6847 6908 6990 7134 7262 7357 7404 7563 7571 7599 7621 7671 7763 8030 8159 8323 8492 8596 8655 8725 8968 9178 9239 9476 9648 9769 9819 9892 9897 10069 10071 10232 10312 10663 10742 10854 10899 11010 11103 11124 11135 11160 11186 11193 11207 11271 11427 11459 11596 11726 11891 12122 12165 12558 12572 12581 12630 12635 12649 12654 12669 12678 12704 12830 12934 13012 13025 13026 13090 13127 13181 13237 13244 13299 13373 13558 13889 13909 13916 13935 13940 14040 14258 14398 14431 14484 14584 14802 15180 15298 15441 15505 15588 15664 15731 15879 16327 16451 16477 16579 16585 16601 16735 16802 16803 16875 16880 16901 16922 17131 17136 17244 17322 17380 17416 17623 17630 17683 17754 18107 18164 18279 18355 18435 18451 18625 18744 18999 19106 19169 19224 19305 19409 19459 19466 19533 19563 19584 19594 19777 19911 19912
186 148 174 273 332 536 572 681 941 967 1090 1115 1499 1551 1766 1803 1868 1913 1990 2057 2085 2114 2324 2481 2615 2636 2746 2819 2824 2854 2919 3001 3135 3153 3211 3240 3268 3426 3549 3611 3776 4265 4487 4505 4553 4646 4773 4831 4893 5017 5080 5176 5178 5195 5372 5448 5549 5625 5686 5704 5725 5824 5941 6137 6418 6619 6683 6815 6942 6984 7118 7172 7179 7287 7312 7400 7477 7537 7569 7582 7770 8079 8099 8103 8307 8354 8705 8801 9062 9066 9187 9222 9275 9454 9582 9736 9942 10121 10133 10331 10370 10547 10612 10615 10746 10768 10903 10944 11064 11136 11236 11317 11717 11783 11927 12009 12166 12171 12172 12203 12206 12349 12436 12453 12476 12546 12547 12624 12767 12784 13180 13415 13429 13637 13708 14033 14095 14153 14249 14329 14577 14789 15369 15387 15411 15484 15521 15544 15600 15621 15682 15713 15888 15978 16008 16392 16563 16742 16806 16886 17307 17493 17530 17600 17779 17830 17853 17898 17971 18019 18051 18104 18284 18286 18402 18409 18415 18511 19077 19147 19296 19326 19358 19361 19515 19805 19845
196 51 62 74 343 447 594 742 779 789 814 981 1211 1236 1237 1353 1843 1887 2031 2065 2079 2109 2146 2237 2364 2416 2427 2539 2629 2682 2828 2932 3172 3189 3379 3391 3706 3885 3936 3981 4165 4177 4216 4304 4560 4572 4603 4652 4690 4840 4875 4876 5059 5132 5155 5162 5229 5238 5332 5371 5568 5602 5758 5914 5977 6051 6082 6094 6102 6321 6388 6442 6567 6580 6667 6716 6767 6944 7134 7153 7222 7400 7479 7522 7556 7652 7837 7894 7937 8003 8150 8220 8556 8565 8725 8831 8904 8920 8940 8968 9271 9280 9380 9424 9646 9894 10113 10235 10394 10415 10474 10496 10848 10968 11061 11232 11363 11402 11727 11950 12053 12082 12097 12266 12308 12466 12589 12639 12795 12813 13106 13108 13410 13450 13528 13564 13592 13671 13674 13694 13707 13795 14018 14050 14123 14182 14216 14223 14389 14528 14599 14787 14888 15214 15335 15396 15397 15482 15496 15606 15696 15860 15901 15980 16037 16118 16410 16437 16459 16535 16669 16704 16797 17148 17543 17592 17645 17820 18085 18175 18240 18242 18409 18560 18589 18625 18631 18696 18796 18941 18954 19216 19430 19842 19887 19931 19944
202 125 229 244 279 365 393 586 641 648 654 709 731 766 799 899 922 1033 1104 1277 1430 1579 1602 1650 1675 1847 1868 1924 2370 2424 2562 2664 2680 2969 3018 3277 3298 3352 3378 3425 3490 3506 3655 3686 4098 4403 4509 4606 4653 4669 4791 4831 4844 4911 4953 5054 5074 5130 5182 5316 5459 5646 5670 5760 5935 5954 6034 6175 6222 6316 6667 6763 6784 6960 6995 7002 7061 7072 7110 7124 7137 7211 7576 7769 7800 7892 7945 7998 8000 8008 8108 8313 8530 8605 8631 8642 8840 8889 9198 9371 9378 9536 9675 9739 9880 9907 9918 9978 10325 10511 10561 10574 10619 10686 10704 10727 10808 10867 10892 10913 11014 11054 11154 11266 11293 11370 11499 11858 12135 12309 12343 12360 12462 12687 12725 12737 12752 12759 12774 12859 12951 13091 13135 13202 13325 13390 13491 13726 13749 13949 13998 14049 14110 14230 14265 14355 14358 15197 15314 15544 15570 15676 15712 15718 15832 16042 16361 16431 16721 17028 17039 17215 17312 17364 17456 17543 17602 18093 18131 18170 18210 18410 18720 18900 18942 19041 19042 19054 19063 19160 19347 19358 19426 19452 19468 19474 19540 19616 19798 19829 19871 19878 19943
199 4 239 285 303 438 549 624 641 643 699 888 1011 1017 1024 1042 1286 1499 1920 1955 2057 2129 2224 2233 2290 2343 2370 2491 2540 2566 2573 2758 2821 2945 2966 2974 2987 2994 3000 3058 3191 3302 3401 3691 3719 3785 4054 4156 4271 4294 4360 4458 4580 4588 4597 4668 4702 4705 4730 4742 4816 4883 4885 4923 5020 5339 5533 5538 5665 6168 6268 6328 6416 6522 6598 6645 6795 6842 7107 7141 7404 7775 7777 7912 8044 8196 8285 8306 8335 8336 8411 8476 8546 8549 8795 8820 8829 9014 9182 9372 9502 9583 9722 9902 9912 9933 9989 9994 10015 10200 10213 10246 10356 10457 10468 10632 10693 10834 10846 10867 10925 10964 11044 11136 11154 11191 11645 11676 11721 12034 12229 12240 12340 12368 12464 12518 12524 12654 12756 12762 12785 12824 12967 13092 13167 13188 13214 13245 13422 13519 13675 13683 13692 13750 13961 14141 14147 14304 14664 14767 14768 14804 14997 15016 15048 15196 15212 15357 15383 15384 15492 15581 15619 15733 15735 15826 15908 15936 16433 16762 16836 16895 16983 17454 17478 17959 18093 18121 18416 18422 18453 18468 18491 18736 19181 19313 19638 19831 19835 19922
164 224 576 627 727 869 974 1031 1057 1092 1146 1512 1570 1972 2026 2065 2142 2146 2327 2508 2634 2654 2804 2902 2914 2931 2945 3222 3467 3592 3626 3775 3791 3972 4221 4306 4360 4542 4651 4835 4838 4854 4947 4967 5061 5168 5232 5347 5443 5462 5576 5617 5685 5811 5826 5999 6040 6197 6264 6309 6311 6313 6558 6674 6958 6995 7071 7144 7188 7405 7559 7739 7773 7774 7812 7859 8088 8205 8279 8591 8611 8726 8763 8770 8781 8916 9160 9373 9539 9766 9987 10069 10225 10249 10280 10486 10509 10776 10869 10981 11193 11228 11415 11436 11577 11706 11866 11884 11954 12107 12109 12147 12406 12433 12729 12909 13041 13057 13129 13440 13550 13638 13744 14122 14189 14362 15362 15403 15529 15734 16125 16249 16532 16720 16775 16790 16912 16913 16958 17152 17324 17569 17904 17952 18208 18232 18242 18291 18429 18503 18541 18622 18630 18632 18689 18713 18796 18880 18892 18977 19175 19209 19225 19592 19918
231 212 280 359 498 555 621 634 701 803 820 949 1013 1065 1106 1144 1230 1364 1603 1625 1663 1670 1751 1925 2269 2364 2377 2415 2493 2508 2721 2727 2747 2849 2875 3013 3045 3265 3275 3373 3378 3379 3780 3808 3825 3870 4013 4052 4073 4189 4276 4391 4411 4433 4594 5025 5432 5493 5531 5595 5612 5640 5731 5800 5882 5943 5997 6151 6163 6197 6320 6369 6562 6685 6723 7006 7134 7183 7232 7239 7298 7383 7459 7556 7588 7596 7622 7671 7741 7745 7798 8048 8329 8396 8766 8844 8854 8883 8989 9000 9003 9007 9040 9185 9324 9344 9374 9392 9446 9457 9495 9532 9717 9823 9875 9881 9887 9898 9967 10030 10176 10177 10405 10423 10591 10753 10904 10969 11061 11126 11238 11548 11560 11652 11821 11861 11935 12085 12148 12210 12349 12435 12649 12941 12977 13238 13387 13564 14001 14016 14224 14292 14322 14341 14390 14411 14414 14529 14540 14622 14624 14647 14660 14741 14755 14761 14930 15050 15138 15192 15205 15233 15267 15272 15293 15360 15384 15438 15464 15521 15579 15780 15855 15920 16138 16189 16369 16370 16371 16410 16463 16567 16721 16972 16973 17130 17225 17278 17744 17814 17886 17973 17980 18025 18074 18076 18102 18274 18306 18542 18706 18730 18733 18791 18891 18964 19015 19026 19034 19226 19505 19509 19527 19549 19650 19712 19753 19758 19808 19854 19855 19871
212 52 145 271 498 542 597 599 615 621 637 657 743 766 1074 1091 1170 1213 1307 1345 1452 1530 1540 1617 1621 1659 1667 1675 1938 2060 2131 2229 2290 2569 2584 2589 2830 3081 3099 3164 3181 3338 3391 3404 3487 3501 3591 3596 3662 3668 3713 3770 3772 3879 4070 4103 4189 4280 4435 4504 4622 4917 4927 5022 5108 5569 5609 5659 5719 5750 5764 5784 5815 5832 5918 6009 6288 6316 6511 6776 6955 7201 7363 7645 7789 7869 7874 7894 8055 8276 8666 8709 8744 8812 8819 8826 8840 8904 9006 9091 9271 9315 9470 9477 9514 9519 9577 9603 9759 9787 9799 9811 9950 10007 10078 10176 10184 10425 10430 10631 10697 10715 10982 11148 11566 11576 11601 11606 11737 11875 12067 12160 12193 12302 12307 12349 12375 12455 12488 12522 12534 12589 12606 12649 12654 12679 13218 13255 13338 13369 13407 13415 13645 13714 13794 13822 13836 13872 14715 14960 15094 15098 15122 15157 15200 15275 15351 15396 15494 15511 15682 15722 15725 15780 16297 16318 16521 16588 16603 16605 16827 16999 17169 17237 17272 17302 17411 17515 17674 17915 18007 18009 18050 18057 18085 18104 18242 18373 18468 18745 18761 18796 19005 19077 19284 19451 19601 19662 19685 19748 19822 19843 19945
256 71 91 108 178 296 365 412 457 464 486 533 635 641 702 759 764 798 822 938 956 975 1084 1170 1318 1467 1481 1482 1492 1607 1612 1714 1784 1910 1993 2015 2218 2297 2338 2417 2506 2547 2599 2676 2679 2729 2790 2941 3056 3072 3074 3080 3144 3184 3345 3461 3566 3570 3686 3690 3789 4102 4121 4161 4215 4382 4394 4463 4609 4646 4660 4728 4832 4889 4967 4978 5033 5127 5162 5324 5394 5409 5777 5991 6306 6393 6445 6469 6521 6633 6663 6763 6804 6825 6909 7020 7075 7206 7215 7218 7223 7421 7540 7602 7648 7655 7718 7749 7757 7836 7926 8034 8162 8182 8199 8357 8394 8594 8632 8711 8763 8768 8880 8887 8944 9027 9179 9423 9438 9440 9520 9678 9690 9778 9790 9809 9902 9907 9922 9927 9931 9973 10033 10225 10228 10363 10428 10510 10568 10615 10680 10748 10762 10816 10934 11000 11182 11215 11267 11317 11369 11653 11690 11920 11923 11936 12054 12105 12125 12133 12256 12438 12502 12543 12594 12621 12630 12703 12811 13030 13107 13129 13170 13230 13396 13414 13468 13497 13501 13520 13672 13742 13756 13850 13868 13873 13897 14115 14331 14357 14399 14436 14441 14472 14533 14538 14554 14748 14810 14950 15012 15046 15276 15377 15399 15410 15577 15579 15667 15715 15738 15823 15975 15980 15988 16029 16067 16153 16273 16361 16398 16660 16709 16733 16735 16784 16800 16859 17015 17197 17213 17498 17595 17604 17652 17700 17828 18010 18280 18457 18543 18702 18717 19423 19580 19602 19762
212 8 68 124 194 328 344 366 460 577 796 928 1006 1239 1282 1293 1331 1408 1477 1591 1707 1771 1954 2030 2085 2138 2246 2307 2445 2464 2742 2857 2908 2917 2998 3004 3029 3102 3334 3360 3366 3446 3546 3648 3699 3823 3907 3946 4010 4045 4111 4181 4452 4464 4612 4659 4768 4781 4874 5168 5201 5225 5305 5357 5455 5651 5652 5682 5727 6129 6145 6147 6161 6338 6471 6486 6764 6846 7020 7078 7206 7218 7231 7468 7476 7480 7482 7540 7678 7791 7917 7945 8005 8060 8115 8166 8263 8303 8321 8351 8374 8521 8720 8854 8905 8932 8996 9015 9071 9294 9370 9378 9831 10063 10313 10409 10568 10735 10950 11016 11144 11407 11597 11628 11659 11764 11815 11831 11932 11956 12095 12114 12201 12563 12690 12696 13257 13272 13385 13415 13443 13606 13678 13691 13695 13758 13843 13875 13912 13983 14120 14154 14172 14211 14339 14368 14553 14600 14709 14715 14815 14886 14893 14938 14969 15138 15239 15244 15254 15546 15706 15794 15949 16156 16295 16378 16448 16456 16676 16714 16977 16980 17009 17010 17309 17680 17692 17825 17960 18084 18152 18311 18324 18555 18755 18781 18851 18853 18867 18972 18975 19104 19170 19210 19224 19250 19357 19420 19468 19518 19554 19574 19593
200 67 141 227 235 237 405 639 838 888 992 1169 1221 1277 1497 1525 1591 1631 1638 1661 1672 1718 1979 2086 2446 2466 2503 2608 2621 2691 2744 2767 2832 2865 2945 3013 3227 3281 3323 3386 3541 3547 3901 3960 3961 3973 4089 4104 4106 4166 4233 4398 4504 4519 4685 4814 4816 4941 5199 5233 5383 5469 5571 5686 5708 5776 5798 5926 6521 6584 6742 6894 6921 7087 7704 7743 7835 7859 7998 8039 8365 8588 8656 8686 8776 8964 9071 9323 9497 9556 9602 9645 9933 10064 10071 10089 10178 10277 10314 10348 10378 10388 10394 10408 10491 10539 10548 10800 10893 10953 10995 11064 11160 11254 11346 11384 11715 11720 11732 11787 11999 12104 12106 12338 12455 12544 12576 12647 12693 13008 13050 13096 13162 13252 13332 13515 13560 13565 13612 13848 13856 13923 13939 14010 14159 14517 14653 14852 14900 14975 15114 15130 15226 15300 15305 15388 15529 15547 15575 15784 15852 16079 16224 16272 16423 16746 16753 16761 16771 16940 17039 17106 17155 17208 17286 17305 17310 17316 17376 17390 17450 17542 17688 17732 17752 17796 17869 18071 18100 18278 18352 18606 18611 18954 19003 19137 19525 19533 19645 19674 19679
212 11 97 255 464 540 603 605 623 741 840 868 1466 1506 1561 2046 2051 2084 2257 2326 2338 2491 2502 2532 2636 2734 2745 2971 3017 3062 3132 3322 3448 3681 3702 4044 4105 4411 4480 4546 4687 4854 4968 5013 5063 5074 5159 5396 5413 5477 5605 5629 5768 5822 5867 5880 5921 6028 6224 6569 7224 7226 7340 7570 7701 7843 7894 7969 7976 8355 8358 8361 8415 8440 8475 8488 8772 8815 8840 8885 8986 9119 9144 9203 9257 9272 9274 9300 9540 9718 9791 9854 10110 10118 10134 10166 10302 10339 10366 10444 10447 10472 10661 10672 10964 11105 11152 11187 11190 11237 11291 11296 11372 11390 11431 11468 11533 11739 11818 12121 12267 12345 12567 12633 12789 12865 13195 13213 13225 13274 13358 13475 13548 13552 13792 13883 13957 14060 14070 14237 14238 14259 14358 14488 14519 14560 14676 14689 14698 14703 14733 14833 14851 14937 14981 15153 15241 15269 15355 15485 15496 15568 15597 15699 15793 15796 15823 15884 16003 16065 16089 16389 16433 16455 16504 16564 16695 16701 16794 16834 16840 16884 17042 17135 17323 17390 17508 17782 17798 17832 17846 17872 18017 18088 18170 18191 18259 18382 18463 18481 18558 18591 18731 18853 19088 19290 19308 19458 19579 19599 19844 19857 19914
216 59 172 291 360 460 750 872 1087 1206 1230 1396 1526 1535 1547 1569 1662 1694 1796 1892 2047 2161 2188 2233 2320 2333 2343 2474 2692 3109 3181 3344 3401 3735 3782 3942 4046 4214 4326 4506 4587 4676 4784 4804 4865 5014 5102 5109 5241 5381 5413 5454 5600 5685 5766 5867 5904 6015 6191 6291 6420 6485 6491 6495 6567 6587 6800 6815 6822 6858 6869 6945 6953 7014 7020 7118 7171 7201 7291 7407 7857 7896 7897 7922 7942 8120 8281 8396 8400 8419 8518 8599 8682 8818 8861 8902 9122 9320 9360 9427 9457 9488 9596 9647 9656 9818 9830 9839 9842 9868 9956 10018 10142 10188 10266 10286 10316 10356 10615 10638 10648 10868 10873 10959 11171 11208 11389 11416 11512 11571 11626 11647 11685 11789 11927 12038 12183 12269 12334 12406 12528 12580 12697 12723 12860 12949 12970 12977 13037 13076 13133 13198 13254 13378 13433 13560 13866 13894 14164 14379 14583 15233 15304 15329 15417 15432 15593 15774 15988 16096 16169 16254 16267 16408 16446 16448 16541 16790 17141 17173 17178 17193 17424 17485 17634 17653 17809 18107 18191 18314 18510 18583 18587 18599 18603 18616 18694 18733 18854 18911 18979 19029 19063 19069 19089 19095 19233 19317 19334 19350 19463 19467 19597 19817 19898 19906 19921
219 11 121 205 654 893 902 1195 1245 1251 1358 1392 1444 1679 1884 1913 2108 2155 2208 2272 2378 2539 2634 2847 2867 2892 3073 3195 3270 3275 3420 3443 3774 3837 3859 3997 4019 4042 4166 4168 4176 4386 4478 4499 4527 4545 4581 4756 4802 4897 4990 5004 5043 5305 5315 5323 5338 5343 5393 5684 5688 5939 6057 6108 6247 6263 6452 6460 6575 6615 6628 6683 6779 6814 6912 6967 6968 6971 6989 7034 7112 7178 7214 7376 7546 7608 7886 7927 8032 8038 8102 8113 8195 8291 8403 8413 8461 8516 8775 8795 8849 8942 9098 9154 9287 9304 9352 9466 9576 9700 10075 10081 10385 10388 10614 10634 10715 10836 11041 11128 11208 11225 11414 11482 11493 11607 11664 11682 11720 11755 11795 11853 11856 11917 12068 12130 12158 12269 12342 12549 12591 12650 12686 12827 12828 12846 12970 13120 13177 13493 13505 13606 13710 13726 13749 13779 13816 13865 14083 14115 14242 14285 14298 14400 14409 14412 14471 14485 14504 14507 14524 14578 14603 14861 14935 15129 15444 15714 15720 15913 15948 16131 16181 16236 16300 16317 16472 16532 16693 16760 16762 16904 16930 17137 17146 17290 17304 17325 17494 17525 17713 17982 18053 18168 18370 18373 18507 18581 18730 18795 18852 18983 19087 19150 19257 19293 19337 19554 19917 19973
192 12 25 48 187 192 358 445 833 871 883 907 1009 1129 1135 1348 1412 1475 2271 2424 2574 2656 2923 2957 3001 3034 3154 3226 3494 3731 3965 3993 4009 4179 4242 4307 4366 4513 4517 4575 4689 4710 4887 4929 4950 5123 5129 5219 5244 5259 5299 5458 5509 5558 5560 5630 5651 5659 6000 6062 6165 6240 6296 6517 6573 6655 6826 6896 6914 6996 7344 7544 7632 7775 7783 7998 8131 8175 8230 8274 8319 8644 8668 8708 8944 9058 9229 9318 9455 9459 9495 9553 9653 9684 9771 9824 9871 9882 9920 10052 10269 10301 10378 10809 11126 11340 11503 11559 11588 11610 11755 11835 11876 11968 12028 12217 12222 12256 12287 12502 12519 12572 12609 12738 12753 13064 13067 13180 13200 13246 13272 13425 13449 13481 13496 13515 13700 13790 13908 14046 14162 14222 14415 14422 14444 14517 14595 14653 14773 14906 15750 15880 15886 15908 15918 16215 16233 16325 16339 16543 16553 16670 16853 16918 16964 16993 17083 17084 17096 17177 17255 17346 17473 17638 17699 17725 17797 17967 18069 18103 18189 18211 18288 18355 18504 18825 18942 19171 19365 19482 19537 19554 19994
178 27 89 210 587 1025 1555 1601 1774 1802 2006 2277 2333 2435 2466 2479 2611 2767 2834 2873 2918 3126 3156 3163 3204 3355 3579 3695 3703 3782 4153 4169 4281 4354 4491 4598 4734 4814 4884 5135 5298 5319 5655 5691 5956 5990 6056 6153 6284 6365 6366 6379 6421 6423 6602 6763 6854 7108 7317 7508 7555 7621 7752 7891 8012 8030 8097 8166 8232 8268 8344 8401 8460 8506 8676 8956 9104 9224 9386 9424 9496 9599 9724 9786 9798 9923 9929 10145 10233 10461 10631 10751 10810 10863 10972 10986 11069 11170 11206 11250 11268 11325 11662 11688 11767 11781 11915 11967 12072 12092 12365 12466 12504 12527 12563 12633 12669 12812 13002 13133 13306 13507 13520 13538 13605 13661 13668 13804 13893 13955 14689 14717 14729 14868 14998 15050 15104 15154 15485 15603 15854 15882 15976 16057 16193 16227 16306 16325 16346 16372 16564 16819 17005 17047 17063 17445 17449 17504 17583 17644 17800 17930 17948 17975 18020 18083 18205 18320 18640 18688 18712 18828 19021 19261 19308 19489 19635 19684 19728
196 105 426 544 618 719 765 826 1011 1066 1075 1099 1213 1262 1329 1339 1350 1411 1464 1600 1608 1867 1901 1978 2006 2018 2085 2178 2200 2256 2505 2641 2686 2796 2840 2926 2998 3128 3137 3217 3449 3546 3551 3560 3718 3751 3912 3950 4057 4430 4685 4751 4942 5329 5453 5672 5798 5818 5834 5953 5956 6045 6065 6135 6387 6486 6530 6545 6715 6934 6963 7014 7189 7260 7288 7504 7626 7669 7797 8009 8166 8325 8597 8617 8798 8822 9069 9333 9338 9457 9528 9746 9747 9776 9955 10242 10323 10579 10836 10873 11534 11676 11782 11886 11983 12026 12061 12221 12291 12450 12602 13017 13178 13188 13217 13519 13530 13678 13704 13793 13798 13881 13985 14102 14142 14219 14391 14410 14415 14764 14781 14837 14844 15045 15081 15094 15178 15300 15332 15405 15444 15486 15667 15700 15739 15745 15855 15933 16044 16134 16153 16175 16244 16273 16329 16411 16421 16462 16465 16506 16632 16721 16778 16857 16899 17113 17198 17661 17716 17755 17823 18011 18033 18040 18131 18141 18372 18472 18599 18626 18708 18719 18750 18769 18843 18978 19058 19148 19157 19241 19249 19270 19319 19352 19444 19502 19905
201 2 17 256 357 409 440 448 570 579 603 905 953 999 1256 1268 1285 1658 1827 1890 1956 2019 2040 2133 2257 2351 2409 2472 2488 2607 2631 2647 2691 2810 2914 2982 3007 3128 3140 3186 3298 3351 3423 3435 3447 3695 3829 3835 3885 4269 4335 4711 4752 5280 5358 5403 5414 5499 5644 5658 5773 5778 5934 6015 6016 6052 6091 6147 6325 6625 7087 7088 7129 7309 7348 7456 7548 8038 8332 8414 8515 8540 8603 8615 8660 8779 8802 8810 8883 9258 9259 9443 9553 9736 9776 10106 10141 10253 10258 10300 10336 10399 10789 10833 10864 10896 11337 11371 11386 11395 11655 11748 11833 11921 11939 12018 12074 12224 12647 12719 12741 12779 12786 13097 13194 13206 13215 13323 13382 13414 13684 13745 13864 13902 13903 13951 14082 14157 14203 14282 14323 14446 14547 14555 14662 14723 14809 14902 14929 14943 14983 14997 15025 15055 15140 15197 15215 15361 15509 15934 16058 16093 16155 16517 16703 17018 17114 17242 17318 17788 17858 17967 17998 18090 18162 18204 18298 18348 18352 18372 18384 18567 18572 18708 18750 18955 19028 19087 19161 19170 19265 19285 19423 19433 19550 19604 19628 19681 19760 19845 19877 19904
195 38 54 178 245 289 323 720 793 881 1093 1144 1222 1261 1362 1426 1699 1754 1845 2289 2339 2433 2930 3016 3056 3100 3118 3121 3163 3237 3332 3504 3782 4246 4250 4278 4420 4431 4437 4522 4662 4768 4775 4777 4902 5202 5305 5369 5471 5522 5604 5865 5881 5922 6042 6055 6135 6141 6177 6347 6465 6546 6813 6866 6917 6928 7028 7067 7083 7102 7195 7302 7436 7589 7739 7810 7930 7989 8123 8141 8514 8632 8638 8683 8900 9086 9110 9292 9308 9392 9448 9509 9525 9583 9694 9812 9864 10129 10219 10292 10345 10414 10430 10621 10704 10731 10745 10764 10851 10901 11206 11449 11490 11715 12065 12235 12241 12326 12480 12510 12733 12752 12827 12860 12916 12938 13084 13189 13215 13242 13384 13392 13471 13511 13538 13636 13656 13888 14143 14270 14376 14447 14540 14658 14747 14845 14900 14960 15100 15111 15120 15219 15313 15343 15385 15411 15574 15575 15611 15787 15926 16039 16074 16101 16106 16110 16187 16239 16395 16450 16555 16713 16731 16800 16977 17075 17111 17563 17682 17689 17780 17796 18051 18252 18279 18301 18660 18783 18807 18811 18814 19019 19165 19288 19606 19713
191 19 334 357 368 374 525 725 904 1111 1330 1556 1605 1806 1815 1938 2012 2208 2232 2297 2304 2471 2584 2645 2832 2852 2957 3093 3125 3210 3216 3265 3349 3429 3521 3745 3934 3962 4029 4251 4318 4327 4395 4516 4775 4852 4931 5287 5330 5465 5578 5823 6014 6035 6240 6368 6410 6432 6563 6739 6788 6836 6839 6869 7120 7154 7155 7211 7368 7473 7486 7584 7610 7674 7715 7764 7766 7913 7938 7992 8095 8119 8151 8154 8191 8222 8358 8468 8669 8802 8815 9452 9455 9898 10198 10268 10388 10413 10521 10776 10818 10859 10949 11069 11111 11240 11312 11336 11512 11520 11541 11590 11644 11779 11796 11830 11926 12042 12175 12327 12371 12778 12895 13032 13048 13162 13187 13225 13368 13375 13419 13421 13450 13540 13608 13939 14252 14283 14421 14474 14578 14589 14604 14628 14716 15382 15468 15478 15616 15639 15851 15908 15930 16069 16209 16211 16343 16353 16477 16907 16941 17157 17158 17202 17207 17222 17296 17366 17577 17610 17669 17732 17754 17809 17866 18092 18177 18213 18245 18246 18560 18576 18642 18813 19007 19035 19206 19459 19463 19608 19613 19657
195 257 628 891 1166 1234 1276 1349 1391 1563 1611 1774 1835 1864 1919 1929 2026 2056 2195 2242 2535 2556 2667 2670 2685 2690 2701 2978 3003 3099 3154 3348 3435 3480 3519 3698 3844 3858 3931 3942 4371 4641 4768 4783 4810 4905 4932 5010 5025 5259 5356 5468 5638 5643 5702 5925 5931 6008 6037 6050 6244 6312 6535 6543 6696 6725 6766 6796 6824 6826 6935 6996 7047 7195 7225 7288 7306 7380 7424 7439 7503 7578 7626 7658 7730 7918 7993 8079 8083 8408 8543 8572 9171 9292 9358 9437 9472 9504 9772 9808 9867 9890 10013 10028 10163 10193 10334 10396 10435 10460 10493 10563 10776 10805 10985 11117 11238 11532 11707 11737 11747 11972 12137 12139 12186 12236 12268 12278 12303 13019 13071 13286 13306 13449 13597 13856 14131 14189 14324 14339 14468 14504 14615 14783 14904 14944 15026 15314 15679 15708 15709 15721 15725 15852 15900 16023 16027 16142 16340 16381 16397 16418 16454 16566 16583 16612 16629 16703 16895 17027 17069 17229 17353 17401 17458 17560 17825 17961 18131 18151 18329 18336 18339 18475 18495 18603 18854 18920 18928 19431 19465 19667 19673 19705 19797 19809
195 175 213 257 526 556 576 591 755 1258 1274 1295 1340 1495 1600 1629 1978 2043 2134 2252 2302 2317 2373 2492 2596 2603 2672 2738 2756 2769 2823 2876 3097 3167 3439 3562 3591 3618 3791 3829 3899 3902 3993 4028 4081 4156 4184 4380 4468 4495 4552 4560 4663 4752 4887 5039 5117 5159 5166 5168 5334 5373 5383 5452 5509 5704 6254 6347 6354 6644 6847 6983 6991 7033 7146 7772 7795 7859 7904 7978 8007 8238 8327 8406 8420 8435 8491 8873 8927 9043 9083 9527 9547 9835 9969 9987 10019 10181 10224 10356 10379 10443 10486 10576 10642 10664 10699 10736 10865 10871 10899 10912 10999 11054 11069 11194 11331 11403 11445 11480 11507 11691 11905 11944 11964 12119 12178 12212 12216 12334 12688 12744 12746 12850 13250 13402 13404 13626 13728 13925 13994 14081 14089 14091 14308 14564 14659 14706 14798 14884 14989 15009 15050 15655 15733 15811 15892 15945 15970 15979 16253 16300 16487 16640 16813 16962 17059 17117 17216 17377 17567 17615 17652 17690 17707 17758 17836 17846 17849 17866 17884 18234 18345 18373 18411 18420 18530 18737 18973 19117 19146 19165 19407 19461 19570 19667
189 270 311 393 465 745 782 790 975 998 1017 1149 1490 1491 1495 1544 1782 1855 1882 2101 2232 2469 2518 2602 2703 2720 2889 3062 3072 3076 3166 3196 3215 3272 3318 3484 3648 3805 3854 3938 3983 4032 4051 4084 4102 4126 4140 4167 4181 4221 4233 4375 4500 4674 4855 4889 5009 5034 5199 5324 5462 5493 5556 5753 5862 5898 5943 5955 6027 6034 6263 6390 6576 6654 6787 6789 6809 6914 6925 7003 7222 7603 7689 7788 7937 7968 8020 8149 8180 8265 8271 8326 8399 8431 8519 8632 8637 8713 8732 8773 8836 9289 9407 9461 9774 9801 9964 10084 10193 10205 10215 10219 10371 10431 10463 10471 10509 10520 10560 10574 11178 11629 11708 11806 11958 11991 12358 12370 12621 12686 12699 12868 12988 13018 13202 13229 13274 13287 13377 13692 13815 13826 13903 14015 14185 14190 14213 14258 14303 14615 14694 14716 14765 14767 14980 15442 15469 15539 15719 15807 15874 15930 15979 16008 16378 16496 16558 16606 16791 16874 17131 17151 17198 17234 17630 17919 17935 18123 18196 18236 18284 18439 18588 18640 18963 18996 19155 19290 19773 19783
220 8 120 123 212 244 266 464 568 623 688 780 802 980 992 1002 1141 1325 1343 1459 1477 1588 1633 1917 1983 2181 2183 2185 2319 2353 2356 2444 2480 2484 2516 2702 2731 2801 2810 2904 2931 2955 3034 3045 3145 3163 3431 3522 3535 3685 3726 3760 3777 3930 3934 3941 4099 4127 4182 4391 4442 4703 4771 5187 5250 5501 5559 5714 5731 5735 5764 6090 6493 6691 7054 7177 7292 7324 7417 7438 7457 7482 7501 7535 7586 7593 7639 7800 7953 7959 8397 8516 8554 8581 8646 8869 8891 8916 8939 9077 9101 9180 9296 9379 9615 9987 10063 10075 10078 10110 10133 10138 10158 10251 10306 10309 10323 10385 10422 10455 10614 10947 10979 11018 11284 11335 11380 11384 11446 11455 11621 11623 11678 11756 11804 12011 12012 12067 12100 12135 12236 12371 12698 12900 12982 13258 13444 13499 13697 13713 13799 13955 14120 14211 14376 14445 14566 14604 14684 14712 14771 14780 14890 15006 15052 15194 15331 15468 15498 15976 16232 16273 16299 16345 16353 16394 16469 16496 16529 16671 16767 16834 16856 16862 16883 17155 17237 17289 17299 17306 17418 17441 17474 17504 17566 17602 17647 17731 17735 17879 17979 17998 18100 18156 18214 18229 18362 18561 18706 18722 18842 18891 18923 18927 19041 19057 19467 19600 19785 19848 19944
175 33 154 242 422 824 923 1050 1244 1313 1542 1580 1782 1849 1855 1924 1950 2015 2089 2100 2123 2260 2508 2750 3075 3091 3179 3508 3754 3879 4070 4231 4275 4284 4286 4346 4396 4501 4802 4864 4872 5015 5044 5090 5528 5685 5773 5835 5870 5903 5962 6005 6049 6065 6081 6092 6101 6355 6602 6811 6846 6983 7065 7084 7097 7105 7233 7234 7261 7264 7320 7440 7443 7472 7605 7769 7886 7939 8117 8241 8395 8504 8532 8594 8609 8694 8817 8821 8927 8943 9013 9153 9377 9414 9427 9488 9576 9630 10012 10066 10362 10423 10438 10686 10770 10858 10940 11009 11287 11340 11341 11393 11450 11528 11559 11837 12052 12068 12222 12305 12377 12577 12815 12881 13005 13043 13136 13170 13202 13254 13321 13561 13562 13764 13912 13917 14107 14113 14446 14764 14955 15415 15578 15746 15798 15820 15844 15986 16175 16225 16966 17130 17308 17334 17350 17424 17460 17470 17479 17507 17553 18258 18405 18609 18674 18813 19033 19058 19081 19094 19130 19447 19692 19879 19904 19964
191 3 34 199 207 354 475 615 676 845 846 876 932 981 1009 1158 1635 1768 1850 2019 2187 2280 2433 2452 2490 2497 2526 2581 2618 2632 2673 2853 3018 3021 3058 3212 3285 3302 3345 3355 3457 3559 3632 3831 4047 4168 4200 4214 4388 4501 4643 4674 4690 4882 4899 4981 4989 5018 5061 5466 5510 5546 5770 5889 5965 5984 6219 6385 6489 6629 6650 6656 6888 6978 6983 7085 7254 7276 7361 7370 7560 7648 7701 7834 7848 7872 7987 8053 8074 8123 8228 8230 8330 8352 8356 8371 8472 8670 8823 8865 8929 8933 9104 9302 9379 9486 9503 9620 9654 9662 9775 10011 10059 10148 10177 10236 10778 10826 10873 10926 11127 11463 11601 11642 11844 12028 12122 12167 12286 12301 12307 12392 12479 12582 12701 12702 12732 12738 13163 13416 13601 13944 14212 14252 14261 14416 14519 14530 14647 14771 14773 15027 15119 15732 15781 15876 16128 16150 16300 16329 16349 16574 16596 16648 16673 16796 16874 16889 16979 17037 17318 17698 17911 17948 17973 18012 18245 18305 18367 18438 18636 18721 18900 19026 19093 19148 19237 19320 19363 19444 19594 19776
242 222 248 513 645 821 1056 1075 1078 1130 1136 1198 1612 1655 1779 1922 1949 2014 2271 2304 2339 2562 2603 2606 2746 2756 2782 2830 2880 2948 3394 3486 3615 3698 3710 3731 3740 3825 3909 3997 4025 4036 4049 4072 4167 4314 4576 4638 4694 4724 4780 4809 5005 5111 5119 5206 5233 5283 5450 5467 5500 5515 5592 5640 5711 5728 5765 5918 5927 5957 6223 6267 6271 6328 6509 6565 6707 6709 6800 6831 6859 6907 6909 7158 7580 7604 7776 7844 7907 7959 8077 8085 8086 8265 8444 8450 8598 8769 8787 8990 9053 9323 9325 9634 9736 9771 9789 9925 9936 10025 10042 10131 10265 10435 10443 10449 10562 10619 10691 10749 10823 11216 11316 11343 11440 11599 11622 11901 12043 12164 12234 12278 12316 12367 12448 12478 12627 12664 12782 12845 12871 12898 12924 12959 13169 13178 13224 13238 13402 13450 13466 13484 13552 13615 13656 13724 13725 13728 13897 14061 14094 14212 14251 14270 14336 14558 14579 14602 14649 14653 14804 14863 14968 15016 15098 15199 15204 15223 15294 15342 15424 15449 15483 15595 15677 15726 15841 15879 16024 16055 16123 16179 16262 16422 16547 16588 16641 16699 16795 16859 16968 16980 16983 16993 17013 17014 17029 17064 17107 17164 17232 17297 17376 17406 17416 17602 17700 17703 17737 17779 17924 18131 18229 18244 18266 18401 18410 18523 18829 18948 19160 19191 19214 19312 19321 19435 19507 19536 19661 19712 19729 19782 19804
201 370 386 463 790 1027 1161 1190 1192 1268 1276 1418 1670 1703 1733 1738 1954 2021 2071 2505 2556 2601 2623 2631 2722 2732 2926 2989 3016 3031 3048 3075 3360 3549 3652 3754 3765 3774 3916 3956 4020 4098 4352 4488 4501 4503 4652 5138 5260 5321 5374 5484 5495 5527 5577 5726 5730 5805 5951 6049 6283 6441 6456 6471 6539 6618 6676 7088 7095 7098 7174 7180 7227 7311 7399 7503 7878 7888 7993 8013 8049 8099 8182 9080 9131 9175 9339 9449 9520 9788 9868 9882 9938 9988 10092 10524 10596 10668 10741 10841 10947 10977 11054 11146 11160 11280 11591 11725 11728 11774 11874 11878 11984 12014 12019 12027 12075 12247 12421 12572 12698 12908 12931 12993 13063 13291 13340 13460 13605 13668 13776 13903 13995 13998 14070 14222 14364 14424 14453 14461 14528 14542 14577 14644 14648 14721 14730 14814 14824 14825 14857 15028 15074 15153 15519 15539 15641 15798 15878 16013 16156 16197 16404 16479 16655 16834 16847 16857 16859 16956 16969 17238 17268 17534 17608 17884 17924 17936 18053 18102 18156 18235 18275 18328 18357 18446 18522 18553 18674 18787 18907 18946 19308 19355 19388 19537 19712 19782 19796 19902 19923 19933
189 56 174 260 409 614 627 663 1030 1037 1157 1299 1410 1621 1650 1780 1888 1972 2093 2293 2605 2607 2668 2732 2877 2996 3035 3173 3181 3550 3610 3791 4017 4212 4271 4581 4756 4809 4839 4863 5051 5242 5414 5645 5688 5752 5944 5972 5988 6026 6100 6168 6172 6216 6297 6390 6443 6602 6785 6865 6930 7355 7365 7609 7734 7891 8282 8454 8478 8600 8738 8914 9043 9052 9500 9620 9681 9764 9790 9829 9970 10072 10110 10148 10222 10259 10370 10426 10459 10494 10662 10728 10778 10923 11068 11264 11269 11328 11459 11477 11591 11613 11741 11770 11811 12017 12041 12156 12184 12192 12480 12513 12564 12617 12695 12928 12961 13170 13369 13416 13507 13542 13677 13883 13889 13920 13969 13978 14140 14210 14246 14348 14641 14812 15002 15045 15189 15191 15284 15406 15450 15506 15537 15546 15601 15651 15680 15692 15879 15883 16006 16196 16363 16759 16793 16937 16978 17071 17257 17324 17348 17449 17472 17669 17851 17870 18042 18059 18074 18149 18345 18402 18473 18521 18570 18571 18640 18720 18749 18834 18927 18971 18997 19227 19678 19710 19876 19899 19953 19987
171 193 779 833 1030 1051 1111 1281 1535 1536 1646 1676 1732 1957 2069 2421 2789 2939 2947 3208 3221 3256 3542 3548 3565 3584 3668 3720 3838 4042 4058 4143 4287 4414 4436 4568 4576 5017 5099 5173 5271 5448 5600 5683 5769 5822 5930 5999 6120 6728 6887 6901 7091 7096 7107 7480 7528 7549 7565 7654 7854 8413 8634 8820 9362 9397 9531 9616 9920 9932 9934 9968 10203 10412 10515 10520 10592 10641 10725 10769 10782 10795 10867 11022 11090 11093 11176 11206 11294 11341 11365 11417 11622 11727 11746 11750 11831 11917 12075 12200 12221 12351 12366 12623 12863 12877 12932 13015 13076 13109 13273 13415 13672 13806 13883 13946 13990 14226 14621 14634 14649 14655 15013 15045 15066 15122 15443 15453 15473 15480 15490 15690 15811 15820 15884 16017 16249 16372 16447 17055 17519 17531 17629 17661 17723 17770 17985 18072 18097 18104 18186 18231 18312 18345 18382 18533 18664 18739 18830 18914 19031 19121 19170 19198 19277 19348 19687 19722 19754 19851 19861 19915
196 12 139 175 438 623 669 691 708 719 774 822 922 973 979 1242 1309 1358 1573 1608 1648 1713 1871 1886 1916 1962 2554 2589 2729 2969 3091 3100 3180 3435 3569 3580 3775 3786 3907 3938 4031 4043 4052 4351 4432 4583 4668 4759 4767 5125 5201 5304 5499 5559 5631 5659 5768 5838 5858 5970 6003 6529 6540 6646 6796 6877 7100 7118 7210 7245 7264 7311 7324 7386 7437 7654 7789 7944 8078 8081 8121 8142 8543 8668 8870 8923 8962 9180 9212 9285 9313 9374 9383 9390 9468 9488 9555 9685 9836 9843 10099 10118 10140 10143 10167 10481 10743 10770 10805 10866 10965 10993 11305 11496 11523 11615 11753 11782 11831 11844 11871 12006 12131 12192 12295 12557 12706 12870 13050 13154 13305 13338 13383 13491 13663 13844 13846 14079 14334 14431 14513 14567 14636 14698 14699 14772 14817 14831 14906 14918 14988 15001 15152 15186 15196 15347 15467 15519 15528 16008 16067 16080 16159 16342 16408 16479 16495 16778 16879 16900 16909 17034 17114 17334 17544 17672 17717 17743 17782 17805 17891 17975 18055 18109 18757 18876 18912 18960 19003 19144 19325 19421 19629 19711 19845 19940 19970
198 21 76 94 124 172 257 465 574 697 764 775 792 830 927 1062 1081 1367 1418 1491 1546 1579 1735 1822 1944 2090 2097 2427 2493 2530 2618 2634 2812 2876 3079 3136 3290 3332 3453 3624 3765 3829 3837 3845 3898 3980 4125 4186 4201 4359 4420 4459 4463 4467 4477 4533 4538 4577 4662 4711 4838 4940 4992 5023 5028 5203 5294 5313 5390 5478 5509 5539 5548 5561 5694 5714 5867 5982 5995 6374 6567 6905 6938 7125 7322 7329 7375 7465 7514 7813 7833 7842 8268 8496 8498 8566 8578 8588 8806 8926 8935 9213 9313 9335 9397 9455 9845 9857 9862 10151 10293 10530 10568 10572 10705 10754 10760 10762 10836 10957 11044 11181 11211 11263 11399 11482 11675 11691 11735 11884 12072 12135 12247 12293 12370 12481 12546 12701 12873 12893 13131 13167 13366 13381 13392 13499 13514 13785 13828 13985 14201 14527 14696 14720 14789 14807 14854 15123 15190 15222 15327 15328 15376 15492 15977 16073 16131 16438 16732 16853 16902 17040 17112 17172 17184 17286 17326 17385 17572 17688 17716 17766 17858 17945 18247 18543 18817 18819 19036 19100 19138 19506 19772 19773 19783 19837 19859 19923 19940
178 89 177 307 360 480 534 542 672 699 1005 1076 1095 1246 1395 1488 1512 1537 1688 2200 2354 2489 2596 2801 2839 2853 2933 2942 2985 3101 3116 3905 4014 4453 4464 4512 4620 4652 4718 4730 4989 5191 5276 5953 6056 6199 6212 6296 6401 6534 6541 6606 6679 6826 6887 6940 6993 7019 7070 7099 7651 7677 7719 8053 8105 8124 8614 8645 8753 8806 9012 9030 9187 9221 9312 9398 9431 9716 9724 9746 9811 9848 10073 10085 10140 10223 10367 10523 10692 10782 10793 10880 10931 11157 11235 11416 11431 11591 11628 11978 12314 12360 12417 12557 12576 12814 12912 13044 13089 13141 13249 13307 13465 13651 13880 13886 14027 14033 14058 14206 14295 14298 14503 14539 14610 14623 14684 14699 14753 14972 14979 15002 15034 15038 15255 15475 15486 15500 15526 15648 15682 15834 15910 16071 16172 16214 16416 16520 16611 16636 16827 17094 17154 17167 17365 17431 17591 17664 17900 18000 18172 18230 18244 18269 18424 18435 18437 18447 18728 18801 18862 18870 19084 19224 19248 19417 19603 19684 19707
203 12 175 638 647 824 979 982 987 1186 1396 1417 1672 1755 1850 1883 1976 2019 2136 2200 2312 2434 2606 2639 2644 2693 2703 2934 2935 3085 3213 3437 3488 3518 3698 3843 3954 4157 4197 4356 4412 4524 4822 4954 4989 5058 5151 5201 5260 5304 5324 5584 5598 5664 5829 6006 6064 6077 6258 6373 6447 6551 6643 6713 6762 6815 6882 6899 6941 7047 7074 7094 7164 7177 7227 7273 7292 7312 7604 7677 7754 7863 7946 7947 7949 8068 8288 8786 8800 9066 9106 9215 9713 9717 9747 10017 10037 10085 10103 10171 10187 10223 10423 10425 10449 10542 10607 10701 10829 10831 10943 11041 11270 11302 11363 11682 11728 11905 11996 12047 12150 12178 12180 12285 12417 12458 12549 12767 12838 13326 13398 13434 13643 13664 13766 13773 13779 13867 14050 14093 14212 14278 14392 14432 14692 14757 14779 14797 14920 15032 15170 15204 15518 15602 15630 15734 15872 16075 16317 16367 16386 16434 16537 16710 16793 16795 16838 16910 16947 17137 17172 17230 17254 17271 17309 17439 17488 17652 17952 18171 18176 18332 18463 18500 18614 18652 18718 18844 18936 18946 19071 19117 19119 19134 19153 19154 19263 19304 19413 19497 19635 19693 19820 19960
203 51 79 101 142 266 435 689 791 972 988 1106 1216 1232 1258 1276 1282 1303 1464 1619 1728 1748 1768 1921 1930 2068 2281 2334 2676 2870 2896 2915 2924 3118 3132 3144 3198 3262 3355 3432 3499 3521 3560 3571 3708 3822 3842 3875 3931 4060 4411 4415 4431 4520 4725 4763 4779 4803 4924 4948 5331 5425 5427 5611 5668 5674 5708 5834 5863 5897 5934 5936 5983 6045 6155 6204 6392 6401 6508 6846 6999 7015 7034 7077 7228 7362 7456 7627 7836 7845 7932 7970 8001 8059 8102 8212 8348 8539 8667 8708 8719 8728 8791 8840 9126 9179 9255 9298 9314 9414 9684 9842 10040 10114 10344 10430 10488 10498 10605 10782 10789 10867 10917 10972 11057 11209 11227 11451 11455 11489 11591 11787 11858 11910 12095 12192 12350 12552 12764 12868 13085 13386 13592 13638 13703 13747 13967 14003 14060 14091 14243 14312 14410 14604 14858 14981 15117 15129 15133 15146 15154 15170 15199 15591 15896 15900 15950 16032 16039 16087 16139 16190 16215 16236 16265 16297 16325 16340 16433 16516 16880 16911 16976 17085 17099 17297 17388 17423 18140 18529 18547 18553 18711 18987 19175 19413 19437 19497 19600 19695 19731 19879 19903 19964
198 43 74 106 348 415 481 492 581 773 842 1050 1123 1268 1274 1308 1622 1794 1997 2176 2182 2543 2662 2890 3049 3174 3315 3373 3613 3640 3729 3794 3805 3953 4206 4224 4407 4467 4518 4548 4620 4747 4993 5102 5255 5290 5410 5503 5536 5587 5602 5658 5704 5781 5824 5851 6075 6182 6185 6304 6388 6509 6667 6879 6916 6997 7196 7337 7431 7455 7483 7570 7596 7649 7692 7740 7895 7904 7985 7989 7991 8007 8030 8188 8214 8216 8313 8356 8486 8599 8610 8666 8763 8827 8840 8887 9054 9130 9219 9227 9623 9634 9777 9789 9949 10025 10054 10106 10213 10356 10456 10545 10585 10592 10615 10654 10723 10789 10868 10880 10890 11153 11158 11170 11333 11418 11530 11641 11733 11824 12050 12076 12221 12446 12626 12750 12791 13040 13100 13144 13182 13249 13388 13441 13540 13551 13598 13683 14028 14140 14174 14213 14255 14401 14412 14622 14854 14989 15038 15063 15236 15282 15454 15512 15926 15930 16233 16639 16646 16665 16797 16842 17126 17197 17214 17448 17530 17557 17685 17880 17934 18074 18145 18200 18233 18265 18334 18430 18507 18679 18762 18798 19074 19093 19103 19564 19590 19864 19971
203 32 60 73 74 142 256 485 539 675 802 824 876 1075 1184 1475 1485 2219 2301 2347 2437 2647 2667 2672 2694 2765 2922 2973 3016 3017 3045 3075 3098 3217 3241 3387 3677 4001 4199 4231 4276 4781 4927 4967 4998 5038 5096 5142 5313 5413 5598 5828 5846 5924 5927 6062 6352 6371 6475 6476 6489 6626 6676 6678 6763 6792 6813 6832 6887 7067 7071 7159 7375 7500 7673 7682 7790 7968 8073 8082 8221 8277 8350 8365 8402 8512 8644 8712 8714 8719 8752 8881 8924 8931 9003 9105 9300 9306 9367 9457 9540 9549 9566 9691 9738 9903 10058 10155 10430 10474 10482 10554 10566 10620 10641 10644 10645 10933 10976 11112 11312 11373 11603 11669 11729 11731 11777 12055 12059 12072 12108 12144 12310 12320 12446 12497 12635 12664 12740 12889 12942 12983 13089 13102 13180 13299 13392 13466 13742 13803 13835 13841 13938 14016 14212 14254 14371 14396 14401 14496 14524 14658 14666 14699 14736 14814 14816 15226 15258 15362 15586 15816 15896 15955 15969 16251 16700 16709 16994 17115 17229 17435 17437 17546 17735 17793 17905 17921 18041 18361 18518 18577 18658 18999 19065 19143 19154 19209 19318 19444 19633 19644 19844 19885
204 97 100 340 392 484 539 591 659 703 777 855 1204 1279 1315 1344 1345 1711 1751 1801 1859 1882 1920 1996 2008 2022 2024 2083 2137 2260 2319 2570 2606 2629 2662 2719 2802 2927 3095 3139 3281 3316 3386 3409 3455 3499 3560 3564 3627 3751 3806 3850 4158 4236 4255 4259 4428 4546 4675 4678 4689 4815 4826 4828 4922 4970 5004 5041 5053 5143 5357 5606 5661 5888 5970 6226 6361 6366 6395 6595 6629 6660 6837 6903 7322 7385 7485 7548 7624 7638 7693 7761 7873 7918 8043 8066 8078 8226 8460 8507 8525 8547 8602 8647 8749 8858 8863 8977 9016 9036 9301 9327 9609 9615 9621 9759 9878 9911 9940 9967 10048 10258 10397 10400 10430 10655 10863 10891 11032 11099 11153 11158 11279 11337 11413 11758 11794 11941 11947 12005 12153 12205 12390 12454 12565 12768 12883 12952 13021 13094 13232 13429 13550 13555 13556 13710 13751 13918 14026 14076 14145 14148 14331 14467 14883 15336 15688 15716 15949 16045 16071 16072 16191 16397 17045 17048 17271 17419 17921 17948 18157 18194 18205 18269 18287 18382 18387 18418 18585 18596 18629 18682 18966 19019 19080 19186 19201 19207 19374 19441 19474 19675 19691 19853 19991
217 132 171 714 772 1004 1023 1210 1314 1383 1419 1481 1505 1586 1612 1637 1771 1798 1847 1870 1892 1917 2066 2173 2704 2724 2762 2846 2952 3182 3202 3414 3661 3695 3748 3749 3933 4167 4194 4242 4408 4456 4613 4622 4656 4744 4782 4796 4847 5046 5102 5356 5366 5395 5661 5861 5879 5897 6051 6085 6146 6163 6306 6432 6755 6894 6948 6961 7009 7380 7398 7438 7453 7692 7705 7748 7878 7881 7894 7996 8053 8067 8120 8316 8511 8583 8747 8782 8790 8837 8875 8897 8919 9162 9165 9348 9350 9381 9407 9446 9519 9605 9646 9662 9673 9753 9949 9991 9995 10015 10207 10436 10453 10520 10567 10653 10790 10800 10881 10889 11095 11123 11149 11242 11392 11465 11471 11505 11618 11626 11656 11780 11954 11978 12127 12256 12322 12510 12651 12730 12753 12754 12768 12774 12803 12875 12937 12951 12984 13030 13072 13073 13092 13566 13700 13918 13980 14013 14119 14246 14554 14626 14805 14843 14975 15157 15437 15464 15519 15522 15696 15744 15774 15778 15839 15921 15924 15962 16006 16032 16277 16549 16679 16749 16915 16928 17030 17076 17099 17311 17567 17635 17662 17971 17985 17987 17988 18020 18035 18127 18218 18289 18384 18432 18643 18693 18794 18889 19003 19022 19047 19125 19192 19282 19331 19711 19712 19799
180 40 131 163 404 439 464 555 733 949 1302 1365 1546 1680 1891 2036 2234 2256 2296 2536 2746 2805 2842 2871 3147 3348 3367 3460 3462 3648 3794 4248 4384 4387 4423 4518 4557 4582 4608 4696 4726 4969 5032 5119 5136 5143 5255 5276 5315 5485 5599 5631 5746 5867 5880 6067 6136 6193 6250 6254 6264 6347 6456 6719 6844 7021 7085 7113 7123 7428 7439 7441 7531 7622 7634 7762 7799 7815 7869 7934 8171 8223 8719 8951 8999 9006 9155 9195 9529 9533 9610 9759 10269 10377 10715 10846 10906 11020 11069 11080 11116 11265 11464 11663 11694 11701 11753 11755 11775 11786 11787 11822 11846 11880 11906 12544 12633 12641 12650 12978 13109 13144 13169 13284 13436 13796 13803 13920 14225 14265 14274 14326 14382 14508 14624 14790 14821 14858 14909 15002 15245 15271 15302 15303 15495 15587 15731 15736 16085 16486 16487 16586 16735 16754 16983 17173 17192 17257 17294 17310 17510 17569 17583 17704 17782 17830 18032 18193 18201 18207 18331 18439 18599 18746 18779 18784 18950 19039 19050 19179 19800
211 33 71 134 142 159 398 405 442 443 624 659 699 704 851 858 931 993 1055 1057 1227 1406 1418 1487 1581 1679 1754 1833 1881 1890 1910 1915 2020 2034 2047 2071 2140 2329 2425 2472 2537 2725 2729 2799 3046 3277 3358 3622 4063 4285 4362 4425 4468 4476 4545 4597 4636 4717 4828 4875 4905 5067 5164 5188 5433 5443 5519 5554 5765 5858 5879 5907 5929 6080 6082 6181 6428 6531 6552 6628 6685 6837 7018 7101 7102 7157 7210 7259 7642 7873 7893 7956 8211 8249 8264 8357 8402 8498 8605 8612 8716 8739 8781 9252 9261 9325 9390 9546 9560 9716 9864 9952 10109 10210 10307 10390 10486 10561 10606 10648 10664 10788 10821 10850 11049 11104 11111 11123 11366 11595 11718 11776 11863 11933 11945 12020 12052 12089 12397 12886 13208 13224 13323 13466 13494 13664 13672 13932 14213 14325 14335 14350 14410 14494 14499 14656 14739 14819 15002 15107 15235 15274 15296 15353 15486 15570 15735 15835 15929 16008 16042 16334 16390 16530 16679 16903 17092 17095 17155 17215 17267 17289 17301 17410 17484 17596 17711 17724 17728 17787 18073 18118 18132 18171 18309 18321 18347 18423 18559 18596 18602 18869 18907 18908 19004 19197 19218 19252 19330 19475 19602 19947
217 9 46 180 295 591 724 860 889 941 965 969 1000 1038 1244 1352 1399 1513 1529 1550 1587 1873 1910 1955 1966 2054 2111 2134 2246 2597 2646 2671 2841 3024 3035 3077 3081 3325 3338 3481 3659 3911 4114 4240 4242 4257 4380 4652 4700 4778 5190 5261 5265 5528 5789 5882 5905 6005 6066 6399 6450 6453 6469 6508 6537 6566 6626 6668 6798 6813 6886 7455 7533 7550 7593 7664 7838 7893 7906 7984 8214 8230 8399 8401 8472 8500 8638 8652 8804 8846 8848 8957 8966 9136 9145 9153 9265 9316 9318 9496 9504 9585 9672 9940 9962 10137 10217 10284 10497 10514 10548 10669 10715 10745 10903 10937 10950 11125 11135 11226 11250 11554 11919 11924 11938 11979 12112 12186 12245 12296 12321 12503 12697 12791 12796 12909 13056 13143 13155 13177 13290 13340 13436 13481 13573 13589 13615 13616 13626 13628 13648 13655 13665 13690 14412 14595 14714 14750 14837 14882 14883 14960 15268 15482 15712 15869 15891 15989 16199 16328 16496 16513 16514 16555 16600 16731 16742 16775 16970 17034 17060 17107 17523 17546 17583 17609 17637 17690 17790 17820 17925 17957 17970 18034 18083 18183 18202 18267 18315 18349 18360 18452 18545 18547 18656 18760 18783 18816 19018 19264 19395 19397 19422 19449 19492 19518 19589 19995
185 116 542 893 1039 1073 1127 1129 1207 1232 1675 1736 1809 1841 2309 2372 2550 2586 2699 2979 3010 3157 3279 3405 3440 3842 3986 4003 4024 4048 4063 4220 4361 4481 4620 4881 5024 5384 5534 5664 6153 6202 6302 6499 6538 6557 6598 6633 6802 7019 7102 7383 7499 7547 7678 7876 7878 7910 8044 8262 8319 8358 8553 8566 8603 8645 8738 8799 8868 8975 9166 9288 9323 9531 9971 9980 10039 10083 10109 10235 10366 10381 10419 10506 10518 10590 10644 10711 10745 10825 10902 10944 10951 11113 11187 11188 11348 11456 11592 11637 11891 11932 12039 12056 12093 12266 12273 12295 12524 12562 12642 12661 12721 12958 13043 13096 13204 13253 13258 13450 13484 13531 13739 14077 14122 14194 14215 14290 14422 14651 14775 14832 14883 14909 14934 14964 15050 15075 15349 15536 15594 15645 15842 15964 16135 16192 16267 16456 16629 16940 17003 17008 17098 17213 17332 17362 17381 17592 17596 17627 17752 17896 17974 18069 18131 18158 18416 18478 18498 18556 18627 18640 18676 18776 18856 18931 19055 19370 19419 19470 19648 19699 19761 19767 19874 19945
166 255 353 593 1087 1342 1497 1628 1707 1886 2043 2386 2470 2501 2527 2529 2625 2730 2850 2877 3105 3685 3762 3862 4257 4295 4340 4395 4492 4560 4710 4741 5083 5128 5337 5418 5481 5616 5824 5947 6263 6282 6316 6508 6697 6719 6797 6986 7068 7397 7400 7439 7714 7757 7820 7928 8110 8113 8196 8267 8301 8397 8483 8522 8616 8728 8738 8811 8837 9027 9068 9487 9493 9554 9628 9745 9798 9875 10030 10034 10195 10242 10514 10675 10690 10779 10802 10875 11003 11088 11170 11180 11433 11685 11727 11878 11969 12070 12373 12458 12567 12780 12794 12867 13017 13033 13085 13266 13396 13552 13973 13982 14059 14357 14506 14664 14735 14863 15027 15042 15107 15184 15249 15475 15524 15584 15635 15701 15859 15934 16235 16389 16489 16490 16634 16746 16983 16986 17040 17091 17501 17513 17540 17564 17826 17904 17935 18105 18281 18316 18533 18579 18598 18616 18688 18717 18788 18829 18909 19098 19199 19241 19361 19610 19706 19789 19809
190 26 101 194 564 608 652 760 847 942 1056 1098 1149 1163 1173 1333 1359 1367 1459 1574 1597 1646 1648 1711 1943 2055 2078 2086 2240 2267 2298 2332 2549 2612 2898 2948 2975 3165 3242 3288 3374 3397 3425 3649 3652 3661 3783 3833 3860 3908 3944 4102 4239 4315 4407 4549 4603 4729 4917 4952 4957 5394 5516 5555 5682 5685 5742 5743 5783 6063 6569 6622 6690 6992 7079 7106 7245 7296 7312 7359 7361 7441 7494 7684 7752 8144 8166 8186 8212 8644 9036 9172 9935 10216 10222 10538 10622 10780 10790 10847 10873 10889 10930 11120 11229 11231 11391 11452 11606 11799 11854 11960 11969 12156 12433 12465 12639 12651 13147 13302 13335 13437 13519 13884 13967 13976 14112 14277 14338 14418 14514 14691 14727 14884 14993 15041 15049 15402 15532 15550 15598 15614 15642 15800 15855 15931 16038 16151 16244 16299 16387 16506 16738 16860 17025 17122 17275 17296 17360 17382 17418 17448 17521 17670 17792 18046 18050 18064 18140 18147 18170 18216 18243 18292 18320 18348 18591 18742 18799 18835 18928 18952 19237 19304 19330 19352 19492 19533 19537 19639 19952
188 58 284 411 412 435 468 654 669 688 842 849 925 981 1022 1172 1208 1228 1326 1588 1601 1648 1939 2062 2073 2182 2300 2427 2481 2570 2645 2693 2729 2752 2826 2883 3144 3158 3414 3441 3603 3676 3730 3799 3995 4066 4188 4293 4428 4477 4695 4757 4775 4897 4955 5148 5177 5268 5573 5607 5887 5903 5920 6005 6166 6332 6362 6489 6732 6764 6803 6868 6874 6945 6963 7179 7187 7199 7216 7218 7223 7241 7291 7374 7474 7717 7741 7863 7869 8064 8250 8259 8274 8646 8662 8740 8750 8875 8895 8945 9219 9264 9405 9475 9719 9725 9794 10041 10110 10171 10438 10481 10587 10640 10798 10974 11338 11384 11429 11529 11547 11564 11719 11721 11739 11746 12041 12068 12175 12376 12685 12963 13244 13312 13315 13537 13645 13811 13876 13917 13925 14061 14123 14131 14149 14231 14495 14673 14987 15093 15133 15145 15187 15535 15578 15792 15911 16007 16021 16444 16612 16662 16748 16824 16840 16914 17085 17272 17320 17511 17675 17837 17929 17992 18111 18295 18470 18557 18582 18674 18833 18922 18944 19351 19434 19478 19695 19710 19799
200 180 291 314 360 467 478 492 518 678 883 910 1167 1332 1351 1475 1759 1991 2162 2188 2270 2312 2381 2445 2535 2677 2679 2752 2840 2847 2920 2990 3082 3328 3602 4163 4173 4352 4374 4387 4435 4471 4515 4642 4740 4987 5028 5188 5194 5210 5251 5326 5503 5519 5859 5891 6095 6254 6412 6492 6598 6750 6914 6962 7010 7120 7163 7177 7325 7387 7427 7482 7926 8330 8671 8782 8948 9476 9523 9857 9900 9929 9951 10114 10370 10531 10558 10608 10632 10637 10870 10961 11082 11160 11282 11456 11540 11581 11680 11744 11772 11803 11823 11855 11904 11937 11941 12027 12033 12217 12254 12374 12378 12423 12428 12497 12688 12709 12720 12760 12771 12962 13179 13247 13273 13352 13377 13411 13516 13525 13589 13592 13744 13769 13808 14210 14382 14407 14674 14787 14799 14861 14944 15140 15227 15352 15390 15409 15485 15487 15523 15748 15777 15789 15931 15992 16006 16028 16057 16348 16437 16606 16851 16892 16906 16916 17072 17082 17108 17135 17260 17385 17420 17553 17573 17655 17694 17893 17967 18303 18392 18492 18646 18685 18722 18734 18787 18946 19001 19007 19090 19399 19420 19446 19595 19628 19764 19771 19815 19833 20000
215 60 72 251 282 296 309 396 468 619 687 690 763 1131 1142 1258 1352 1394 1457 1500 1569 1609 1623 1804 1816 1858 1965 1998 2025 2043 2122 2175 2284 2315 2471 2746 2812 2894 2921 2945 2966 3041 3154 3430 3570 3660 3697 3741 3780 4002 4027 4112 4123 4239 4680 4682 4951 4960 4969 5095 5100 5261 5387 5511 5665 5669 5728 5842 5915 5927 5958 6112 6238 6294 6297 6299 6332 6407 6419 6635 6677 6905 6952 7331 7466 7814 7819 7973 8140 8160 8255 8422 8546 8820 8869 8935 9019 9022 9036 9041 9209 9214 9218 9311 9604 9766 9771 9814 9906 9967 10041 10099 10198 10407 10514 10525 10684 10841 11213 11231 11252 11273 11274 11341 11373 11488 11518 11572 11606 11940 11969 11988 12048 12135 12237 12365 12489 12520 12597 12634 12737 12817 12995 13077 13143 13228 13481 13490 13550 13772 13845 13893 13998 14017 14105 14151 14199 14262 14438 14511 14711 14765 14789 14834 14848 15280 15351 15501 15549 15670 15695 15701 15978 15991 16245 16266 16366 16387 16401 16505 16636 16794 16952 16959 17071 17110 17170 17201 17240 17253 17494 17530 17725 17971 18042 18164 18303 18348 18392 18539 18584 18614 18754 18832 18957 19081 19270 19286 19316 19333 19470 19620 19636 19890 19893 19922
198 100 103 127 184 273 415 449 566 635 916 930 1006 1027 1140 1481 1544 1549 1639 1676 1761 2074 2100 2124 2151 2170 2612 2629 2738 2954 2957 3007 3217 3376 3532 3604 3630 3756 3800 3808 3843 4072 4093 4213 4439 4459 4581 4593 4671 4807 4980 5031 5098 5121 5259 5639 5679 5846 5887 5895 5915 5928 5929 6395 6401 6509 6537 6723 6772 6897 6948 7040 7070 7253 7274 7398 7489 7634 7843 7945 7989 8004 8035 8054 8110 8136 8331 8345 8489 8492 8704 8907 8958 9054 9076 9179 9239 9472 9721 9854 9878 10034 10077 10435 10436 10511 10615 10646 10693 10708 10847 10853 10900 10917 11152 11212 11309 11630 11684 12172 12260 12348 12382 12466 12485 12492 12570 12852 12928 13001 13023 13079 13125 13199 13393 13473 13689 13938 14062 14115 14234 14288 14396 14405 14421 14716 14852 15011 15056 15057 15138 15402 15501 15525 15622 15756 15844 16023 16029 16040 16088 16142 16516 16641 16916 16973 16999 17078 17123 17135 17309 17499 17532 17648 17663 17760 17867 17871 17922 17937 17967 17992 18025 18185 18211 18236 18382 18638 18925 19051 19184 19202 19230 19481 19552 19561 19789 19880 19885
185 63 217 417 434 513 631 1003 1045 1063 1233 1247 1704 1740 1746 1775 1804 1840 1861 2100 2266 2338 2348 2349 2354 2523 2865 2902 2980 3226 3440 3441 3478 3545 3742 3768 3783 3805 3888 4038 4465 4478 4502 4633 4728 5040 5122 5151 5210 5239 5268 5280 5286 5377 5388 5443 5513 5611 5661 5904 5997 6216 6368 6427 6435 6444 6814 7033 7375 7479 7591 7700 7719 7778 7944 8040 8125 8403 8554 8647 8664 8706 8714 8764 8822 8824 8907 9025 9091 9252 9332 9378 9409 9491 9545 10119 10246 10323 10324 10423 10427 10686 10786 10823 10901 10906 11074 11147 11171 11642 11712 12077 12097 12229 12251 12369 12409 12517 12593 13070 13144 13260 13286 13398 13401 13481 13530 13695 13707 13712 13757 13784 13860 13867 14482 14778 14841 14974 14993 15056 15180 15284 15286 15393 15519 15566 15581 15620 15671 15690 15786 15868 15975 16073 16320 16321 16424 16599 16774 16883 16915 17266 17327 17717 17817 17818 17901 18007 18054 18369 18492 18590 18616 18727 18820 18931 19034 19091 19167 19257 19365 19384 19471 19505 19787 19999
207 22 361 393 475 496 499 774 808 823 932 1017 1035 1085 1332 1455 1478 1563 1576 1583 1585 1589 1801 1919 1995 2096 2185 2234 2296 2349 2391 2419 2441 2694 2848 3133 3180 3237 3265 3277 3464 3518 3537 3748 3842 4028 4221 4310 4351 4359 4460 4480 4495 4752 4767 4973 5083 5156 5167 5266 5450 6160 6214 6217 6239 6287 6321 6415 6795 7109 7155 7232 7385 7519 7602 7622 7706 7775 7781 7867 7992 8073 8100 8342 8380 8393 8478 8605 8697 8860 8937 9073 9396 9461 9474 9498 9699 9795 10010 10093 10194 10205 10349 10391 10536 10716 10979 11249 11281 11342 11514 11597 11771 11813 11879 11891 11956 11965 12014 12046 12071 12257 12387 12426 12453 12754 13003 13018 13261 13299 13312 13457 13493 13882 13954 14062 14162 14229 14315 14358 14402 14520 14627 14662 14689 14691 14722 14785 14793 14845 14862 14882 14964 15038 15067 15090 15188 15302 15335 15374 15515 15622 15688 15704 15799 15801 15810 15916 16051 16293 16309 16394 16448 16640 16785 17086 17107 17237 17242 17253 17316 17338 17397 17442 17447 17525 17542 17711 17744 17870 18052 18097 18147 18181 18231 18262 18297 18564 18698 18806 19202 19372 19458 19491 19556 19831 19836 19955
219 57 140 183 284 418 427 500 607 795 937 954 955 961 1167 1202 1438 1579 1634 1745 1811 1837 1903 1942 2030 2071 2080 2114 2173 2221 2340 2425 2575 2576 2670 2937 2959 3010 3165 3255 3308 3405 3410 3576 3647 3728 3864 3887 3939 3987 4135 4258 4271 4334 4546 4554 4586 4677 4741 4790 4807 5132 5181 5443 5599 5817 6102 6282 6333 6407 6803 6945 7273 7359 7393 7463 7585 7622 7660 7884 7904 7907 8055 8063 8139 8141 8166 8336 8519 8642 8706 8737 8857 8886 8910 8936 8938 9257 9400 9408 9575 9584 9847 9978 10004 10025 10125 10162 10489 10495 10519 10576 10806 10987 11138 11169 11170 11278 11405 11448 11470 11664 11728 11813 11823 11831 11928 12118 12137 12197 12206 12277 12350 12504 12510 12535 12641 12721 12783 12865 12871 12939 13059 13252 13358 13576 13618 13719 13833 13843 13846 13860 13861 14159 14166 14246 14262 14490 14538 14617 14876 14890 14939 14955 14980 15061 15340 15453 15477 15616 15624 15863 15943 16154 16273 16375 16493 16518 16676 16683 16691 16781 16885 16989 17265 17275 17284 17332 17350 17443 17615 17644 17704 17709 17832 17886 17935 18021 18116 18425 18442 18464 18474 18627 18683 18783 18811 18856 18864 18924 18973 19130 19364 19369 19416 19423 19470 19533 19535 19807
201 88 120 128 245 326 443 639 710 1029 1644 1945 2016 2118 2169 2200 2269 2272 2371 2394 2421 2482 2751 2775 2885 3605 3625 3669 3692 3698 3761 3906 4004 4057 4148 4188 4217 4263 4657 4745 4790 4879 5077 5087 5190 5249 5250 5317 5330 5331 5681 5832 5840 5925 6080 6122 6272 6305 6344 6346 6496 6667 6697 6803 6917 6964 7097 7255 7269 7343 7359 7563 7567 7589 7598 7840 7978 8335 8482 8518 8679 8869 9028 9065 9096 9228 9410 9433 9571 9780 9864 9941 9987 9994 10123 10187 10224 10338 10447 10451 10472 10729 10820 10864 10939 10987 11089 11240 11244 11264 11280 11307 11411 11495 11514 11604 11606 11633 11679 11724 11850 11863 11890 12011 12068 12188 12255 12497 12921 13056 13109 13225 13429 13455 13474 13493 13702 13744 13957 14100 14109 14560 14562 14671 14943 14961 15036 15108 15128 15129 15159 15168 15315 15340 15368 15378 15382 15535 15615 15665 15729 15774 15842 15981 16325 16520 16851 16941 17013 17056 17178 17273 17421 17442 17532 17551 17579 17671 17679 17804 17893 17921 18110 18199 18247 18302 18343 18704 18853 18859 18982 19065 19112 19180 19191 19411 19420 19676 19709 19868 19873 19907
195 145 249 315 353 368 464 501 829 839 890 1134 1271 1401 1423 1913 2072 2117 2225 2280 2287 2290 2305 2323 2347 2705 2732 2744 2779 2863 2910 2919 2973 3020 3069 3523 3694 3829 4086 4111 4408 4472 4546 4671 4693 4761 4840 4857 4880 4959 5164 5247 5295 5330 5354 5460 5655 5759 5838 5940 5951 6015 6017 6084 6088 6243 6263 6374 6472 6580 6640 6679 6722 6757 6828 6842 6879 6913 7134 7320 7436 7559 7745 7784 7809 7854 7877 8004 8069 8307 8491 8493 8716 8752 8812 9009 9075 9377 9445 9714 9733 9786 9848 9933 10198 10404 10503 10522 11006 11051 11127 11334 11361 11432 11656 11999 12275 12495 12609 12646 12709 12717 12719 12761 12833 12975 13239 13350 13571 13698 14146 14182 14226 14278 14652 14802 14909 15137 15161 15283 15303 15325 15338 15520 15564 15572 15697 15898 15912 16170 16246 16274 16310 16369 16372 16459 16494 16552 16568 16604 16706 16712 16717 16774 16790 16861 17041 17221 17304 17338 17354 17608 17665 17744 17806 17816 17903 18031 18093 18270 18680 18696 18763 18788 18843 18884 18923 19034 19224 19315 19319 19443 19634 19650 19970 19974
201 100 195 199 218 243 284 468 476 521 702 755 981 1121 1172 1229 1260 1327 1434 1613 1618 1695 1718 1779 1811 2003 2040 2203 2212 2286 2361 2393 2504 2619 2863 3081 3312 3364 3374 3417 3546 3688 3701 3760 3878 3914 3946 4167 4355 4391 4470 4563 4600 4636 5239 5244 5551 5577 5645 5732 5827 5893 5912 5966 6056 6093 6112 6429 6444 6531 6541 6921 6929 6962 6965 7027 7049 7335 7364 7462 7552 7613 7627 7663 7684 7835 7841 7909 7993 8133 8173 8299 8389 8406 8415 8591 8913 9203 9325 9387 9963 10122 10159 10326 10361 10502 10534 10619 10768 10848 11149 11270 11292 11444 11470 11600 11650 11760 11776 11926 11969 12115 12213 12278 12332 12550 12587 12621 12676 12761 12818 12873 13481 13512 13543 13801 13850 14054 14318 14449 14507 14660 14673 14678 14680 14760 14768 14953 15075 15081 15329 15377 15412 15418 15443 15473 15540 15615 15639 15653 15658 15674 15892 15989 16226 16489 16539 16604 16644 16721 16797 16815 16916 16922 17060 17149 17177 17214 17342 17404 17426 17568 17836 17855 17994 18178 18204 18556 18614 18728 18928 19082 19130 19145 19198 19240 19383 19435 19508 19758 19775 19866
207 2 6 58 163 419 433 518 601 660 775 808 1120 1137 1166 1167 1244 1247 1256 1324 1851 1908 1934 2064 2094 2210 2316 2379 2382 2527 2675 2710 2793 2810 2870 2972 3034 3193 3229 3402 3410 3483 3506 3727 3740 4144 4233 4453 4528 4861 4878 5136 5164 5357 5360 5435 5487 5508 5518 5624 6013 6019 6479 6706 6907 6912 6914 6924 7053 7091 7181 7199 7282 7392 7434 7554 7836 7842 8015 8082 8173 8218 8310 8406 8627 8779 8909 8910 8985 9029 9046 9102 9143 9317 9344 9384 9445 9451 9492 9763 9934 10092 10203 10228 10516 10662 10791 10874 11077 11145 11262 11267 11412 11609 11762 11840 11923 11942 11950 11977 12041 12113 12168 12502 12521 12609 12693 12733 12743 12756 12888 13059 13149 13194 13220 13299 13361 13453 13475 13674 13695 13728 13774 13833 13858 13938 14085 14280 14296 14485 14620 14681 14816 14924 14967 15051 15074 15160 15418 15612 15681 15704 15751 15804 15975 16302 16407 16578 16723 16789 16989 17144 17185 17215 17284 17303 17683 17707 17725 17855 17945 17954 18046 18331 18392 18428 18470 18520 18555 18609 18678 18806 18893 19090 19137 19260 19266 19297 19324 19329 19439 19482 19543 19546 19548 19684 19792 19976
200 42 70 75 83 93 98 124 145 415 484 739 759 788 810 828 833 881 895 982 986 1410 1475 1490 1545 1681 1802 1961 2200 2365 2370 2434 2459 2588 2595 2727 2787 2832 3164 3217 3333 3514 3570 3584 3902 4005 4083 4180 4248 4327 4482 4563 4604 4650 4679 4727 4897 4990 5005 5046 5126 5280 5686 5780 5822 5823 5840 6062 6241 6371 6474 6553 6635 6681 6699 6745 6764 6909 7114 7293 7312 7391 7457 7807 7929 8033 8285 8815 8885 8973 9365 9542 9544 9560 9616 9777 9816 9890 9907 10195 10578 10636 10760 10774 10830 10883 10900 10919 10985 11024 11103 11122 11162 11289 11334 11399 11480 11482 11500 11521 11733 11798 11918 11927 12719 12721 12729 12989 13076 13142 13161 13162 13253 13268 13771 13839 13953 14045 14147 14263 14293 14340 14354 14416 14590 14735 14824 14937 15012 15057 15157 15452 15491 15498 15549 15570 15680 15754 15936 15945 16154 16239 16396 16598 16626 16635 16641 16753 16769 17097 17187 17355 17389 17418 17549 17631 17640 17710 17862 17969 18045 18297 18308 18314 18351 18373 18399 18471 18633 18960 18991 19094 19109 19114 19215 19216 19328 19810 19934 19935 19940
216 66 199 204 313 518 633 702 760 971 1018 1230 1311 1334 1437 1539 1572 1755 1781 1798 1840 1925 2021 2064 2146 2203 2254 2292 2309 2505 2577 2632 2828 2868 2919 2952 3007 3047 3237 3307 3326 3384 3419 3421 3486 3502 3599 3731 3912 3919 3954 4015 4147 4576 4588 4604 4625 4853 4987 5048 5140 5258 5280 5369 5446 5466 5492 5678 5838 5907 5997 6042 6215 6247 6294 6340 6444 6521 6642 6704 6752 6782 6867 6908 6921 6936 7333 7379 7430 7594 7777 7877 7895 7940 7963 8095 8275 8446 8454 8470 8597 8667 8830 8865 9104 9175 9333 9350 9573 9686 9704 9714 9925 10114 10130 10325 10506 10569 10607 10677 10761 10863 10913 11049 11154 11160 11630 11723 11733 11807 11854 12032 12123 12153 12171 12205 12252 12350 12474 12537 12577 12601 12645 12676 12757 12793 12861 13018 13023 13177 13220 13247 13409 13674 13686 13818 14055 14148 14289 14313 14410 14483 14680 14801 14968 15074 15151 15317 15346 15372 15408 15451 15808 15826 15980 16017 16032 16187 16193 16253 16279 16280 16293 16397 16474 16532 16541 16641 16728 17013 17063 17125 17130 17388 17504 17573 17618 17711 17736 17748 17796 17947 18210 18212 18252 18342 18737 18782 18943 19081 19142 19383 19446 19474 19608 19688 19807
208 228 234 366 396 473 533 592 593 647 812 1159 1251 1254 1443 1570 1689 1710 1713 1779 1802 1844 1888 1932 1949 1975 2147 2189 2326 2530 2697 2709 2746 2762 2763 2817 2856 2895 2940 3210 3230 3460 3473 3484 3490 3534 3541 3605 3626 3694 3845 3854 3885 3888 3970 4017 4086 4135 4254 4258 4431 4442 4616 4622 4832 4846 4948 4978 5025 5178 5591 5618 5948 5984 6047 6145 6153 6176 6288 6366 6385 6430 6502 6552 6653 6778 6852 6915 6936 7010 7330 7525 8063 8065 8375 8415 8848 8974 9013 9118 9120 9237 9238 9461 9499 9594 9630 9671 9827 10738 10784 10801 11019 11049 11178 11329 11331 11401 11684 11704 11752 11810 11835 11864 11928 12079 12236 12251 12345 12393 12483 12646 12673 12734 12791 12792 12865 13139 13247 13296 13375 13475 13557 13698 13871 13978 13985 14046 14261 14491 14558 14605 14683 14767 14770 14777 14880 14911 15294 15421 15493 15620 15736 15756 15881 15899 15905 15970 15985 16102 16111 16179 16311 16312 16418 16534 16594 16857 16944 17075 17104 17217 17319 17472 17565 17628 17743 17817 17875 17916 17949 18184 18250 18320 18375 18378 18753 19153 19345 19347 19398 19405 19463 19482 19617 19653 19674 19775 19788
207 2 375 440 478 653 660 712 737 753 1056 1184 1234 1525 1646 1869 1940 2010 2228 2371 2578 2634 2638 2679 2749 2921 2948 2995 3017 3140 3156 3164 3556 3604 3617 3755 3781 3879 3958 3984 4142 4184 4197 4200 4280 4291 4406 4673 4731 4757 4886 4916 4942 4976 5019 5085 5169 5209 5513 5611 5692 5817 5852 6204 6362 6381 6447 6455 6506 6660 6865 6898 6906 7237 7563 7873 7939 8013 8106 8233 8335 8392 8408 8417 8491 8687 8765 8775 8801 8877 8880 9110 9283 9316 9362 9532 9605 9733 9746 9816 9910 10056 10124 10131 10155 10243 10530 10563 10577 10699 11017 11099 11245 11289 11324 11337 11405 11882 12041 12062 12094 12101 12279 12336 12396 12440 12493 12514 12527 12537 12565 12594 12760 12769 12846 12984 13108 13188 13207 13304 13362 13536 13615 13805 13844 13882 13955 13967 14410 14475 14515 14738 14769 14781 14839 14875 14961 14967 15009 15020 15061 15078 15278 15346 15629 15830 15878 15910 16122 16201 16245 16264 16519 16571 16593 16756 16883 16884 17130 17421 17698 17769 17850 17871 17923 17971 17984 18345 18360 18366 18368 18576 18579 18724 18769 18857 18909 18987 19027 19191 19200 19331 19487 19553 19631 19651 19743 19862
194 70 191 200 249 369 516 594 642 825 987 994 1053 1067 1217 1332 1336 1590 1634 1924 1956 2047 2346 2350 2479 2524 2674 2849 2967 3191 3216 3228 3238 3244 3520 3532 3563 3708 3721 4070 4102 4147 4151 4163 4266 4273 4276 4303 4346 4408 4513 4677 4773 4835 4857 4868 4942 5011 5160 5191 5286 5342 5518 5810 5911 6033 6080 6095 6151 6279 6361 6425 6449 6553 6646 6752 6821 6846 6902 6995 7006 7009 7142 7221 7441 7781 7959 7990 8023 8083 8101 8111 8210 8218 8294 8380 8451 8609 8750 8797 8894 9110 9247 9268 9350 9477 9790 9889 9949 9962 10030 10471 10497 10548 10849 10930 11082 11150 11180 11392 11460 11485 11541 11554 11650 11654 11674 11677 11678 11727 11838 12085 12437 12579 12654 13017 13026 13065 13067 13074 13223 13318 13348 13605 13663 13762 14041 14045 14118 14435 14440 14508 14695 14716 14760 14800 14813 14868 15057 15081 15176 15337 15380 15570 15615 15647 16007 16104 16416 16487 16678 16928 17309 17341 17401 17666 17834 17865 17943 17998 18169 18211 18376 18463 18676 18859 18882 18967 19219 19320 19464 19469 19726 19817 19982
210 11 40 90 207 273 303 589 676 699 913 915 947 962 1074 1111 1121 1210 1274 1380 1471 1494 1580 1836 1901 2236 2408 2521 2616 2637 2727 2745 2921 3181 3182 3330 3382 3518 3547 3637 3736 3807 3939 4130 4277 4415 4425 4450 4512 4557 4577 4670 4803 5002 5035 5199 5282 5402 5403 5578 5827 5864 5867 5949 5979 6148 6237 6273 6311 6338 6521 6541 6887 6946 6951 7014 7252 7326 7352 7373 7395 7413 7534 7715 7923 7956 8126 8266 8303 8419 8468 8647 8747 8792 8793 8850 9127 9192 9237 9319 9362 9365 9369 9379 9439 9493 9681 9820 9938 10115 10280 10292 10356 10475 10668 10700 10718 10719 10808 10828 10895 10896 10911 11002 11124 11183 11429 11486 11553 11664 11702 12034 12303 12319 12467 12553 12652 12804 12873 12926 12986 13134 13194 13242 13346 13365 13384 13534 13668 13735 13844 13880 13893 13954 14118 14168 14239 14321 14349 14374 14574 14612 14830 14889 14900 15186 15284 15440 15444 15466 15557 15754 15982 16071 16113 16349 16592 16905 16942 17023 17033 17041 17065 17075 17277 17350 17383 17392 17406 17598 17771 17861 17895 17937 17985 17986 18029 18215 18307 18333 18617 18653 18723 18793 19198 19335 19375 19582 19613 19658 19771
219 35 258 373 512 524 846 910 1133 1163 1167 1812 1898 1984 1987 2068 2220 2328 2429 2474 2478 2481 2527 2555 2615 2681 2878 3054 3114 3134 3329 3352 3397 3409 3443 3495 3670 3684 3810 4003 4097 4167 4228 4282 4494 4600 4653 4717 4827 4870 4990 5030 5153 5188 5278 5381 5392 5441 5478 5504 5607 5692 5753 5759 5778 5780 5783 5848 5944 6084 6154 6360 6401 6419 6423 6459 6540 6560 6749 6836 6903 7040 7239 7392 7546 7585 7821 7912 8008 8211 8369 8529 8659 8734 8891 8931 8938 8961 9177 9227 9278 9392 9497 9572 9681 9696 9813 10024 10079 10107 10217 10401 10431 10499 10516 10529 10549 10736 10871 10931 11147 11195 11206 11273 11390 11457 11492 11507 11519 11601 11633 11824 11917 12052 12310 12474 12830 12840 12858 12935 13002 13053 13124 13148 13224 13286 13345 13359 13469 13514 13625 13703 13706 13854 13953 14007 14017 14023 14029 14054 14099 14145 14197 14251 14293 14321 14401 14492 14708 14722 14862 14886 14940 15113 15157 15203 15519 15594 15623 15654 15684 15817 15864 15879 15957 15971 16115 16118 16153 16200 16279 16318 16406 16813 17177 17310 17361 17661 17670 17708 17717 17830 17988 17996 18558 18601 18659 18805 18830 18979 18984 19199 19512 19596 19640 19735 19736 19744 19755 19952
197 23 51 262 453 465 605 1132 1286 1327 1380 1407 1490 1511 1522 1645 1650 1686 1823 1871 1954 1960 2094 2260 2342 2454 2532 2621 2661 2713 2728 2747 2945 3042 3236 3383 3442 3607 3638 3670 3723 3877 3902 3918 4256 4410 4530 4556 4609 4708 4718 4721 4785 4814 4991 5012 5073 5300 5374 5583 5627 5654 5853 5887 6015 6195 6267 6533 6675 6694 6994 7039 7337 7448 7772 7777 7890 7903 7946 8110 8150 8181 8242 8259 8312 8318 8325 8363 8562 8956 9041 9105 9266 9345 9418 9598 9638 9648 9767 9848 9978 10062 10321 10328 10449 10450 10491 10676 10906 10925 10935 10999 11089 11224 11262 11338 11350 11354 11355 11449 11564 11565 11713 11787 11823 12416 12491 12652 13033 13242 13254 13291 13301 13456 13585 13620 13665 13973 14055 14174 14649 14671 14699 14750 14769 14787 14811 15000 15054 15058 15156 15480 15639 15681 15728 15920 16052 16061 16076 16179 16272 16303 16351 16358 16576 16583 16588 16606 16707 16931 16977 17153 17386 17482 17486 17532 17569 17778 17977 18019 18150 18196 18208 18226 18265 18373 18375 18379 18411 18544 18583 18754 18894 19005 19104 19181 19574 19885
186 155 780 1121 1128 1133 1490 1585 1611 1616 1826 1914 1983 1991 2168 2235 2412 2491 2493 2534 2831 2856 2891 3086 3336 3432 3587 3632 3647 3967 4044 4059 4099 4154 4161 4198 4483 4525 4731 4737 4797 4803 4863 4962 5332 5468 5490 5593 5757 5806 5893 5943 6029 6110 6180 6218 6443 6588 6709 6710 6716 6766 6772 6844 6974 7027 7126 7445 7563 7584 7654 7656 7946 7962 8411 8426 8494 8807 8849 8898 8997 9071 9095 9149 9150 9167 9194 9257 9348 9466 9693 9726 9869 9972 10088 10106 10300 10580 10681 10682 10707 10717 10946 11129 11556 11566 11702 11911 11923 12007 12059 12096 12173 12190 12199 12467 12497 12529 12551 12561 12562 12576 12724 12728 12867 13018 13254 13266 13318 13380 13534 13542 13599 13678 13692 13940 14064 14237 14238 14429 14524 15029 15111 15353 15552 15733 15746 15868 15948 16344 16360 16592 16608 16880 16936 16948 17092 17098 17140 17176 17192 17225 17441 17786 17799 17806 17839 17963 18120 18279 18280 18324 18420 18422 18636 18880 19070 19088 19132 19205 19231 19275 19320 19362 19384 19515 19734
192 75 310 335 506 592 603 643 677 699 803 970 1189 1266 1390 1504 1694 1749 1861 1993 2219 2247 2314 2453 2553 2567 2652 2810 2834 2972 3059 3466 3487 3564 3638 3669 3685 3694 3781 4419 4441 4455 4489 4503 4559 4613 4693 4701 4737 4896 4933 5156 5183 5246 5279 5471 5680 5704 5775 5934 5953 6115 6191 6275 6295 6411 6413 6565 6643 6649 6704 6766 6961 7357 7576 7659 7771 7801 8036 8112 8512 8675 8687 8904 9015 9719 9856 10097 10291 10414 10436 10515 10626 10802 10812 10896 10906 11010 11011 11018 11071 11096 11139 11148 11219 11241 11407 11436 11448 11541 11679 11759 11850 11854 11961 12265 12553 12590 12603 12670 12677 12680 12747 12868 12917 13155 13187 13263 13402 13606 13863 13877 13944 14236 14293 14482 14523 14763 14822 14883 14940 15206 15223 15253 15283 15337 15495 15529 15670 15703 15784 15961 15980 16085 16195 16225 16338 16360 16436 16454 16559 16759 16860 16869 17253 17257 17318 17479 17583 17674 17719 17785 17822 17960 18026 18042 18112 18132 18147 18200 18239 18482 18536 18560 19094 19096 19154 19395 19583 19638 19691 19734 19992
197 62 350 378 479 599 983 1049 1214 1215 1394 1455 1589 1612 1713 1764 1993 2154 2157 2377 2452 2482 2546 2678 2734 2939 3045 3255 3273 3340 3825 3846 3852 3948 3980 3995 4034 4050 4102 4108 4117 4351 4505 4587 4826 4921 4943 5021 5174 5238 5306 5398 5534 5652 5694 5791 5913 5948 6051 6073 6085 6302 6375 6492 6541 6646 6741 6752 6794 6813 6943 6963 6989 6991 7144 7379 7394 7426 7548 7580 7661 7876 7922 7947 7987 8294 8333 8360 8419 8488 8659 8927 8932 9014 9034 9042 9100 9260 9385 9727 9858 9859 9860 9879 9984 10013 10017 10161 10456 10707 10754 10877 10937 11032 11294 11578 11715 11906 11982 11990 12073 12083 12144 12381 12455 12646 12900 12941 13043 13246 13372 13732 13763 13777 13803 13888 13895 14238 14264 14399 14560 14727 14839 14875 14980 15307 15311 15382 15409 15438 15441 15472 15652 15884 15919 15981 16222 16240 16259 16323 16326 16381 16406 16760 16773 16836 16851 16858 16929 17064 17074 17291 17363 17518 17627 17778 17905 17911 18165 18225 18316 18351 18424 18554 18683 18889 19005 19020 19070 19199 19387 19410 19414 19626 19637 19710 19731 19815
179 55 66 314 426 570 613 797 1276 1367 1411 1486 1717 1787 1844 1981 2116 2157 2189 2314 2403 2445 2507 2518 2539 2769 2889 2896 3111 3200 3258 3489 3492 3496 3512 3538 3607 3611 3689 3877 4075 4130 4242 4333 4356 4506 4529 4664 4675 4763 5078 5099 5178 5256 5371 5417 5473 5483 5575 6053 6227 6266 6295 6338 6404 6484 6545 6620 6688 6728 6836 7361 7466 7566 7701 7751 7761 7792 7895 7907 7925 8328 8336 8603 8627 8641 8823 8853 8978 9009 9086 9093 9322 9367 9405 9410 9545 9810 10027 10189 10327 10489 10499 10572 10769 10962 11251 11318 11435 11544 11781 11875 12016 12138 12145 12195 12403 12834 13034 13265 13630 13908 13920 14025 14057 14059 14116 14158 14279 14531 14651 14701 14897 15087 15140 15278 15310 15361 15415 15607 15714 15908 15937 16299 16594 16631 16706 16738 16823 16988 17169 17233 17252 17296 17336 17337 17406 17453 17531 17555 17727 17787 17952 18306 18386 18507 18531 18589 18741 18815 18855 19032 19034 19067 19123 19235 19303 19362 19600 19665
204 12 87 143 326 340 630 661 727 867 876 877 1044 1138 1275 1320 1390 1396 1418 1460 1507 2065 2216 2397 2445 2449 2465 2480 2524 2654 2861 2978 3056 3099 3136 3189 3424 3436 3586 3599 3771 3908 3925 4134 4160 4175 4236 4253 4428 4437 4441 4605 4673 4754 4755 4821 4841 4868 4890 5102 5314 5510 5705 5784 5835 5930 6007 6096 6191 6330 6619 6672 6681 6752 6762 6785 7222 7361 7408 7427 7508 7631 7677 7971 8076 8079 8125 8162 8315 8345 8392 8407 8409 8602 8617 8937 8956 8979 9301 9391 9436 9705 9731 9766 9796 9816 9833 9907 10016 10104 10162 10380 10397 10422 10463 10649 10921 10954 10956 10982 11023 11091 11161 11265 11425 11611 11658 11760 11851 12007 12107 12143 12259 12321 12589 12996 13358 13501 13550 13627 13638 13795 13812 13908 14055 14533 14559 14571 14585 14624 14937 15201 15234 15362 15569 15720 15750 15818 15976 16011 16032 16124 16129 16177 16210 16292 16352 16365 16387 16510 16519 16660 16738 16769 16788 16843 16942 17135 17157 17160 17294 17367 17506 17686 17883 18109 18111 18120 18440 18458 18578 18612 18633 18668 19007 19009 19212 19309 19368 19400 19723 19724 19801 19813 19869
223 101 288 304 549 564 644 682 883 901 913 1154 1171 1177 1195 1230 1410 1507 1541 1599 1605 1719 1796 2066 2095 2162 2266 2342 2346 2418 2522 2624 2821 2914 2940 3194 3603 3665 3701 3778 3891 3931 3958 4026 4032 4169 4362 4619 4835 4940 4972 5028 5066 5089 5340 5385 5398 5414 5492 5520 5592 5642 5718 6020 6162 6284 6362 6415 6495 6551 6624 6661 6811 6847 6905 6989 7084 7126 7197 7203 7524 7919 7937 8010 8047 8085 8086 8116 8178 8227 8258 8293 8306 8319 8322 8330 8414 8476 8483 8705 8709 8744 8863 8881 8944 9011 9054 9068 9076 9083 9127 9256 9273 9429 9727 9742 9807 9839 10193 10214 10238 10406 10536 10600 10678 10760 11058 11178 11289 11306 11363 11373 11428 11606 11651 11951 11957 12014 12147 12148 12370 12375 12445 12493 12886 13084 13201 13229 13379 13383 13431 13516 13521 13628 13674 13733 13738 13808 14061 14306 14371 14418 14431 14483 14500 14510 14662 14755 14760 14810 15099 15202 15254 15509 15569 15574 15601 15710 15712 15877 15900 16143 16536 16544 16814 16835 16850 16951 16959 17007 17081 17122 17311 17396 17466 17497 17724 17747 17786 17788 18104 18229 18238 18311 18410 18463 18516 18664 18820 19069 19110 19231 19250 19266 19379 19396 19408 19511 19604 19675 19796 19847 19855 19881
217 119 124 174 251 353 573 644 645 894 901 956 1026 1056 1105 1238 1293 1378 1539 1597 1729 1891 2028 2209 2390 2471 2487 2515 2625 2752 2833 2845 2860 2998 3132 3167 3240 3290 3299 3412 3461 3523 3709 3761 4048 4156 4372 4581 4592 4675 4839 4854 4971 5019 5137 5189 5321 5406 5487 5568 5960 5991 5993 6047 6152 6311 6427 6583 6633 6863 6910 7016 7067 7213 7367 7386 7551 7642 7674 7789 7832 7874 8034 8102 8106 8184 8201 8343 8411 8484 8578 8626 8705 8987 9068 9091 9236 9328 9352 9401 9607 9688 9711 9991 10193 10360 10372 10483 10528 10564 10609 10678 10742 10834 10858 11181 11194 11204 11319 11387 11511 11518 11615 11692 11773 11775 11816 11826 11952 11994 12199 12207 12285 12287 12307 12384 12542 12683 12762 12777 12920 12997 13080 13090 13378 13401 13497 13512 13578 13716 13772 14041 14080 14199 14414 14598 14615 14778 14812 14972 14989 15056 15088 15090 15132 15235 15429 15546 15692 15833 15890 15998 16089 16258 16479 16518 16659 16669 16782 16870 16886 16893 16951 17047 17217 17424 17441 17456 17462 17493 17509 17885 17955 18003 18139 18149 18185 18284 18556 18616 18622 18687 18700 18717 19012 19073 19112 19251 19393 19409 19421 19533 19692 19693 19787 19888 19968 20000
206 70 99 113 220 360 388 401 677 728 782 787 1068 1098 1207 1214 1431 1457 1474 1607 1741 1759 1873 1878 1955 2007 2070 2097 2159 2260 2342 2495 2544 3033 3051 3284 3301 3465 3478 3480 3716 3761 3932 4002 4079 4082 4135 4224 4232 4260 4299 4393 4609 4628 4777 4980 5051 5073 5282 5316 5484 5758 5774 5781 6073 6079 6121 6248 6301 6576 6578 6611 6757 6832 6949 7022 7052 7101 7208 7243 7363 7395 7471 7525 7577 7602 7992 8014 8079 8165 8242 8291 8340 8396 8525 8549 8644 8799 8844 8937 9008 9255 9508 9520 9811 9831 9842 10045 10210 10285 10300 10320 10548 10711 10832 10909 11158 11176 11213 11417 11436 11486 11608 11634 11758 11816 11882 11944 11962 12334 12368 12417 12538 12545 12588 12773 12960 13077 13078 13148 13182 13355 13365 13386 13469 13614 13628 13747 13813 14036 14039 14085 14259 14445 14464 14632 14733 14739 14745 14846 14888 15041 15138 15324 15356 15508 15509 15669 15832 15839 15988 16070 16097 16215 16425 16598 16786 16795 16983 17193 17271 17661 17675 17815 17923 17981 18036 18055 18206 18369 18371 18441 18501 18545 18644 18701 18709 18720 18772 18998 19026 19158 19191 19298 19311 19360 19435
203 434 443 504 553 617 644 718 877 1058 1066 1073 1095 1192 1257 1344 1366 1453 1685 1806 2287 2319 2365 2598 2620 2717 2819 2882 2939 3005 3022 3105 3209 3279 3408 3410 3493 3621 3627 3638 3790 3937 4048 4142 4173 4175 4253 4271 4514 4541 4811 5015 5036 5050 5077 5097 5206 5235 5479 5599 5602 5902 5927 5964 6007 6088 6386 6475 6560 6661 6769 6861 6884 6888 6950 7041 7113 7201 7264 7311 7361 7440 7554 7634 7686 7781 7910 7967 7982 7994 8005 8029 8149 8242 8295 8309 8477 8662 8675 8952 8990 9117 9168 9301 9429 9500 9566 9756 10017 10053 10167 10304 10459 10522 10689 10770 10863 10930 10989 11142 11171 11173 11334 11448 11476 11691 11744 11865 11984 12510 12731 12738 12775 13085 13106 13108 13130 13220 13393 13465 13822 13847 13857 13893 13973 14452 14544 14547 14753 14855 15055 15187 15191 15755 15974 16032 16140 16267 16284 16393 16443 16450 16492 16498 16533 16545 16572 16612 16706 16904 17223 17237 17274 17304 17384 17518 17525 17630 17633 17667 17676 18146 18179 18215 18297 18328 18477 19027 19035 19233 19253 19350 19418 19442 19466 19537 19672 19710 19766 19815 19887 19982 19986 19997
189 201 268 370 407 521 559 588 787 871 909 1076 1274 1284 1316 1416 1459 1781 1958 2026 2027 2177 2322 2378 2672 2871 2885 2896 2956 3107 3186 3231 3482 3690 3793 3826 3877 3885 4069 4264 4351 4425 4452 4532 4723 4773 4942 5023 5028 5099 5155 5408 5445 5550 5653 5713 5765 6051 6070 6239 6295 6348 6476 6574 6676 6740 6932 7027 7067 7194 7202 7303 7536 7666 7795 8002 8066 8116 8122 8164 8165 8174 8338 8589 8634 8657 8666 8840 8898 9059 9108 9314 9461 9585 9615 9650 9658 9803 9810 9835 9851 9960 10028 10100 10152 10287 10391 10420 10482 10552 10628 10687 10750 10973 10993 11045 11116 11282 11292 11304 11374 11385 11395 11472 11901 11930 11988 12129 12174 12301 12375 12547 12708 12709 12815 13070 13318 13355 13558 13636 13650 13697 13873 14022 14031 14037 14047 14239 14371 14381 14412 14424 14634 14931 15110 15226 15477 15690 15773 15916 15999 16053 16128 16144 16273 16363 16526 16665 17113 17130 17154 17239 17252 17352 17398 18121 18281 18371 18389 18392 18493 19054 19093 19125 19189 19201 19302 19681 19761 19878
217 315 393 423 436 534 590 655 786 855 1045 1126 1182 1212 1233 1321 1480 1568 1575 1745 1800 1804 1805 2221 2288 2299 2380 2404 2433 2440 2574 2602 2680 2690 2849 2881 2928 3002 3035 3074 3273 3319 3354 3411 3473 3658 3753 3766 3768 3825 3832 4006 4191 4684 4725 4781 4897 4962 5105 5197 5357 5934 5966 5996 6278 6302 6371 6375 6731 6740 6894 6943 7206 7235 7265 7399 7668 7688 7833 7872 8047 8084 8095 8127 8306 8362 8481 8487 8498 8616 8664 8818 9008 9280 9289 9544 9722 9744 9967 10061 10175 10222 10279 10457 10534 10621 10742 10824 10968 10998 11061 11084 11097 11105 11111 11201 11260 11306 11316 11406 11437 11504 11623 11696 11782 11987 12016 12159 12199 12219 12386 12435 12703 12873 12989 13081 13102 13119 13324 13378 13503 13505 13772 13797 13851 13906 14185 14325 14459 14513 14591 14757 14785 14786 14884 15002 15037 15055 15076 15080 15207 15333 15388 15404 15521 15598 15626 15680 15726 15873 16061 16132 16154 16317 16368 16425 16495 16838 16998 17013 17029 17052 17159 17170 17189 17222 17449 17480 17584 17665 17822 18003 18166 18185 18197 18259 18380 18516 18534 18566 18682 18766 18790 18801 18954 19026 19084 19108 19127 19217 19368 19461 19479 19482 19513 19685 19915 19988
221 124 278 410 413 494 577 675 677 744 745 770 846 848 1007 1033 1179 1348 1394 1510 1576 1589 1707 1812 1841 1862 1872 2079 2169 2191 2274 2294 2312 2420 2483 2506 2552 2709 2796 2881 3061 3118 3267 3287 3322 3414 3559 3632 3868 3950 3988 4085 4226 4246 4272 4515 4657 4681 4841 4987 5071 5185 5218 5314 5615 5769 5778 5867 6199 6213 6332 6401 6594 6671 6760 6842 6880 6891 6898 7004 7040 7066 7082 7104 7132 7148 7265 7286 7534 7545 7731 7807 7852 7932 7967 8008 8056 8331 8354 8363 8566 8761 8863 8948 9143 9413 9561 9598 9726 10157 10252 10257 10356 10440 10442 10529 10549 10582 10769 10862 10936 11010 11046 11088 11429 11499 11501 11857 11990 12299 12379 12437 12453 12459 12479 12509 12531 12725 12759 13149 13177 13287 13373 13554 13756 13921 13970 14019 14040 14152 14173 14232 14285 14357 14393 14680 14755 14810 14843 14944 14979 14980 15032 15088 15139 15277 15330 15532 15569 15735 15861 15884 15888 16118 16251 16312 16343 16369 16385 16459 16599 16696 16850 16929 16951 16960 17085 17243 17282 17304 17642 17760 17903 17906 18018 18033 18109 18142 18224 18383 18633 18695 18718 18727 18755 18841 19009 19062 19088 19138 19285 19565 19607 19610 19717 19806 19823 19835 19847 19850 19857 19935
203 24 65 189 300 313 333 481 494 505 687 929 1076 1123 1176 1464 1942 1968 2027 2208 2211 2254 2431 2492 2520 2615 2761 2766 2805 2956 3123 3136 3183 3200 3275 3287 3368 3490 3560 3645 3744 3885 3888 3960 4064 4343 4457 4603 4678 4715 4780 4873 4900 5217 5321 5542 5769 6153 6169 6275 6295 6509 6539 6541 6563 6623 6707 6767 6853 6864 6961 7188 7201 7456 7625 7631 7662 7783 7790 7937 7943 8160 8285 8506 8629 8752 8782 8873 9064 9101 9338 9451 9457 9556 9787 10069 10104 10191 10270 10272 10459 10579 10643 10709 10833 10891 10904 10973 11016 11040 11100 11119 11206 11301 11366 11395 11446 11516 11521 11533 11619 11674 11795 11905 11923 11942 12000 12124 12141 12251 12386 12484 12514 12603 12688 13009 13085 13116 13118 13246 13447 13564 13724 13738 13855 13934 13990 14344 14365 14400 14459 14503 14510 15277 15331 15477 15523 15602 15646 15750 15817 15859 15875 16041 16425 16490 16686 16858 16889 16917 16994 17039 17246 17426 17456 17596 17675 17696 17774 17801 17838 17843 18085 18243 18244 18285 18344 18365 18405 18416 18438 18499 18594 18666 18759 18987 19274 19304 19459 19559 19620 19918 19924 19989
180 134 446 517 709 746 805 869 999 1159 1251 1483 1501 1578 1585 1660 1784 1827 2077 2309 2521 3058 3129 3453 3570 3589 3593 4097 4107 4138 4430 4489 4691 4699 4816 4880 4974 5121 5380 5486 5526 5640 5673 5708 5735 5764 5768 5838 6189 6646 6728 6961 7566 7590 7892 7969 8001 8107 8276 8310 8357 8382 8431 8786 8842 8963 8978 9110 9357 9663 9670 9715 9771 9883 9986 10135 10768 10818 10824 11042 11052 11071 11207 11487 11537 11768 11781 11798 11836 11886 11946 12333 12404 12501 12526 12839 12999 13021 13061 13185 13244 13334 13386 13443 13505 13508 13673 13682 13799 13803 14064 14136 14230 14244 14273 14304 14335 14412 14509 14534 14667 14713 14836 14910 14941 15006 15056 15155 15176 15182 15364 16008 16028 16031 16111 16123 16166 16238 16378 16394 16535 16612 16867 16901 17149 17199 17279 17297 17395 17407 17462 17576 17724 17850 17989 17993 18031 18162 18237 18319 18656 18667 18770 18777 18924 18969 18970 18994 19076 19101 19317 19418 19466 19585 19668 19722 19748 19789 19893 19900 19950
207 201 252 305 324 546 707 736 949 1035 1214 1556 1720 1738 1878 2036 2038 2057 2186 2290 2400 2484 2685 2777 2795 2871 2989 3081 3232 3490 3515 3555 3605 3925 4084 4093 4129 4148 4308 4392 4434 4573 4729 5009 5183 5212 5249 5320 5356 5459 5494 5553 5670 5709 5895 5976 6006 6010 6048 6128 6268 6353 6375 6423 6621 6622 6642 6833 6973 7186 7219 7291 7397 7470 7635 7672 7762 8001 8015 8029 8344 8347 8434 8437 8494 8501 8837 8904 8968 9137 9218 9267 9418 9646 9647 9744 9771 9880 9916 9931 10045 10077 10087 10123 10221 10453 10457 10491 10548 10577 10832 11008 11138 11312 11348 11363 11370 11486 11668 11791 11850 11960 11968 11969 12101 12103 12336 12382 12518 12527 12616 12639 12810 12859 12922 12928 13009 13154 13208 13245 13298 13346 13347 13351 13412 13822 13830 13954 14032 14334 14525 14607 14788 14897 14939 15035 15043 15061 15062 15136 15308 15452 15855 15879 15921 16031 16069 16118 16176 16234 16257 16437 16444 16494 16506 16582 16599 16601 16681 16886 16950 17211 17263 17307 17500 17627 17645 17697 17797 17828 18020 18321 18511 18592 18911 18951 19011 19091 19114 19274 19317 19440 19504 19508 19655 19834 19880 19978
202 102 248 330 396 455 469 683 808 833 842 974 1126 1159 1236 1363 1436 1467 1502 1542 1607 1919 1926 1944 2046 2251 2304 2423 2584 2656 3158 3181 3369 3619 3624 3725 3756 3763 3925 4068 4147 4158 4941 4958 4992 5062 5206 5367 5428 5595 5653 5728 5853 6029 6233 6238 6352 6489 6539 6779 6829 6881 7005 7141 7163 7268 7312 7346 7413 7441 7569 7991 8039 8648 8674 8690 8699 8744 8964 8972 9007 9070 9123 9320 9513 9552 9588 9597 9621 9654 9788 9888 9963 10378 10401 10425 10592 10636 10793 10843 10871 10945 11147 11544 11581 11619 11888 11955 12028 12176 12294 12301 12303 12370 12377 12498 12533 12686 12744 12745 12916 13198 13235 13244 13299 13416 13427 13621 13646 13744 13754 13921 14044 14070 14169 14269 14342 14443 14476 14477 14482 14507 14866 15168 15598 15829 15852 15884 15975 16067 16075 16236 16315 16368 16378 16411 16487 16530 16580 16645 16672 16692 16767 16845 16886 16973 16998 17002 17073 17143 17191 17212 17230 17279 17415 17700 17849 17880 17939 18046 18071 18110 18252 18258 18562 18592 18711 18733 18857 18871 19005 19152 19214 19357 19412 19445 19532 19536 19587 19606 19610 19838 19876
205 20 55 62 111 258 293 323 351 399 411 492 590 624 672 763 1001 1071 1316 1403 1591 1622 1779 1929 2365 2413 2417 2445 2598 2689 2777 2845 2853 2866 3226 3250 3256 3280 3316 3559 3596 3643 3692 3801 3838 3901 4070 4229 4238 4267 4279 4357 4375 4407 4434 4488 4671 4675 4860 4916 4931 5027 5122 5132 5172 5185 5386 5439 5448 5509 5741 5761 5825 5947 6026 6046 6068 6163 6186 6439 6475 6618 6659 6668 6742 6870 6991 7124 7200 7226 7282 7297 7351 7362 7669 7788 8038 8158 8400 8725 8883 8887 8938 9002 9118 9137 9149 9425 9631 9739 9881 10127 10355 10418 10517 10837 10842 11038 11044 11749 11929 12120 12191 12240 12300 12303 12387 12487 12616 12822 12841 12957 12979 13009 13013 13038 13130 13167 13238 13420 13433 13464 13517 13644 13790 13942 14033 14100 14255 14325 14620 14718 14824 14967 15076 15252 15424 15431 15560 15722 15819 15904 15947 16089 16115 16159 16197 16389 16517 16799 16803 16836 16966 17217 17361 17436 17527 17698 17702 17726 17817 18139 18262 18264 18353 18517 18651 18659 18774 18802 18868 18886 18979 19057 19151 19169 19256 19274 19314 19352 19362 19452 19522 19650 19682 19978
197 32 106 176 221 289 330 410 418 587 678 746 771 875 888 901 978 1064 1125 1154 1279 1309 1341 1350 1362 1406 1428 1500 1602 1707 1768 1805 2054 2099 2114 2123 2153 2411 2488 2497 2846 2942 3043 3085 3106 3261 3328 3470 3493 3584 3604 3626 3648 3678 3692 3784 3808 3993 4044 4080 4136 4165 4196 4238 4275 4292 4307 4331 4448 4585 4627 4672 4713 4835 4853 4867 4914 4965 5061 5446 5634 5669 5866 6319 6352 6424 6576 6648 6741 6832 6919 7002 7279 7462 7680 7742 7828 7953 7982 8130 8143 8145 8497 9005 9428 9564 9644 9739 9847 9879 9950 10188 10326 10434 10506 10580 10704 10794 11097 11286 11468 11542 11595 11668 11938 11991 12005 12085 12105 12509 12719 13142 13151 13211 13245 13443 13664 13704 13716 13769 13856 13881 13926 14008 14469 14504 14514 14657 14767 14815 14934 14986 15417 15473 15493 15601 15607 15675 15693 15718 15848 15866 15938 15957 16014 16077 16604 16621 16660 16678 16827 17060 17102 17246 17293 17311 17421 17511 17624 17663 17737 17750 17862 17893 17926 18256 18343 18385 18593 18928 19128 19196 19308 19401 19418 19423 19446 19557
191 52 232 322 657 733 906 1208 1222 1259 1282 1481 1514 1528 1613 1700 1743 1914 1962 2108 2115 2171 2229 2254 2362 2369 2429 2468 2471 2558 2599 2610 2892 2905 2909 2937 2997 3235 3306 3395 3437 3521 3538 3587 3676 3741 3879 3885 4017 4116 4589 4603 5227 5306 5532 5639 5837 5897 5930 6191 6195 6242 6256 6272 6294 6344 6417 6424 6447 6692 6743 6920 7101 7112 7178 7252 7287 7312 7376 7504 8004 8232 8249 8554 8583 8766 8909 9257 9375 9393 9403 9468 9514 9581 9729 9819 9878 9949 9971 10213 10220 10390 10430 10751 10970 11212 11316 11342 11519 11591 11722 11757 11773 11804 11826 11937 12325 12768 12836 12892 12900 13142 13182 13225 13329 13515 13581 13592 13713 13760 13972 14028 14189 14255 14493 14529 14539 14591 14596 14759 14807 14842 14919 14952 15233 15330 15373 15570 15676 15825 15896 15959 15984 16117 16259 16267 16276 16372 16398 16456 16629 16641 16703 16729 17000 17024 17124 17148 17163 17293 17354 17372 17476 17494 17758 17855 17954 18023 18096 18119 18290 18447 18569 18961 18987 19300 19327 19428 19514 19518 19720 19772
178 6 29 67 342 453 472 1110 1194 1316 1402 1482 1528 1642 1723 1789 1918 2019 2105 2699 2719 3050 3111 3167 3212 3274 3446 3968 4072 4103 4217 4264 4427 4454 4628 4797 4928 5020 5065 5138 5222 5485 5497 5507 5767 5769 5911 5943 6309 6320 6375 6485 6893 6937 7131 7317 7375 7438 7916 7993 8070 8100 8235 8261 8367 8490 8658 8830 8956 9079 9103 9204 9290 9312 9535 9629 9636 9649 9796 9868 9869 9929 10042 10205 10346 10552 10596 10733 10848 10879 11340 11475 11515 11522 11594 11643 11665 12117 12129 12335 12348 12463 12529 12582 12641 12658 12751 12814 12821 13032 13119 13131 13264 13456 13549 13594 13671 13751 14022 14066 14156 14165 14245 14350 14489 14493 14537 14562 14620 14879 14925 14956 14968 14979 15014 15107 15285 15951 16065 16175 16205 16236 16479 16485 16504 16542 16554 16566 16695 16861 17170 17248 17358 17424 17456 17491 17603 17820 17894 18076 18093 18111 18221 18264 18446 18474 18601 18663 18706 18794 18824 18944 19045 19260 19432 19707 19800 19931 19976
216 101 108 144 186 222 306 355 376 424 585 897 1035 1085 1191 1261 1481 1696 1747 1870 1909 2054 2076 2083 2109 2339 2383 2387 2409 2628 2631 2647 2772 2864 3036 3103 3171 3231 3253 3273 3380 3446 3523 3540 3627 3708 3940 4059 4153 4156 4162 4200 4237 4303 4374 4397 4457 4496 4626 4661 4730 4940 5068 5186 5199 5247 5374 5381 5412 5422 5476 5663 5791 5830 5897 5952 5979 6104 6327 6407 6417 6486 6569 6855 6888 6931 7077 7093 7175 7525 7906 7922 7943 8071 8153 8190 8325 8388 8512 8601 8613 8693 8778 8798 8860 9221 9508 9744 9977 10027 10134 10220 10385 10399 10464 10570 10838 10846 11001 11006 11168 11208 11225 11231 11285 11378 11381 11387 11581 11588 11600 11860 11962 11993 12206 12224 12427 12459 12487 12505 12590 12659 12665 12867 12906 13013 13055 13067 13211 13341 13553 13576 13627 13643 13672 13774 13961 14024 14149 14256 14399 14434 14476 14833 14864 14964 14994 15188 15271 15473 15604 15823 15853 16039 16144 16203 16239 16272 16676 16707 16739 16806 16853 16926 16927 16980 17250 17377 17388 17463 17543 17571 17612 17614 17628 17830 17841 17961 17963 17993 18004 18096 18124 18196 18379 18386 18471 18514 18801 18952 18968 18989 19081 19297 19317 19518 19613
204 242 279 317 453 463 506 608 714 780 842 882 980 1102 1131 1269 1534 1553 1724 2047 2370 3272 3308 3503 3531 3784 3826 4060 4152 4195 4261 4330 4467 4653 4792 4826 4828 4953 4978 5311 5362 5374 5416 5417 5487 5517 5863 5920 5928 5932 6013 6028 6123 6206 6533 6538 6743 7005 7062 7124 7276 7357 7476 7773 7904 7968 8110 8150 8189 8322 8408 8482 8810 8840 8857 8912 8920 8996 9057 9172 9179 9270 9306 9309 9407 9421 9604 9757 9894 9913 9936 10104 10131 10155 10198 10328 10421 10464 10529 10547 10555 10786 10847 10913 10983 11124 11244 11531 11689 11727 11932 12058 12294 12373 12672 12796 12815 12828 12882 13001 13043 13109 13167 13217 13224 13259 13407 13423 13447 13466 13497 13598 13613 13681 13710 13910 14022 14154 14422 14566 14706 14732 14819 14892 15207 15347 15775 15833 15925 15941 15956 16154 16211 16411 16497 16535 16538 16662 16666 16759 16796 16813 16940 16976 16993 17179 17249 17275 17297 17307 17483 17533 17572 17633 17693 17737 17947 17981 18029 18396 18404 18425 18477 18481 18520 18550 18590 18625 18673 18783 18908 19042 19148 19238 19258 19370 19466 19497 19504 19523 19558 19600 19688 19748 19766
229 74 125 129 255 320 506 621 707 1058 1102 1180 1313 1347 1348 1360 1730 1732 1982 2099 2237 2269 2297 2361 2362 2437 2505 2584 2618 2670 2702 2722 2810 2888 2992 3047 3297 3309 3424 3432 3475 3626 3636 3653 3731 3971 4022 4118 4281 4351 4355 4417 4461 4574 4605 4748 4768 4773 4879 4941 4990 5083 5155 5528 5533 5654 5670 5802 5964 6388 6427 6574 6820 7069 7073 7330 7372 7447 7501 7520 7525 7712 7830 7833 7841 7862 7917 7927 8138 8172 8294 8500 8789 9029 9072 9077 9118 9242 9288 9326 9330 9408 9417 9424 9464 9586 9613 9751 9827 9874 9917 9938 10061 10111 10299 10677 10771 10786 10924 10936 10953 10962 11069 11081 11143 11184 11195 11252 11487 11534 11835 11868 12052 12087 12091 12148 12495 12531 12584 12639 12750 12847 13041 13197 13315 13375 13431 13540 13582 13653 13745 13818 13852 14099 14181 14248 14297 14376 14584 14800 14923 15000 15267 15351 15409 15459 15548 15771 15833 15935 16095 16100 16106 16142 16324 16360 16401 16534 16569 16607 16666 16675 16712 16758 16915 16940 16951 17003 17140 17178 17200 17237 17269 17395 17415 17611 17696 17707 17780 17878 17892 17948 17972 18158 18172 18363 18518 18530 18577 18596 18710 18735 18822 18921 18967 18998 19011 19047 19062 19112 19230 19303 19459 19464 19468 19567 19653 19928 19966 19974
199 28 176 267 577 611 773 822 906 953 1015 1075 1368 1374 1458 1631 1738 1827 2101 2174 2208 2220 2229 2287 2310 2317 2338 2432 2522 2633 2671 2674 2730 2801 2802 3149 3234 3389 3393 3540 3560 3603 3705 3727 3765 3768 3784 3880 3969 4041 4240 4420 4519 4580 4603 4757 4803 4866 4883 5146 5226 5262 5360 5401 5699 5943 5978 6168 6262 6422 6434 6503 6524 6668 6671 6704 6752 6786 6823 7030 7078 7146 7177 7235 7285 7476 7607 7643 7764 7830 7870 7887 7956 7983 8034 8062 8063 8312 8414 8459 8498 8514 8621 8652 8709 8826 9275 9616 9724 9843 9878 9901 9914 10040 10057 10070 10173 10271 10285 10526 10664 10793 10928 11055 11303 11423 11425 11492 11518 12018 12256 12298 12376 12405 12508 12831 13029 13059 13367 13382 13460 13468 13481 13501 13503 13510 13644 13767 13822 13862 13923 13973 13997 14199 14227 14387 14767 14770 14859 14874 14881 15147 15493 15598 15607 15967 16066 16137 16360 16472 16510 16541 16650 16661 16939 17142 17252 17326 17450 17468 17471 17570 17595 17626 17713 17754 17838 17946 18171 18597 18802 18839 19325 19393 19505 19527 19600 19902 19917 19918
225 86 121 192 239 484 617 815 911 950 1122 1167 1215 1404 1568 1602 1840 1909 2225 2235 2266 2298 2398 2601 2611 2666 2756 2778 2789 2884 2975 3043 3146 3217 3322 3341 3370 3651 3725 3895 3976 4108 4279 4282 4337 4455 4611 4648 4663 4825 4982 5080 5283 5332 5359 5430 5508 5584 5640 5808 5813 5909 6029 6161 6204 6217 6218 6568 6588 6754 6798 6870 6878 7014 7292 7557 7662 7733 7766 7834 7868 7933 7989 8039 8240 8267 8318 8345 8518 8572 8574 8663 8891 8950 9058 9225 9301 9358 9477 9536 9754 9789 9829 9849 10019 10197 10706 10816 10823 10842 10929 10944 11200 11297 11423 11491 11496 11536 11619 11646 11909 11965 12032 12118 12136 12306 12332 12416 12477 12492 12704 12775 12813 12824 13035 13047 13128 13254 13262 13272 13308 13331 13350 13385 13507 13517 13712 13826 13895 13898 13915 14058 14111 14113 14153 14199 14262 14364 14413 14583 14588 14799 14855 14941 15291 15300 15329 15420 15501 15549 15675 15692 15739 15807 15896 16208 16225 16269 16594 16618 16687 16754 16819 16973 17218 17290 17412 17599 17615 17623 17632 17790 17820 17863 17956 18197 18210 18316 18334 18382 18428 18433 18477 18551 18615 18663 18678 18742 18774 18883 18933 18998 19106 19210 19341 19347 19356 19367 19437 19650 19712 19736 19789 19796 19890 19920
207 1 114 145 241 396 715 722 775 818 935 956 963 1069 1175 1190 1292 1300 1347 1419 1457 1564 1567 1595 1625 1748 1967 1991 2043 2104 2211 2269 2384 2542 2616 2826 2947 3088 3101 3187 3320 3332 3342 3736 3761 3901 4017 4033 4038 4078 4089 4154 4163 4210 4363 4393 4441 4456 4821 5191 5194 5195 5408 5424 5452 5540 5633 5679 5779 5859 5911 5993 5996 6040 6077 6152 6186 6283 6322 6458 6561 6618 6661 6751 6963 7028 7304 7536 7544 7552 7563 7621 7745 7876 8189 8311 8374 8385 8482 8728 8763 8828 9169 9270 9276 9479 9540 9574 9702 9738 9897 9898 9944 10163 10388 10411 10567 10572 10606 10674 10712 10746 10850 10963 11006 11021 11158 11438 11513 11758 12145 12398 12496 12704 12786 12866 13137 13342 13359 13464 13475 13479 13520 13547 13671 13691 13775 13795 13986 14000 14018 14044 14099 14171 14299 14342 14564 14609 14670 14746 14761 14794 15018 15033 15418 15543 16019 16095 16381 16467 16633 16637 16923 16931 16932 17114 17147 17164 17172 17207 17332 17431 17459 17601 17724 17788 17790 18017 18060 18244 18332 18362 18592 18859 18878 18896 19027 19191 19261 19308 19330 19491 19632 19746 19790 19802 19817 19858
220 102 273 278 404 413 421 591 621 904 948 1348 1425 1427 1497 1603 1675 1695 2110 2225 2431 2524 2536 2686 2798 2800 2937 2995 3447 3451 3494 3503 3540 3579 3585 3607 3832 3837 3946 3983 4082 4144 4156 4251 4285 4357 4358 4446 4498 4547 4626 4709 4845 4846 4943 4973 5000 5062 5354 5588 5628 5709 5723 5795 6003 6029 6111 6218 6222 6303 6443 6490 6506 6753 6859 6930 7061 7094 7098 7173 7335 7367 7406 7416 7600 7605 7635 7655 7816 7833 7926 7960 8170 8176 8226 8235 8378 8478 8493 8540 8572 8720 8732 8889 8962 9053 9316 9371 9377 9383 9435 9542 9587 9627 9631 9647 9970 10093 10174 10293 10389 10451 10588 10623 10657 10690 10866 10949 10976 11051 11055 11070 11145 11263 11286 11306 11451 11558 11795 11807 11816 11825 11954 12044 12080 12376 12384 12430 12579 12596 12598 12626 12708 12945 12981 12997 13010 13221 13262 13290 13339 14025 14036 14107 14147 14224 14265 14283 14319 14435 14506 14614 14647 14698 15221 15226 15284 15313 15338 15347 15442 15443 15577 15652 15675 15790 16019 16106 16274 16285 16317 16318 16351 16528 16548 16726 17269 17311 17363 17509 17869 17871 17898 18010 18116 18183 18317 18504 18562 18593 18636 18654 18709 18755 18770 18865 18991 18992 19281 19767 19938
217 143 175 278 317 429 645 810 873 1139 1244 1454 1556 1730 2029 2113 2165 2363 2385 2421 2534 2540 2624 2625 2648 2981 3096 3187 3302 3378 3420 3552 3667 3718 3723 3809 3876 3976 4034 4054 4071 4225 4263 4299 4356 4394 4554 4556 4870 4995 5103 5432 5518 5624 5717 5783 5807 5996 6039 6123 6354 6410 6623 6851 6862 6865 6929 6972 7032 7089 7151 7192 7214 7304 7317 7394 7470 7525 7560 7648 7750 7980 8124 8144 8146 8344 8430 8501 8589 8632 8664 8741 8746 9132 9248 9508 9574 9631 9673 9778 9780 9822 10087 10234 10336 10483 10544 10569 10703 10730 10742 10990 11031 11146 11206 11228 11340 11379 11392 11552 11577 11652 11845 11935 11946 12123 12181 12197 12230 12636 12683 12690 12772 12865 13004 13103 13139 13224 13415 13470 13549 13563 13769 13826 13862 14031 14210 14287 14379 14395 14410 14501 14580 14585 14680 14928 14946 14961 15001 15040 15105 15146 15201 15251 15283 15322 15494 15729 15836 15974 16079 16094 16371 16380 16394 16453 16506 16647 16720 16878 16923 16957 16961 17032 17040 17067 17139 17218 17353 17364 17410 17439 17484 17541 17680 17819 17820 17913 17956 17961 17970 18115 18277 18450 18468 18757 18831 18869 18993 19029 19082 19160 19178 19261 19463 19552 19553 19880
227 73 136 226 234 235 382 390 542 794 989 1109 1275 1294 1387 1405 1453 1495 1545 1610 1824 1868 2203 2238 2337 2415 2445 2487 2608 2762 2922 3091 3100 3261 3289 3353 3401 3446 3478 3543 3555 3662 3685 3700 3790 3888 4012 4121 4327 4366 4425 4516 4586 4647 4756 4776 4873 4959 5108 5177 5242 5269 5284 5400 5410 5755 5808 5955 6051 6078 6347 6394 6652 6698 6704 6781 6846 6871 6879 6952 6996 7180 7312 7447 7474 7484 7491 7503 7606 7790 7957 7978 8110 8132 8291 8336 8514 8929 8934 8946 9011 9069 9204 9222 9410 9594 9604 9609 9676 9890 9930 10203 10333 10351 10356 10382 10625 10661 10701 10704 10714 10744 10904 11003 11014 11043 11061 11080 11120 11207 11340 11455 11535 11619 11630 11915 12146 12175 12280 12373 12481 12483 12747 12828 12924 13029 13106 13161 13183 13301 13569 13697 13913 14098 14242 14260 14319 14371 14386 14505 14652 14721 14837 14978 15288 15424 15460 15463 15491 15511 15691 15984 16139 16150 16190 16211 16328 16348 16365 16642 16724 16740 16827 16866 16936 17040 17069 17077 17116 17118 17166 17243 17276 17285 17325 17335 17357 17402 17451 17452 17575 17712 17790 17808 17834 17897 18152 18231 18266 18462 18545 18769 18869 18919 18960 19037 19137 19202 19265 19358 19360 19438 19443 19640 19676 19687 19730 19967
177 36 58 155 163 225 264 442 540 782 908 912 1176 1231 1444 1686 1784 1917 2074 2126 2298 2327 2383 2541 2704 2714 2725 2961 3323 3324 3452 3845 3895 3919 3942 4174 4520 4584 4613 4885 4895 5104 5281 5392 5446 5449 5527 5551 5635 5754 5894 5904 6039 6272 6433 6692 6722 6729 7485 7628 7661 7920 7954 7955 7977 8014 8028 8038 8208 8546 8554 8723 8803 9073 9175 9209 9275 9294 9570 9748 9818 10277 10412 10659 10958 11010 11045 11205 11214 11281 11368 11511 11523 11619 11718 11752 11811 11826 11927 12057 12290 12429 12543 12669 12698 12827 12923 12926 12938 13071 13167 13350 13406 13460 13483 13548 13558 13719 13799 13818 13871 13998 14034 14058 14216 14436 14567 14632 14641 14805 15130 15296 15415 15427 15461 15521 15553 15680 15735 15971 16158 16329 16519 16552 16569 16748 16781 16872 16943 17000 17100 17111 17192 17282 17329 17452 17497 17736 17765 17996 18046 18163 18265 18378 18526 18698 18714 18780 18922 18958 18965 19088 19202 19223 19349 19457 19633 19982
188 191 506 594 714 1018 1098 1106 1163 1170 1181 1184 1294 1356 1416 1448 1562 1575 1703 1732 1915 1945 1997 2020 2245 2300 2321 2404 2407 2510 2595 2708 2803 2874 2984 3154 3206 3376 3386 3392 3720 3954 3963 3990 4011 4130 4234 4509 4570 4647 4676 4763 4780 4862 4875 4927 5004 5071 5285 5393 5573 5589 5603 5842 5931 5959 6240 6354 6729 6818 6937 6991 6992 7062 7203 7360 7368 7383 7606 7782 7811 8074 8205 8233 8322 8416 8567 8760 8971 9096 9308 9379 9450 9541 9832 10195 10369 10450 10518 10553 10893 10924 10977 10986 11061 11329 11493 11653 11681 11923 12036 12156 12428 12755 12863 12952 13002 13133 13222 13251 13613 13749 13782 13917 13956 14015 14049 14299 14372 14387 14396 14418 14444 14449 14707 14745 14920 15052 15233 15245 15401 15439 15592 15691 15724 15805 15868 15972 16083 16089 16100 16307 16364 16553 16585 16629 16752 16800 16862 17134 17178 17240 17252 17273 17382 17439 17723 18008 18297 18322 18410 18503 18513 18517 18607 18685 18749 18758 18795 18978 19109 19189 19296 19573 19718 19788 19815 19863 19986
206 249 279 329 454 559 610 691 747 794 806 897 1045 1048 1050 1105 1207 1215 1249 1323 1346 1347 1595 1848 1898 1964 1980 2058 2153 2469 2494 2663 2731 2733 2807 2831 3078 3193 3232 3556 3575 3580 3768 4075 4489 4490 4515 4599 4764 5038 5149 5378 5407 5439 5446 5477 5544 5655 5657 5698 5834 5844 6076 6172 6293 6332 6364 6436 6514 6540 6659 6842 7054 7420 7616 7681 7762 7841 7921 8053 8084 8244 8257 8405 8471 8500 8648 8873 9080 9101 9263 9506 9536 9706 9915 9935 9968 10048 10081 10258 10480 10586 10606 10793 11011 11065 11188 11502 11578 12112 12131 12354 12408 12427 12443 12675 12784 12876 12958 13027 13087 13201 13207 13386 13395 13533 13547 13565 13680 13681 13694 13695 13761 13782 13912 14068 14120 14171 14516 14567 14611 14652 14696 14814 14848 15030 15104 15293 15324 15427 15464 15483 15497 15535 15606 15635 15731 15825 15863 15974 16008 16161 16390 16560 16681 16753 16767 16800 16932 17009 17013 17056 17077 17084 17103 17220 17265 17406 17424 17435 17447 17491 17521 17736 17800 17895 17935 17988 18256 18269 18275 18416 18462 18682 18700 18814 18831 18884 18961 18967 18999 19035 19329 19431 19436 19531 19661
199 140 486 670 679 799 969 995 1025 1141 1161 1426 1443 1557 1579 1640 1858 1859 2041 2270 2315 2517 2639 2722 2777 2847 3017 3033 3125 3179 3324 3397 3570 3633 3666 3680 3773 3798 3805 3829 3898 3972 4086 4133 4196 4367 4386 4467 4531 4550 4562 4704 4779 4876 4888 4916 4918 4929 4940 5268 5284 5303 5393 5433 5526 5608 5637 5961 6229 6619 6680 6771 6975 6979 7090 7137 7402 7959 8169 8318 8325 8496 8744 8790 8883 8899 9207 9292 9306 9308 9407 9457 9594 9605 9961 10334 10387 10392 10453 10548 10603 10830 10857 10876 10933 10975 11207 11221 11246 11608 11691 11798 11799 11816 11916 11941 12169 12172 12237 12250 12288 12471 12543 12623 12650 12676 12841 12901 12934 13013 13028 13073 13085 13284 13565 13695 13814 13941 14013 14067 14181 14424 14505 14511 14534 14545 14590 14795 15068 15101 15372 15396 15492 15895 16106 16207 16212 16254 16274 16354 16681 16689 16842 16852 16895 17251 17293 17557 17634 17824 17835 17893 17964 18005 18042 18081 18169 18333 18378 18386 18463 18558 18581 18633 18642 18736 18771 18827 18902 19045 19393 19441 19461 19625 19731 19746 19767 19857 19936 19961
194 159 305 373 562 569 744 778 827 1264 1382 1399 1471 1545 1546 1763 2034 2118 2120 2148 2212 2277 2289 2302 2370 2426 2486 2856 2903 3136 3213 3330 3384 3667 3745 3784 4206 4293 4296 4394 4407 4480 4510 4638 4693 4723 4741 4774 4878 5128 5357 5372 5481 5632 5713 5745 5752 6053 6076 6079 6399 6464 6761 6798 7038 7077 7153 7541 7554 7688 7756 7774 7800 7850 7876 7949 7999 8064 8149 8253 8342 8418 8422 8456 8606 8787 8847 8922 9032 9332 9550 9603 9719 9779 9919 10035 10259 10343 10396 10530 10673 10757 11219 11258 11541 11602 11736 11774 11979 12222 12371 12531 12576 12867 12943 13236 13396 13433 13491 13560 13606 13648 13663 13712 13889 13925 13944 14079 14176 14335 14399 14410 14438 14450 14452 14473 14610 14672 14761 14908 15011 15150 15218 15226 15244 15266 15302 15340 15499 15615 15710 15802 16053 16074 16215 16356 16416 16460 16658 16712 17033 17097 17130 17172 17207 17235 17300 17334 17408 17608 17752 17858 17870 18113 18145 18208 18296 18354 18358 18432 18723 18752 18868 18967 18993 19027 19052 19138 19146 19173 19282 19370 19388 19789 19951
216 120 148 153 247 263 311 329 382 422 451 573 702 729 750 1100 1195 1359 1418 1478 1622 1676 1706 1724 1752 1781 2129 2200 2317 2389 2434 2527 2600 2624 2651 2742 2760 2806 3091 3249 3362 3364 3582 3684 3862 3870 4199 4224 4286 4318 4325 4330 4520 4610 4628 4647 4662 4691 4710 4719 4999 5077 5138 5159 5166 5285 5384 5436 5444 5574 5660 6269 6372 6424 6441 6533 6596 6894 6904 6928 6929 6932 6977 7026 7064 7076 7255 7283 7326 7340 7517 7629 7932 8094 8310 8424 8545 8589 8629 8630 8791 8817 8868 8904 9076 9151 9197 9216 9303 9446 9532 9649 9677 9875 9894 9910 9993 10024 10075 10291 10318 10330 10391 10485 10581 10644 10684 10715 10738 11045 11119 11147 11157 11217 11424 11463 11536 11651 11657 11770 11926 11928 11996 12029 12208 12437 12448 12485 12561 12591 12790 12826 12984 13063 13251 13442 13598 13872 14003 14013 14119 14571 14615 14720 14752 14921 14975 15136 15210 15354 15467 15609 15691 15972 16078 16137 16147 16411 16624 16633 16717 16786 16809 16882 16917 17121 17246 17366 17373 17416 17472 17610 17623 17896 17942 17967 18022 18210 18231 18265 18314 18363 18560 18739 18797 18984 18993 19000 19007 19163 19222 19366 19398 19421 19469 19499 19767
192 84 203 209 222 379 604 632 676 768 879 892 907 915 921 1103 1252 1359 1420 1556 1580 1729 1889 1940 1960 2062 2655 2681 2730 3385 3390 3445 3711 3712 3752 3874 4580 4616 4740 4844 4927 5148 5262 5420 5436 5487 5531 5542 5822 6116 6235 6241 6358 6586 6720 6830 6894 6899 7030 7105 7278 7413 7438 7583 7869 7947 7971 8141 8276 8305 8346 8414 8456 8462 8501 8889 8892 8937 9031 9290 9297 9319 9397 9398 9458 9515 9732 9906 10050 10176 10220 10320 10329 10508 10513 10867 10880 10902 11005 11019 11020 11099 11136 11196 11369 11514 11734 11741 11782 11853 12000 12148 12584 12696 12703 12816 13065 13089 13118 13227 13391 13427 13487 13782 13867 13875 14075 14091 14126 14147 14309 14589 14733 14766 14796 14894 14928 14997 15177 15184 15236 15305 15337 15408 15453 15639 15725 15754 15936 15941 16049 16070 16119 16425 16576 16681 16743 16747 16832 16856 17010 17122 17165 17201 17453 17507 17550 17555 17568 17768 17921 18021 18070 18132 18206 18224 18286 18411 18466 18468 18619 18771 18796 19009 19111 19292 19376 19544 19569 19623 19889 19923 19975
229 102 308 331 334 388 429 695 802 819 824 836 906 981 1243 1372 1599 1860 1879 1960 2135 2146 2148 2277 2315 2445 2568 2651 2666 2966 3033 3044 3056 3070 3110 3285 3291 3296 3425 3429 3546 3734 3751 3760 3866 4330 4375 4395 4418 4535 4704 4747 4941 4957 5000 5001 5057 5063 5187 5287 5339 5356 5367 5393 5441 5489 5587 5649 5945 6089 6115 6139 6160 6438 6505 6565 6672 6765 6788 6844 7214 7260 7370 7469 7539 7628 7735 7780 7961 8133 8201 8230 8342 8385 8531 8601 8611 8678 8710 8716 8800 8866 8986 9066 9078 9202 9254 9299 9398 9634 9704 9860 9971 10123 10157 10302 10619 10639 11046 11080 11138 11147 11168 11191 11214 11215 11250 11396 11574 11622 11820 11823 11911 11937 11978 12052 12099 12260 12302 12307 12332 12424 12427 12449 12512 12542 12653 12735 13057 13242 13280 13558 13597 13681 13768 13816 13825 13833 13931 13961 13974 14112 14229 14268 14298 14376 14463 14624 14632 14660 14805 14890 15127 15206 15245 15382 15417 15495 15560 15594 15652 15670 15756 15967 16196 16228 16343 16353 16357 16467 16486 16725 16862 16887 16986 17256 17270 17373 17422 17424 17466 17499 17542 17697 17776 17850 17862 17874 18201 18441 18502 18545 18687 18708 18724 18733 18825 18861 18882 18958 18974 18994 19093 19213 19216 19283 19585 19634 19798 19893
197 78 159 220 337 633 686 721 736 852 900 970 1012 1365 1579 1923 2171 2383 2391 2488 2639 2697 2721 2744 2941 2957 2958 3281 3328 3384 3480 3684 3804 3806 3882 4036 4240 4255 4496 4560 4624 4716 4869 5002 5013 5050 5055 5198 5264 5575 5581 5639 5728 5784 6262 6310 6355 6388 6443 6453 6622 6631 6708 6788 7051 7227 7253 7285 7304 7358 7364 7451 7516 7661 7724 7771 7940 7956 7990 8299 8301 8341 8436 8725 8736 8824 9207 9217 9329 9553 9606 9632 9673 9779 9799 9876 9919 10085 10615 10954 11001 11004 11129 11165 11421 11427 11549 11577 11760 11796 11809 11871 12107 12192 12267 12560 12606 12936 13012 13050 13256 13264 13271 13305 13354 13479 13854 13864 13867 13955 14116 14152 14185 14215 14271 14346 14403 14415 14517 14567 14666 14698 14753 14850 14934 15037 15278 15320 15383 15576 15589 15663 15745 15797 15820 15895 15903 16006 16027 16090 16163 16332 16404 16476 16497 16567 16656 16682 16886 17036 17074 17195 17341 17522 17813 17926 18186 18190 18253 18282 18612 18781 18814 18850 18879 18952 18972 19026 19041 19224 19278 19448 19456 19592 19604 19826 19878 19980
214